"","id","verb","tense","target_object","question","focus","ranked_object","Ranking","subject","ranked_object_recoded"
"1","5f85a51cadc3ff03ac5e395f","Contact","Present","tomato","Rate","NotFocus","the brick","1",NA,"falling object"
"2","5f85a51cadc3ff03ac5e395f","Contact","Present","tomato","Rate","NotFocus","the tomato","2",NA,"target object"
"3","5f85a51cadc3ff03ac5e395f","Contact","Past","tomato","Rate","NotFocus","the brick","1",NA,"falling object"
"4","5f85a51cadc3ff03ac5e395f","Contact","Past","tomato","Rate","NotFocus","the tomato","2",NA,"target object"
"5","5f85a51cadc3ff03ac5e395f","Contact","Present","tomato","Rate","Focus","the brick","1",NA,"falling object"
"6","5f85a51cadc3ff03ac5e395f","Contact","Present","tomato","Rate","Focus","the tomato","2",NA,"target object"
"7","5f85a51cadc3ff03ac5e395f","Contact","Past","muffin","Rate","Focus","the brick","1",NA,"falling object"
"8","5f85a51cadc3ff03ac5e395f","Contact","Past","muffin","Rate","Focus","the muffin","2",NA,"target object"
"9","614235732a911ae28559d9c3","Contact","Present","Blueberry","Rate","NotFocus","the brick","1",NA,"falling object"
"10","614235732a911ae28559d9c3","Contact","Present","Blueberry","Rate","NotFocus","the blueberry","2",NA,"target object"
"11","614235732a911ae28559d9c3","Contact","Past","Blueberry","Rate","NotFocus","the brick","2",NA,"falling object"
"12","614235732a911ae28559d9c3","Contact","Past","Blueberry","Rate","NotFocus","the blueberry","1",NA,"target object"
"13","614235732a911ae28559d9c3","Contact","Present","muffin","Rate","Focus","the brick","1",NA,"falling object"
"14","614235732a911ae28559d9c3","Contact","Present","muffin","Rate","Focus","the muffin","2",NA,"target object"
"15","614235732a911ae28559d9c3","Contact","Past","muffin","Rate","Focus","the brick","2",NA,"falling object"
"16","614235732a911ae28559d9c3","Contact","Past","muffin","Rate","Focus","the muffin","1",NA,"target object"
"17","5fff3183426b8c6c2474c831","Contact","Present","muffin","Rate","NotFocus","the brick","1",NA,"falling object"
"18","5fff3183426b8c6c2474c831","Contact","Present","muffin","Rate","NotFocus","the muffin","2",NA,"target object"
"19","5fff3183426b8c6c2474c831","Contact","Past","muffin","Rate","NotFocus","the brick","1",NA,"falling object"
"20","5fff3183426b8c6c2474c831","Contact","Past","muffin","Rate","NotFocus","the muffin","2",NA,"target object"
"21","5fff3183426b8c6c2474c831","Contact","Present","Blueberry","Rate","Focus","the brick","2",NA,"falling object"
"22","5fff3183426b8c6c2474c831","Contact","Present","Blueberry","Rate","Focus","the blueberry","1",NA,"target object"
"23","5fff3183426b8c6c2474c831","Contact","Past","tomato","Rate","Focus","the brick","2",NA,"falling object"
"24","5fff3183426b8c6c2474c831","Contact","Past","tomato","Rate","Focus","the tomato","1",NA,"target object"
"25","6145dddfa6fcfd396e1f4f1a","Contact","Present","tomato","Rate","NotFocus","the brick","1",NA,"falling object"
"26","6145dddfa6fcfd396e1f4f1a","Contact","Present","tomato","Rate","NotFocus","the tomato","2",NA,"target object"
"27","6145dddfa6fcfd396e1f4f1a","Contact","Past","tomato","Rate","NotFocus","the brick","1",NA,"falling object"
"28","6145dddfa6fcfd396e1f4f1a","Contact","Past","tomato","Rate","NotFocus","the tomato","2",NA,"target object"
"29","6145dddfa6fcfd396e1f4f1a","Contact","Present","tomato","Rate","Focus","the brick","2",NA,"falling object"
"30","6145dddfa6fcfd396e1f4f1a","Contact","Present","tomato","Rate","Focus","the tomato","1",NA,"target object"
"31","6145dddfa6fcfd396e1f4f1a","Contact","Past","Blueberry","Rate","Focus","the brick","1",NA,"falling object"
"32","6145dddfa6fcfd396e1f4f1a","Contact","Past","Blueberry","Rate","Focus","the blueberry","2",NA,"target object"
"33","5f9ee9286057414b687627cd","Contact","Present","tomato","Rate","NotFocus","the brick","1",NA,"falling object"
"34","5f9ee9286057414b687627cd","Contact","Present","tomato","Rate","NotFocus","the tomato","2",NA,"target object"
"35","5f9ee9286057414b687627cd","Contact","Past","tomato","Rate","NotFocus","the brick","1",NA,"falling object"
"36","5f9ee9286057414b687627cd","Contact","Past","tomato","Rate","NotFocus","the tomato","2",NA,"target object"
"37","5f9ee9286057414b687627cd","Contact","Present","tomato","Rate","Focus","the brick","2",NA,"falling object"
"38","5f9ee9286057414b687627cd","Contact","Present","tomato","Rate","Focus","the tomato","1",NA,"target object"
"39","5f9ee9286057414b687627cd","Contact","Past","muffin","Rate","Focus","the brick","2",NA,"falling object"
"40","5f9ee9286057414b687627cd","Contact","Past","muffin","Rate","Focus","the muffin","1",NA,"target object"
"41","5f823478cab272361106d26a","Contact","Present","Blueberry","Rate","NotFocus","the brick","1",NA,"falling object"
"42","5f823478cab272361106d26a","Contact","Present","Blueberry","Rate","NotFocus","the blueberry","2",NA,"target object"
"43","5f823478cab272361106d26a","Contact","Past","muffin","Rate","NotFocus","the brick","1",NA,"falling object"
"44","5f823478cab272361106d26a","Contact","Past","muffin","Rate","NotFocus","the muffin","2",NA,"target object"
"45","5f823478cab272361106d26a","Contact","Present","muffin","Rate","Focus","the brick","2",NA,"falling object"
"46","5f823478cab272361106d26a","Contact","Present","muffin","Rate","Focus","the muffin","1",NA,"target object"
"47","5f823478cab272361106d26a","Contact","Past","Blueberry","Rate","Focus","the brick","2",NA,"falling object"
"48","5f823478cab272361106d26a","Contact","Past","Blueberry","Rate","Focus","the blueberry","1",NA,"target object"
"49","6140ef8d27499e70e8740918","Contact","Present","muffin","Rate","NotFocus","the brick","2",NA,"falling object"
"50","6140ef8d27499e70e8740918","Contact","Present","muffin","Rate","NotFocus","the muffin","1",NA,"target object"
"51","6140ef8d27499e70e8740918","Contact","Past","Blueberry","Rate","NotFocus","the brick","2",NA,"falling object"
"52","6140ef8d27499e70e8740918","Contact","Past","Blueberry","Rate","NotFocus","the blueberry","1",NA,"target object"
"53","6140ef8d27499e70e8740918","Contact","Present","Blueberry","Rate","Focus","the brick","2",NA,"falling object"
"54","6140ef8d27499e70e8740918","Contact","Present","Blueberry","Rate","Focus","the blueberry","1",NA,"target object"
"55","6140ef8d27499e70e8740918","Contact","Past","tomato","Rate","Focus","the brick","1",NA,"falling object"
"56","6140ef8d27499e70e8740918","Contact","Past","tomato","Rate","Focus","the tomato","2",NA,"target object"
"57","6150ca3f37e1fe330f70311d","Contact","Present","tomato","Rate","NotFocus","the brick","2",NA,"falling object"
"58","6150ca3f37e1fe330f70311d","Contact","Present","tomato","Rate","NotFocus","the tomato","1",NA,"target object"
"59","6150ca3f37e1fe330f70311d","Contact","Past","muffin","Rate","NotFocus","the brick","2",NA,"falling object"
"60","6150ca3f37e1fe330f70311d","Contact","Past","muffin","Rate","NotFocus","the muffin","1",NA,"target object"
"61","6150ca3f37e1fe330f70311d","Contact","Present","Blueberry","Rate","Focus","the brick","2",NA,"falling object"
"62","6150ca3f37e1fe330f70311d","Contact","Present","Blueberry","Rate","Focus","the blueberry","1",NA,"target object"
"63","6150ca3f37e1fe330f70311d","Contact","Past","muffin","Rate","Focus","the brick","1",NA,"falling object"
"64","6150ca3f37e1fe330f70311d","Contact","Past","muffin","Rate","Focus","the muffin","2",NA,"target object"
"65","6171312b4f75ea6a71c23125","Contact","Present","Blueberry","Rate","NotFocus","the brick","1",NA,"falling object"
"66","6171312b4f75ea6a71c23125","Contact","Present","Blueberry","Rate","NotFocus","the blueberry","2",NA,"target object"
"67","6171312b4f75ea6a71c23125","Contact","Past","Blueberry","Rate","NotFocus","the brick","2",NA,"falling object"
"68","6171312b4f75ea6a71c23125","Contact","Past","Blueberry","Rate","NotFocus","the blueberry","1",NA,"target object"
"69","6171312b4f75ea6a71c23125","Contact","Present","muffin","Rate","Focus","the brick","2",NA,"falling object"
"70","6171312b4f75ea6a71c23125","Contact","Present","muffin","Rate","Focus","the muffin","1",NA,"target object"
"71","6171312b4f75ea6a71c23125","Contact","Past","tomato","Rate","Focus","the brick","2",NA,"falling object"
"72","6171312b4f75ea6a71c23125","Contact","Past","tomato","Rate","Focus","the tomato","1",NA,"target object"
"73","60dae7c2730e385327295c3c","Contact","Present","muffin","Rate","NotFocus","the brick","2",NA,"falling object"
"74","60dae7c2730e385327295c3c","Contact","Present","muffin","Rate","NotFocus","the muffin","1",NA,"target object"
"75","60dae7c2730e385327295c3c","Contact","Past","tomato","Rate","NotFocus","the brick","2",NA,"falling object"
"76","60dae7c2730e385327295c3c","Contact","Past","tomato","Rate","NotFocus","the tomato","1",NA,"target object"
"77","60dae7c2730e385327295c3c","Contact","Present","tomato","Rate","Focus","the brick","2",NA,"falling object"
"78","60dae7c2730e385327295c3c","Contact","Present","tomato","Rate","Focus","the tomato","1",NA,"target object"
"79","60dae7c2730e385327295c3c","Contact","Past","Blueberry","Rate","Focus","the brick","2",NA,"falling object"
"80","60dae7c2730e385327295c3c","Contact","Past","Blueberry","Rate","Focus","the blueberry","1",NA,"target object"
"81","609a7d5287ca8fb83e0780d4","Contact","Present","tomato","Rate","NotFocus","the brick","1",NA,"falling object"
"82","609a7d5287ca8fb83e0780d4","Contact","Present","tomato","Rate","NotFocus","the tomato","2",NA,"target object"
"83","609a7d5287ca8fb83e0780d4","Contact","Past","Blueberry","Rate","NotFocus","the brick","1",NA,"falling object"
"84","609a7d5287ca8fb83e0780d4","Contact","Past","Blueberry","Rate","NotFocus","the blueberry","2",NA,"target object"
"85","609a7d5287ca8fb83e0780d4","Contact","Present","tomato","Rate","Focus","the brick","1",NA,"falling object"
"86","609a7d5287ca8fb83e0780d4","Contact","Present","tomato","Rate","Focus","the tomato","2",NA,"target object"
"87","609a7d5287ca8fb83e0780d4","Contact","Past","tomato","Rate","Focus","the brick","1",NA,"falling object"
"88","609a7d5287ca8fb83e0780d4","Contact","Past","tomato","Rate","Focus","the tomato","2",NA,"target object"
"89","5f2af8a288f11d4765bb31d0","Contact","Present","Blueberry","Rate","NotFocus","the brick","1",NA,"falling object"
"90","5f2af8a288f11d4765bb31d0","Contact","Present","Blueberry","Rate","NotFocus","the blueberry","2",NA,"target object"
"91","5f2af8a288f11d4765bb31d0","Contact","Past","muffin","Rate","NotFocus","the brick","1",NA,"falling object"
"92","5f2af8a288f11d4765bb31d0","Contact","Past","muffin","Rate","NotFocus","the muffin","2",NA,"target object"
"93","5f2af8a288f11d4765bb31d0","Contact","Present","muffin","Rate","Focus","the brick","2",NA,"falling object"
"94","5f2af8a288f11d4765bb31d0","Contact","Present","muffin","Rate","Focus","the muffin","1",NA,"target object"
"95","5f2af8a288f11d4765bb31d0","Contact","Past","muffin","Rate","Focus","the brick","2",NA,"falling object"
"96","5f2af8a288f11d4765bb31d0","Contact","Past","muffin","Rate","Focus","the muffin","1",NA,"target object"
"97","606c7d27f4f3ae688332a55d","Contact","Present","muffin","Rate","NotFocus","the brick","1",NA,"falling object"
"98","606c7d27f4f3ae688332a55d","Contact","Present","muffin","Rate","NotFocus","the muffin","2",NA,"target object"
"99","606c7d27f4f3ae688332a55d","Contact","Past","tomato","Rate","NotFocus","the brick","1",NA,"falling object"
"100","606c7d27f4f3ae688332a55d","Contact","Past","tomato","Rate","NotFocus","the tomato","2",NA,"target object"
"101","606c7d27f4f3ae688332a55d","Contact","Present","Blueberry","Rate","Focus","the brick","2",NA,"falling object"
"102","606c7d27f4f3ae688332a55d","Contact","Present","Blueberry","Rate","Focus","the blueberry","1",NA,"target object"
"103","606c7d27f4f3ae688332a55d","Contact","Past","Blueberry","Rate","Focus","the brick","2",NA,"falling object"
"104","606c7d27f4f3ae688332a55d","Contact","Past","Blueberry","Rate","Focus","the blueberry","1",NA,"target object"
"105","5f9d4a9335e325252a9715a4","Contact","Present","tomato","Rate","NotFocus","the brick","2",NA,"falling object"
"106","5f9d4a9335e325252a9715a4","Contact","Present","tomato","Rate","NotFocus","the tomato","1",NA,"target object"
"107","5f9d4a9335e325252a9715a4","Contact","Past","muffin","Rate","NotFocus","the brick","1",NA,"falling object"
"108","5f9d4a9335e325252a9715a4","Contact","Past","muffin","Rate","NotFocus","the muffin","2",NA,"target object"
"109","5f9d4a9335e325252a9715a4","Contact","Present","Blueberry","Rate","Focus","the brick","2",NA,"falling object"
"110","5f9d4a9335e325252a9715a4","Contact","Present","Blueberry","Rate","Focus","the blueberry","1",NA,"target object"
"111","5f9d4a9335e325252a9715a4","Contact","Past","Blueberry","Rate","Focus","the brick","2",NA,"falling object"
"112","5f9d4a9335e325252a9715a4","Contact","Past","Blueberry","Rate","Focus","the blueberry","1",NA,"target object"
"113","5d16539382c22b00155d9254","Contact","Present","Blueberry","Rate","NotFocus","the brick","1",NA,"falling object"
"114","5d16539382c22b00155d9254","Contact","Present","Blueberry","Rate","NotFocus","the blueberry","2",NA,"target object"
"115","5d16539382c22b00155d9254","Contact","Past","tomato","Rate","NotFocus","the brick","1",NA,"falling object"
"116","5d16539382c22b00155d9254","Contact","Past","tomato","Rate","NotFocus","the tomato","2",NA,"target object"
"117","5d16539382c22b00155d9254","Contact","Present","tomato","Rate","Focus","the brick","2",NA,"falling object"
"118","5d16539382c22b00155d9254","Contact","Present","tomato","Rate","Focus","the tomato","1",NA,"target object"
"119","5d16539382c22b00155d9254","Contact","Past","tomato","Rate","Focus","the brick","2",NA,"falling object"
"120","5d16539382c22b00155d9254","Contact","Past","tomato","Rate","Focus","the tomato","1",NA,"target object"
"121","5dd46163c0823f4503b59566","Contact","Present","muffin","Rate","NotFocus","the brick","1",NA,"falling object"
"122","5dd46163c0823f4503b59566","Contact","Present","muffin","Rate","NotFocus","the muffin","2",NA,"target object"
"123","5dd46163c0823f4503b59566","Contact","Past","Blueberry","Rate","NotFocus","the brick","2",NA,"falling object"
"124","5dd46163c0823f4503b59566","Contact","Past","Blueberry","Rate","NotFocus","the blueberry","1",NA,"target object"
"125","5dd46163c0823f4503b59566","Contact","Present","Blueberry","Rate","Focus","the brick","2",NA,"falling object"
"126","5dd46163c0823f4503b59566","Contact","Present","Blueberry","Rate","Focus","the blueberry","1",NA,"target object"
"127","5dd46163c0823f4503b59566","Contact","Past","muffin","Rate","Focus","the brick","2",NA,"falling object"
"128","5dd46163c0823f4503b59566","Contact","Past","muffin","Rate","Focus","the muffin","1",NA,"target object"
"129","604f61b6c342bcf27f6f0027","Contact","Present","tomato","Rate","NotFocus","the brick","2",NA,"falling object"
"130","604f61b6c342bcf27f6f0027","Contact","Present","tomato","Rate","NotFocus","the tomato","1",NA,"target object"
"131","604f61b6c342bcf27f6f0027","Contact","Past","Blueberry","Rate","NotFocus","the brick","2",NA,"falling object"
"132","604f61b6c342bcf27f6f0027","Contact","Past","Blueberry","Rate","NotFocus","the blueberry","1",NA,"target object"
"133","604f61b6c342bcf27f6f0027","Contact","Present","Blueberry","Rate","Focus","the brick","2",NA,"falling object"
"134","604f61b6c342bcf27f6f0027","Contact","Present","Blueberry","Rate","Focus","the blueberry","1",NA,"target object"
"135","604f61b6c342bcf27f6f0027","Contact","Past","muffin","Rate","Focus","the brick","2",NA,"falling object"
"136","604f61b6c342bcf27f6f0027","Contact","Past","muffin","Rate","Focus","the muffin","1",NA,"target object"
"137","5f03993af1a82a5c4988eabf","Contact","Present","muffin","Rate","NotFocus","the brick","2",NA,"falling object"
"138","5f03993af1a82a5c4988eabf","Contact","Present","muffin","Rate","NotFocus","the muffin","1",NA,"target object"
"139","5f03993af1a82a5c4988eabf","Contact","Past","tomato","Rate","NotFocus","the brick","2",NA,"falling object"
"140","5f03993af1a82a5c4988eabf","Contact","Past","tomato","Rate","NotFocus","the tomato","1",NA,"target object"
"141","5f03993af1a82a5c4988eabf","Contact","Present","muffin","Rate","Focus","the brick","2",NA,"falling object"
"142","5f03993af1a82a5c4988eabf","Contact","Present","muffin","Rate","Focus","the muffin","1",NA,"target object"
"143","5f03993af1a82a5c4988eabf","Contact","Past","tomato","Rate","Focus","the brick","2",NA,"falling object"
"144","5f03993af1a82a5c4988eabf","Contact","Past","tomato","Rate","Focus","the tomato","1",NA,"target object"
"145","5cdb0b34c5acb3000136c907","Contact","Present","Blueberry","Rate","NotFocus","the brick","2",NA,"falling object"
"146","5cdb0b34c5acb3000136c907","Contact","Present","Blueberry","Rate","NotFocus","the blueberry","1",NA,"target object"
"147","5cdb0b34c5acb3000136c907","Contact","Past","tomato","Rate","NotFocus","the brick","2",NA,"falling object"
"148","5cdb0b34c5acb3000136c907","Contact","Past","tomato","Rate","NotFocus","the tomato","1",NA,"target object"
"149","5cdb0b34c5acb3000136c907","Contact","Present","muffin","Rate","Focus","the brick","2",NA,"falling object"
"150","5cdb0b34c5acb3000136c907","Contact","Present","muffin","Rate","Focus","the muffin","1",NA,"target object"
"151","5cdb0b34c5acb3000136c907","Contact","Past","Blueberry","Rate","Focus","the brick","2",NA,"falling object"
"152","5cdb0b34c5acb3000136c907","Contact","Past","Blueberry","Rate","Focus","the blueberry","1",NA,"target object"
"153","6111619298b13af4d44cf090","Contact","Present","muffin","Rate","NotFocus","the brick","1",NA,"falling object"
"154","6111619298b13af4d44cf090","Contact","Present","muffin","Rate","NotFocus","the muffin","2",NA,"target object"
"155","6111619298b13af4d44cf090","Contact","Past","tomato","Rate","NotFocus","the brick","2",NA,"falling object"
"156","6111619298b13af4d44cf090","Contact","Past","tomato","Rate","NotFocus","the tomato","1",NA,"target object"
"157","6111619298b13af4d44cf090","Contact","Present","muffin","Rate","Focus","the brick","1",NA,"falling object"
"158","6111619298b13af4d44cf090","Contact","Present","muffin","Rate","Focus","the muffin","2",NA,"target object"
"159","6111619298b13af4d44cf090","Contact","Past","Blueberry","Rate","Focus","the brick","2",NA,"falling object"
"160","6111619298b13af4d44cf090","Contact","Past","Blueberry","Rate","Focus","the blueberry","1",NA,"target object"
"161","5acb63b2fa3b4e000173ad98","Contact","Present","Blueberry","Rate","NotFocus","the brick","2",NA,"falling object"
"162","5acb63b2fa3b4e000173ad98","Contact","Present","Blueberry","Rate","NotFocus","the blueberry","1",NA,"target object"
"163","5acb63b2fa3b4e000173ad98","Contact","Past","muffin","Rate","NotFocus","the brick","2",NA,"falling object"
"164","5acb63b2fa3b4e000173ad98","Contact","Past","muffin","Rate","NotFocus","the muffin","1",NA,"target object"
"165","5acb63b2fa3b4e000173ad98","Contact","Present","tomato","Rate","Focus","the brick","2",NA,"falling object"
"166","5acb63b2fa3b4e000173ad98","Contact","Present","tomato","Rate","Focus","the tomato","1",NA,"target object"
"167","5acb63b2fa3b4e000173ad98","Contact","Past","tomato","Rate","Focus","the brick","2",NA,"falling object"
"168","5acb63b2fa3b4e000173ad98","Contact","Past","tomato","Rate","Focus","the tomato","1",NA,"target object"
"169","60c4a49f823e3faceb51be96","Contact","Present","tomato","Rate","NotFocus","the brick","1",NA,"falling object"
"170","60c4a49f823e3faceb51be96","Contact","Present","tomato","Rate","NotFocus","the tomato","2",NA,"target object"
"171","60c4a49f823e3faceb51be96","Contact","Past","muffin","Rate","NotFocus","the brick","1",NA,"falling object"
"172","60c4a49f823e3faceb51be96","Contact","Past","muffin","Rate","NotFocus","the muffin","2",NA,"target object"
"173","60c4a49f823e3faceb51be96","Contact","Present","tomato","Rate","Focus","the brick","2",NA,"falling object"
"174","60c4a49f823e3faceb51be96","Contact","Present","tomato","Rate","Focus","the tomato","1",NA,"target object"
"175","60c4a49f823e3faceb51be96","Contact","Past","muffin","Rate","Focus","the brick","1",NA,"falling object"
"176","60c4a49f823e3faceb51be96","Contact","Past","muffin","Rate","Focus","the muffin","2",NA,"target object"
"177","6050def7e8e7c6c1efb45fac","Contact","Present","Blueberry","Rate","NotFocus","the brick","1",NA,"falling object"
"178","6050def7e8e7c6c1efb45fac","Contact","Present","Blueberry","Rate","NotFocus","the blueberry","2",NA,"target object"
"179","6050def7e8e7c6c1efb45fac","Contact","Past","Blueberry","Rate","NotFocus","the brick","1",NA,"falling object"
"180","6050def7e8e7c6c1efb45fac","Contact","Past","Blueberry","Rate","NotFocus","the blueberry","2",NA,"target object"
"181","6050def7e8e7c6c1efb45fac","Contact","Present","tomato","Rate","Focus","the brick","2",NA,"falling object"
"182","6050def7e8e7c6c1efb45fac","Contact","Present","tomato","Rate","Focus","the tomato","1",NA,"target object"
"183","6050def7e8e7c6c1efb45fac","Contact","Past","tomato","Rate","Focus","the brick","2",NA,"falling object"
"184","6050def7e8e7c6c1efb45fac","Contact","Past","tomato","Rate","Focus","the tomato","1",NA,"target object"
"185","614f8321333460db43b7f229","Contact","Present","Blueberry","Rate","NotFocus","the brick","1",NA,"falling object"
"186","614f8321333460db43b7f229","Contact","Present","Blueberry","Rate","NotFocus","the blueberry","2",NA,"target object"
"187","614f8321333460db43b7f229","Contact","Past","tomato","Rate","NotFocus","the brick","1",NA,"falling object"
"188","614f8321333460db43b7f229","Contact","Past","tomato","Rate","NotFocus","the tomato","2",NA,"target object"
"189","614f8321333460db43b7f229","Contact","Present","muffin","Rate","Focus","the brick","1",NA,"falling object"
"190","614f8321333460db43b7f229","Contact","Present","muffin","Rate","Focus","the muffin","2",NA,"target object"
"191","614f8321333460db43b7f229","Contact","Past","Blueberry","Rate","Focus","the brick","1",NA,"falling object"
"192","614f8321333460db43b7f229","Contact","Past","Blueberry","Rate","Focus","the blueberry","2",NA,"target object"
"193","582a0f48429e67000168cef9","Contact","Present","tomato","Rate","NotFocus","the brick","1",NA,"falling object"
"194","582a0f48429e67000168cef9","Contact","Present","tomato","Rate","NotFocus","the tomato","2",NA,"target object"
"195","582a0f48429e67000168cef9","Contact","Past","muffin","Rate","NotFocus","the brick","1",NA,"falling object"
"196","582a0f48429e67000168cef9","Contact","Past","muffin","Rate","NotFocus","the muffin","2",NA,"target object"
"197","582a0f48429e67000168cef9","Contact","Present","Blueberry","Rate","Focus","the brick","1",NA,"falling object"
"198","582a0f48429e67000168cef9","Contact","Present","Blueberry","Rate","Focus","the blueberry","2",NA,"target object"
"199","582a0f48429e67000168cef9","Contact","Past","Blueberry","Rate","Focus","the brick","2",NA,"falling object"
"200","582a0f48429e67000168cef9","Contact","Past","Blueberry","Rate","Focus","the blueberry","1",NA,"target object"
"201","5eaf3e142627076426921b1b","Contact","Present","tomato","Rate","NotFocus","the brick","2",NA,"falling object"
"202","5eaf3e142627076426921b1b","Contact","Present","tomato","Rate","NotFocus","the tomato","1",NA,"target object"
"203","5eaf3e142627076426921b1b","Contact","Past","muffin","Rate","NotFocus","the brick","2",NA,"falling object"
"204","5eaf3e142627076426921b1b","Contact","Past","muffin","Rate","NotFocus","the muffin","1",NA,"target object"
"205","5eaf3e142627076426921b1b","Contact","Present","Blueberry","Rate","Focus","the brick","2",NA,"falling object"
"206","5eaf3e142627076426921b1b","Contact","Present","Blueberry","Rate","Focus","the blueberry","1",NA,"target object"
"207","5eaf3e142627076426921b1b","Contact","Past","tomato","Rate","Focus","the brick","2",NA,"falling object"
"208","5eaf3e142627076426921b1b","Contact","Past","tomato","Rate","Focus","the tomato","1",NA,"target object"
"209","5c549c6372fd9000018b5968","Contact","Present","muffin","Rate","NotFocus","the brick","2",NA,"falling object"
"210","5c549c6372fd9000018b5968","Contact","Present","muffin","Rate","NotFocus","the muffin","1",NA,"target object"
"211","5c549c6372fd9000018b5968","Contact","Past","tomato","Rate","NotFocus","the brick","1",NA,"falling object"
"212","5c549c6372fd9000018b5968","Contact","Past","tomato","Rate","NotFocus","the tomato","2",NA,"target object"
"213","5c549c6372fd9000018b5968","Contact","Present","Blueberry","Rate","Focus","the brick","1",NA,"falling object"
"214","5c549c6372fd9000018b5968","Contact","Present","Blueberry","Rate","Focus","the blueberry","2",NA,"target object"
"215","5c549c6372fd9000018b5968","Contact","Past","muffin","Rate","Focus","the brick","1",NA,"falling object"
"216","5c549c6372fd9000018b5968","Contact","Past","muffin","Rate","Focus","the muffin","2",NA,"target object"
"217","5ef48ebd234db60612e99516","Contact","Present","tomato","Rate","NotFocus","the brick","1",NA,"falling object"
"218","5ef48ebd234db60612e99516","Contact","Present","tomato","Rate","NotFocus","the tomato","2",NA,"target object"
"219","5ef48ebd234db60612e99516","Contact","Past","Blueberry","Rate","NotFocus","the brick","1",NA,"falling object"
"220","5ef48ebd234db60612e99516","Contact","Past","Blueberry","Rate","NotFocus","the blueberry","2",NA,"target object"
"221","5ef48ebd234db60612e99516","Contact","Present","tomato","Rate","Focus","the brick","2",NA,"falling object"
"222","5ef48ebd234db60612e99516","Contact","Present","tomato","Rate","Focus","the tomato","1",NA,"target object"
"223","5ef48ebd234db60612e99516","Contact","Past","Blueberry","Rate","Focus","the brick","2",NA,"falling object"
"224","5ef48ebd234db60612e99516","Contact","Past","Blueberry","Rate","Focus","the blueberry","1",NA,"target object"
"225","60512fdbba1a7d95abaab18c","Contact","Present","muffin","Rate","NotFocus","the brick","2",NA,"falling object"
"226","60512fdbba1a7d95abaab18c","Contact","Present","muffin","Rate","NotFocus","the muffin","1",NA,"target object"
"227","60512fdbba1a7d95abaab18c","Contact","Past","muffin","Rate","NotFocus","the brick","1",NA,"falling object"
"228","60512fdbba1a7d95abaab18c","Contact","Past","muffin","Rate","NotFocus","the muffin","2",NA,"target object"
"229","60512fdbba1a7d95abaab18c","Contact","Present","Blueberry","Rate","Focus","the brick","2",NA,"falling object"
"230","60512fdbba1a7d95abaab18c","Contact","Present","Blueberry","Rate","Focus","the blueberry","1",NA,"target object"
"231","60512fdbba1a7d95abaab18c","Contact","Past","muffin","Rate","Focus","the brick","1",NA,"falling object"
"232","60512fdbba1a7d95abaab18c","Contact","Past","muffin","Rate","Focus","the muffin","2",NA,"target object"
"233","5cf8012a542f5400196a1493","Contact","Present","muffin","Rate","NotFocus","the brick","1",NA,"falling object"
"234","5cf8012a542f5400196a1493","Contact","Present","muffin","Rate","NotFocus","the muffin","2",NA,"target object"
"235","5cf8012a542f5400196a1493","Contact","Past","Blueberry","Rate","NotFocus","the brick","1",NA,"falling object"
"236","5cf8012a542f5400196a1493","Contact","Past","Blueberry","Rate","NotFocus","the blueberry","2",NA,"target object"
"237","5cf8012a542f5400196a1493","Contact","Present","tomato","Rate","Focus","the brick","2",NA,"falling object"
"238","5cf8012a542f5400196a1493","Contact","Present","tomato","Rate","Focus","the tomato","1",NA,"target object"
"239","5cf8012a542f5400196a1493","Contact","Past","muffin","Rate","Focus","the brick","2",NA,"falling object"
"240","5cf8012a542f5400196a1493","Contact","Past","muffin","Rate","Focus","the muffin","1",NA,"target object"
"241","5ec2c68c3542420e2de60387","Contact","Present","Blueberry","Rate","NotFocus","the brick","2",NA,"falling object"
"242","5ec2c68c3542420e2de60387","Contact","Present","Blueberry","Rate","NotFocus","the blueberry","1",NA,"target object"
"243","5ec2c68c3542420e2de60387","Contact","Past","tomato","Rate","NotFocus","the brick","2",NA,"falling object"
"244","5ec2c68c3542420e2de60387","Contact","Past","tomato","Rate","NotFocus","the tomato","1",NA,"target object"
"245","5ec2c68c3542420e2de60387","Contact","Present","muffin","Rate","Focus","the brick","1",NA,"falling object"
"246","5ec2c68c3542420e2de60387","Contact","Present","muffin","Rate","Focus","the muffin","2",NA,"target object"
"247","5ec2c68c3542420e2de60387","Contact","Past","tomato","Rate","Focus","the brick","2",NA,"falling object"
"248","5ec2c68c3542420e2de60387","Contact","Past","tomato","Rate","Focus","the tomato","1",NA,"target object"
"249","6069f5c6549775665716f04c","Contact","Present","Blueberry","Rate","NotFocus","the brick","1",NA,"falling object"
"250","6069f5c6549775665716f04c","Contact","Present","Blueberry","Rate","NotFocus","the blueberry","2",NA,"target object"
"251","6069f5c6549775665716f04c","Contact","Past","muffin","Rate","NotFocus","the brick","1",NA,"falling object"
"252","6069f5c6549775665716f04c","Contact","Past","muffin","Rate","NotFocus","the muffin","2",NA,"target object"
"253","6069f5c6549775665716f04c","Contact","Present","muffin","Rate","Focus","the brick","1",NA,"falling object"
"254","6069f5c6549775665716f04c","Contact","Present","muffin","Rate","Focus","the muffin","2",NA,"target object"
"255","6069f5c6549775665716f04c","Contact","Past","tomato","Rate","Focus","the brick","1",NA,"falling object"
"256","6069f5c6549775665716f04c","Contact","Past","tomato","Rate","Focus","the tomato","2",NA,"target object"
"257","5ffcc820426b8c19e80f397a","Contact","Present","tomato","Rate","NotFocus","the brick","1",NA,"falling object"
"258","5ffcc820426b8c19e80f397a","Contact","Present","tomato","Rate","NotFocus","the tomato","2",NA,"target object"
"259","5ffcc820426b8c19e80f397a","Contact","Past","Blueberry","Rate","NotFocus","the brick","1",NA,"falling object"
"260","5ffcc820426b8c19e80f397a","Contact","Past","Blueberry","Rate","NotFocus","the blueberry","2",NA,"target object"
"261","5ffcc820426b8c19e80f397a","Contact","Present","tomato","Rate","Focus","the brick","2",NA,"falling object"
"262","5ffcc820426b8c19e80f397a","Contact","Present","tomato","Rate","Focus","the tomato","1",NA,"target object"
"263","5ffcc820426b8c19e80f397a","Contact","Past","Blueberry","Rate","Focus","the brick","1",NA,"falling object"
"264","5ffcc820426b8c19e80f397a","Contact","Past","Blueberry","Rate","Focus","the blueberry","2",NA,"target object"
"265","5ea5a9df788bae58eb1bb32f","Contact","Present","tomato","Rate","NotFocus","the brick","1",NA,"falling object"
"266","5ea5a9df788bae58eb1bb32f","Contact","Present","tomato","Rate","NotFocus","the tomato","2",NA,"target object"
"267","5ea5a9df788bae58eb1bb32f","Contact","Past","Blueberry","Rate","NotFocus","the brick","1",NA,"falling object"
"268","5ea5a9df788bae58eb1bb32f","Contact","Past","Blueberry","Rate","NotFocus","the blueberry","2",NA,"target object"
"269","5ea5a9df788bae58eb1bb32f","Contact","Present","Blueberry","Rate","Focus","the brick","2",NA,"falling object"
"270","5ea5a9df788bae58eb1bb32f","Contact","Present","Blueberry","Rate","Focus","the blueberry","1",NA,"target object"
"271","5ea5a9df788bae58eb1bb32f","Contact","Past","tomato","Rate","Focus","the brick","2",NA,"falling object"
"272","5ea5a9df788bae58eb1bb32f","Contact","Past","tomato","Rate","Focus","the tomato","1",NA,"target object"
"273","5f285902166da3151b01faf2","Contact","Present","muffin","Rate","NotFocus","the brick","1",NA,"falling object"
"274","5f285902166da3151b01faf2","Contact","Present","muffin","Rate","NotFocus","the muffin","2",NA,"target object"
"275","5f285902166da3151b01faf2","Contact","Past","tomato","Rate","NotFocus","the brick","1",NA,"falling object"
"276","5f285902166da3151b01faf2","Contact","Past","tomato","Rate","NotFocus","the tomato","2",NA,"target object"
"277","5f285902166da3151b01faf2","Contact","Present","tomato","Rate","Focus","the brick","1",NA,"falling object"
"278","5f285902166da3151b01faf2","Contact","Present","tomato","Rate","Focus","the tomato","2",NA,"target object"
"279","5f285902166da3151b01faf2","Contact","Past","Blueberry","Rate","Focus","the brick","1",NA,"falling object"
"280","5f285902166da3151b01faf2","Contact","Past","Blueberry","Rate","Focus","the blueberry","2",NA,"target object"
"281","61742bd3cd78a9f853168cef","Contact","Present","Blueberry","Rate","NotFocus","the brick","1",NA,"falling object"
"282","61742bd3cd78a9f853168cef","Contact","Present","Blueberry","Rate","NotFocus","the blueberry","2",NA,"target object"
"283","61742bd3cd78a9f853168cef","Contact","Past","muffin","Rate","NotFocus","the brick","1",NA,"falling object"
"284","61742bd3cd78a9f853168cef","Contact","Past","muffin","Rate","NotFocus","the muffin","2",NA,"target object"
"285","61742bd3cd78a9f853168cef","Contact","Present","muffin","Rate","Focus","the brick","2",NA,"falling object"
"286","61742bd3cd78a9f853168cef","Contact","Present","muffin","Rate","Focus","the muffin","1",NA,"target object"
"287","61742bd3cd78a9f853168cef","Contact","Past","muffin","Rate","Focus","the brick","2",NA,"falling object"
"288","61742bd3cd78a9f853168cef","Contact","Past","muffin","Rate","Focus","the muffin","1",NA,"target object"
"289","5d6a40c065a26e001731509a","Contact","Present","Blueberry","Rate","NotFocus","the brick","2",NA,"falling object"
"290","5d6a40c065a26e001731509a","Contact","Present","Blueberry","Rate","NotFocus","the blueberry","1",NA,"target object"
"291","5d6a40c065a26e001731509a","Contact","Past","muffin","Rate","NotFocus","the brick","2",NA,"falling object"
"292","5d6a40c065a26e001731509a","Contact","Past","muffin","Rate","NotFocus","the muffin","1",NA,"target object"
"293","5d6a40c065a26e001731509a","Contact","Present","muffin","Rate","Focus","the brick","2",NA,"falling object"
"294","5d6a40c065a26e001731509a","Contact","Present","muffin","Rate","Focus","the muffin","1",NA,"target object"
"295","5d6a40c065a26e001731509a","Contact","Past","Blueberry","Rate","Focus","the brick","2",NA,"falling object"
"296","5d6a40c065a26e001731509a","Contact","Past","Blueberry","Rate","Focus","the blueberry","1",NA,"target object"
"297","5eefd6f33fe1d00dd32739d9","Contact","Present","muffin","Rate","NotFocus","the brick","2",NA,"falling object"
"298","5eefd6f33fe1d00dd32739d9","Contact","Present","muffin","Rate","NotFocus","the muffin","1",NA,"target object"
"299","5eefd6f33fe1d00dd32739d9","Contact","Past","Blueberry","Rate","NotFocus","the brick","2",NA,"falling object"
"300","5eefd6f33fe1d00dd32739d9","Contact","Past","Blueberry","Rate","NotFocus","the blueberry","1",NA,"target object"
"301","5eefd6f33fe1d00dd32739d9","Contact","Present","Blueberry","Rate","Focus","the brick","2",NA,"falling object"
"302","5eefd6f33fe1d00dd32739d9","Contact","Present","Blueberry","Rate","Focus","the blueberry","1",NA,"target object"
"303","5eefd6f33fe1d00dd32739d9","Contact","Past","muffin","Rate","Focus","the brick","2",NA,"falling object"
"304","5eefd6f33fe1d00dd32739d9","Contact","Past","muffin","Rate","Focus","the muffin","1",NA,"target object"
"305","605641bb59792eaba4b3abe5","Contact","Present","tomato","Rate","NotFocus","the brick","1",NA,"falling object"
"306","605641bb59792eaba4b3abe5","Contact","Present","tomato","Rate","NotFocus","the tomato","2",NA,"target object"
"307","605641bb59792eaba4b3abe5","Contact","Past","tomato","Rate","NotFocus","the brick","1",NA,"falling object"
"308","605641bb59792eaba4b3abe5","Contact","Past","tomato","Rate","NotFocus","the tomato","2",NA,"target object"
"309","605641bb59792eaba4b3abe5","Contact","Present","tomato","Rate","Focus","the brick","1",NA,"falling object"
"310","605641bb59792eaba4b3abe5","Contact","Present","tomato","Rate","Focus","the tomato","2",NA,"target object"
"311","605641bb59792eaba4b3abe5","Contact","Past","tomato","Rate","Focus","the brick","2",NA,"falling object"
"312","605641bb59792eaba4b3abe5","Contact","Past","tomato","Rate","Focus","the tomato","1",NA,"target object"
"313","60a2c7d2f13744a90856149c","Contact","Present","Blueberry","Rate","NotFocus","the brick","1",NA,"falling object"
"314","60a2c7d2f13744a90856149c","Contact","Present","Blueberry","Rate","NotFocus","the blueberry","2",NA,"target object"
"315","60a2c7d2f13744a90856149c","Contact","Past","tomato","Rate","NotFocus","the brick","1",NA,"falling object"
"316","60a2c7d2f13744a90856149c","Contact","Past","tomato","Rate","NotFocus","the tomato","2",NA,"target object"
"317","60a2c7d2f13744a90856149c","Contact","Present","tomato","Rate","Focus","the brick","2",NA,"falling object"
"318","60a2c7d2f13744a90856149c","Contact","Present","tomato","Rate","Focus","the tomato","1",NA,"target object"
"319","60a2c7d2f13744a90856149c","Contact","Past","tomato","Rate","Focus","the brick","2",NA,"falling object"
"320","60a2c7d2f13744a90856149c","Contact","Past","tomato","Rate","Focus","the tomato","1",NA,"target object"
"321","613ceea33c37d70e87c5232e","Contact","Present","tomato","Rate","NotFocus","the brick","1",NA,"falling object"
"322","613ceea33c37d70e87c5232e","Contact","Present","tomato","Rate","NotFocus","the tomato","2",NA,"target object"
"323","613ceea33c37d70e87c5232e","Contact","Past","Blueberry","Rate","NotFocus","the brick","2",NA,"falling object"
"324","613ceea33c37d70e87c5232e","Contact","Past","Blueberry","Rate","NotFocus","the blueberry","1",NA,"target object"
"325","613ceea33c37d70e87c5232e","Contact","Present","muffin","Rate","Focus","the brick","1",NA,"falling object"
"326","613ceea33c37d70e87c5232e","Contact","Present","muffin","Rate","Focus","the muffin","2",NA,"target object"
"327","613ceea33c37d70e87c5232e","Contact","Past","muffin","Rate","Focus","the brick","2",NA,"falling object"
"328","613ceea33c37d70e87c5232e","Contact","Past","muffin","Rate","Focus","the muffin","1",NA,"target object"
"329","608358e1207f8ace90267025","Contact","Present","muffin","Rate","NotFocus","the brick","2",NA,"falling object"
"330","608358e1207f8ace90267025","Contact","Present","muffin","Rate","NotFocus","the muffin","1",NA,"target object"
"331","608358e1207f8ace90267025","Contact","Past","muffin","Rate","NotFocus","the brick","1",NA,"falling object"
"332","608358e1207f8ace90267025","Contact","Past","muffin","Rate","NotFocus","the muffin","2",NA,"target object"
"333","608358e1207f8ace90267025","Contact","Present","Blueberry","Rate","Focus","the brick","2",NA,"falling object"
"334","608358e1207f8ace90267025","Contact","Present","Blueberry","Rate","Focus","the blueberry","1",NA,"target object"
"335","608358e1207f8ace90267025","Contact","Past","Blueberry","Rate","Focus","the brick","2",NA,"falling object"
"336","608358e1207f8ace90267025","Contact","Past","Blueberry","Rate","Focus","the blueberry","1",NA,"target object"
"337","566dedbd57f93300112d0ee2","Contact","Present","tomato","Rate","NotFocus","the brick","1",NA,"falling object"
"338","566dedbd57f93300112d0ee2","Contact","Present","tomato","Rate","NotFocus","the tomato","2",NA,"target object"
"339","566dedbd57f93300112d0ee2","Contact","Past","muffin","Rate","NotFocus","the brick","1",NA,"falling object"
"340","566dedbd57f93300112d0ee2","Contact","Past","muffin","Rate","NotFocus","the muffin","2",NA,"target object"
"341","566dedbd57f93300112d0ee2","Contact","Present","muffin","Rate","Focus","the brick","2",NA,"falling object"
"342","566dedbd57f93300112d0ee2","Contact","Present","muffin","Rate","Focus","the muffin","1",NA,"target object"
"343","566dedbd57f93300112d0ee2","Contact","Past","tomato","Rate","Focus","the brick","2",NA,"falling object"
"344","566dedbd57f93300112d0ee2","Contact","Past","tomato","Rate","Focus","the tomato","1",NA,"target object"
"345","5df6304773d724428a9cff45","Contact","Present","Blueberry","Rate","NotFocus","the brick","1",NA,"falling object"
"346","5df6304773d724428a9cff45","Contact","Present","Blueberry","Rate","NotFocus","the blueberry","2",NA,"target object"
"347","5df6304773d724428a9cff45","Contact","Past","Blueberry","Rate","NotFocus","the brick","1",NA,"falling object"
"348","5df6304773d724428a9cff45","Contact","Past","Blueberry","Rate","NotFocus","the blueberry","2",NA,"target object"
"349","5df6304773d724428a9cff45","Contact","Present","tomato","Rate","Focus","the brick","2",NA,"falling object"
"350","5df6304773d724428a9cff45","Contact","Present","tomato","Rate","Focus","the tomato","1",NA,"target object"
"351","5df6304773d724428a9cff45","Contact","Past","Blueberry","Rate","Focus","the brick","2",NA,"falling object"
"352","5df6304773d724428a9cff45","Contact","Past","Blueberry","Rate","Focus","the blueberry","1",NA,"target object"
"353","5c5dc5125eceaa0001d49e27","Contact","Present","muffin","Rate","NotFocus","the brick","1",NA,"falling object"
"354","5c5dc5125eceaa0001d49e27","Contact","Present","muffin","Rate","NotFocus","the muffin","2",NA,"target object"
"355","5c5dc5125eceaa0001d49e27","Contact","Past","tomato","Rate","NotFocus","the brick","1",NA,"falling object"
"356","5c5dc5125eceaa0001d49e27","Contact","Past","tomato","Rate","NotFocus","the tomato","2",NA,"target object"
"357","5c5dc5125eceaa0001d49e27","Contact","Present","Blueberry","Rate","Focus","the brick","1",NA,"falling object"
"358","5c5dc5125eceaa0001d49e27","Contact","Present","Blueberry","Rate","Focus","the blueberry","2",NA,"target object"
"359","5c5dc5125eceaa0001d49e27","Contact","Past","muffin","Rate","Focus","the brick","2",NA,"falling object"
"360","5c5dc5125eceaa0001d49e27","Contact","Past","muffin","Rate","Focus","the muffin","1",NA,"target object"
"361","61170774ac0279df55dd786e","Contact","Present","Blueberry","Rate","NotFocus","the brick","1",NA,"falling object"
"362","61170774ac0279df55dd786e","Contact","Present","Blueberry","Rate","NotFocus","the blueberry","2",NA,"target object"
"363","61170774ac0279df55dd786e","Contact","Past","muffin","Rate","NotFocus","the brick","1",NA,"falling object"
"364","61170774ac0279df55dd786e","Contact","Past","muffin","Rate","NotFocus","the muffin","2",NA,"target object"
"365","61170774ac0279df55dd786e","Contact","Present","Blueberry","Rate","Focus","the brick","2",NA,"falling object"
"366","61170774ac0279df55dd786e","Contact","Present","Blueberry","Rate","Focus","the blueberry","1",NA,"target object"
"367","61170774ac0279df55dd786e","Contact","Past","muffin","Rate","Focus","the brick","2",NA,"falling object"
"368","61170774ac0279df55dd786e","Contact","Past","muffin","Rate","Focus","the muffin","1",NA,"target object"
"369","5d65e493c9ec690019760664","Contact","Present","muffin","Rate","NotFocus","the brick","1",NA,"falling object"
"370","5d65e493c9ec690019760664","Contact","Present","muffin","Rate","NotFocus","the muffin","2",NA,"target object"
"371","5d65e493c9ec690019760664","Contact","Past","tomato","Rate","NotFocus","the brick","1",NA,"falling object"
"372","5d65e493c9ec690019760664","Contact","Past","tomato","Rate","NotFocus","the tomato","2",NA,"target object"
"373","5d65e493c9ec690019760664","Contact","Present","muffin","Rate","Focus","the brick","2",NA,"falling object"
"374","5d65e493c9ec690019760664","Contact","Present","muffin","Rate","Focus","the muffin","1",NA,"target object"
"375","5d65e493c9ec690019760664","Contact","Past","tomato","Rate","Focus","the brick","2",NA,"falling object"
"376","5d65e493c9ec690019760664","Contact","Past","tomato","Rate","Focus","the tomato","1",NA,"target object"
"377","5865dd647fbbcd00013973b8","Contact","Present","tomato","Rate","NotFocus","the brick","1",NA,"falling object"
"378","5865dd647fbbcd00013973b8","Contact","Present","tomato","Rate","NotFocus","the tomato","2",NA,"target object"
"379","5865dd647fbbcd00013973b8","Contact","Past","Blueberry","Rate","NotFocus","the brick","1",NA,"falling object"
"380","5865dd647fbbcd00013973b8","Contact","Past","Blueberry","Rate","NotFocus","the blueberry","2",NA,"target object"
"381","5865dd647fbbcd00013973b8","Contact","Present","Blueberry","Rate","Focus","the brick","2",NA,"falling object"
"382","5865dd647fbbcd00013973b8","Contact","Present","Blueberry","Rate","Focus","the blueberry","1",NA,"target object"
"383","5865dd647fbbcd00013973b8","Contact","Past","Blueberry","Rate","Focus","the brick","2",NA,"falling object"
"384","5865dd647fbbcd00013973b8","Contact","Past","Blueberry","Rate","Focus","the blueberry","1",NA,"target object"
"385","5e3b5fa9255e7a37bc841135","Contact","Present","muffin","Rate","NotFocus","the brick","2",NA,"falling object"
"386","5e3b5fa9255e7a37bc841135","Contact","Present","muffin","Rate","NotFocus","the muffin","1",NA,"target object"
"387","5e3b5fa9255e7a37bc841135","Contact","Past","muffin","Rate","NotFocus","the brick","2",NA,"falling object"
"388","5e3b5fa9255e7a37bc841135","Contact","Past","muffin","Rate","NotFocus","the muffin","1",NA,"target object"
"389","5e3b5fa9255e7a37bc841135","Contact","Present","tomato","Rate","Focus","the brick","2",NA,"falling object"
"390","5e3b5fa9255e7a37bc841135","Contact","Present","tomato","Rate","Focus","the tomato","1",NA,"target object"
"391","5e3b5fa9255e7a37bc841135","Contact","Past","tomato","Rate","Focus","the brick","2",NA,"falling object"
"392","5e3b5fa9255e7a37bc841135","Contact","Past","tomato","Rate","Focus","the tomato","1",NA,"target object"
"393","60625ed75d51101099ea62df","Contact","Present","tomato","Rate","NotFocus","the brick","2",NA,"falling object"
"394","60625ed75d51101099ea62df","Contact","Present","tomato","Rate","NotFocus","the tomato","1",NA,"target object"
"395","60625ed75d51101099ea62df","Contact","Past","Blueberry","Rate","NotFocus","the brick","2",NA,"falling object"
"396","60625ed75d51101099ea62df","Contact","Past","Blueberry","Rate","NotFocus","the blueberry","1",NA,"target object"
"397","60625ed75d51101099ea62df","Contact","Present","tomato","Rate","Focus","the brick","1",NA,"falling object"
"398","60625ed75d51101099ea62df","Contact","Present","tomato","Rate","Focus","the tomato","2",NA,"target object"
"399","60625ed75d51101099ea62df","Contact","Past","muffin","Rate","Focus","the brick","1",NA,"falling object"
"400","60625ed75d51101099ea62df","Contact","Past","muffin","Rate","Focus","the muffin","2",NA,"target object"
"401","615484378ed6e9e648ce3ff9","Contact","Present","Blueberry","Rate","NotFocus","the brick","1",NA,"falling object"
"402","615484378ed6e9e648ce3ff9","Contact","Present","Blueberry","Rate","NotFocus","the blueberry","2",NA,"target object"
"403","615484378ed6e9e648ce3ff9","Contact","Past","tomato","Rate","NotFocus","the brick","1",NA,"falling object"
"404","615484378ed6e9e648ce3ff9","Contact","Past","tomato","Rate","NotFocus","the tomato","2",NA,"target object"
"405","615484378ed6e9e648ce3ff9","Contact","Present","muffin","Rate","Focus","the brick","1",NA,"falling object"
"406","615484378ed6e9e648ce3ff9","Contact","Present","muffin","Rate","Focus","the muffin","2",NA,"target object"
"407","615484378ed6e9e648ce3ff9","Contact","Past","Blueberry","Rate","Focus","the brick","1",NA,"falling object"
"408","615484378ed6e9e648ce3ff9","Contact","Past","Blueberry","Rate","Focus","the blueberry","2",NA,"target object"
"409","6148bfc30aaff83ef4e878b1","Contact","Present","muffin","Rate","NotFocus","the brick","1",NA,"falling object"
"410","6148bfc30aaff83ef4e878b1","Contact","Present","muffin","Rate","NotFocus","the muffin","2",NA,"target object"
"411","6148bfc30aaff83ef4e878b1","Contact","Past","muffin","Rate","NotFocus","the brick","1",NA,"falling object"
"412","6148bfc30aaff83ef4e878b1","Contact","Past","muffin","Rate","NotFocus","the muffin","2",NA,"target object"
"413","6148bfc30aaff83ef4e878b1","Contact","Present","muffin","Rate","Focus","the brick","2",NA,"falling object"
"414","6148bfc30aaff83ef4e878b1","Contact","Present","muffin","Rate","Focus","the muffin","1",NA,"target object"
"415","6148bfc30aaff83ef4e878b1","Contact","Past","Blueberry","Rate","Focus","the brick","2",NA,"falling object"
"416","6148bfc30aaff83ef4e878b1","Contact","Past","Blueberry","Rate","Focus","the blueberry","1",NA,"target object"
"417","5e9317f16914d115371902bd","Contact","Present","Blueberry","Rate","NotFocus","the brick","1",NA,"falling object"
"418","5e9317f16914d115371902bd","Contact","Present","Blueberry","Rate","NotFocus","the blueberry","2",NA,"target object"
"419","5e9317f16914d115371902bd","Contact","Past","tomato","Rate","NotFocus","the brick","1",NA,"falling object"
"420","5e9317f16914d115371902bd","Contact","Past","tomato","Rate","NotFocus","the tomato","2",NA,"target object"
"421","5e9317f16914d115371902bd","Contact","Present","tomato","Rate","Focus","the brick","1",NA,"falling object"
"422","5e9317f16914d115371902bd","Contact","Present","tomato","Rate","Focus","the tomato","2",NA,"target object"
"423","5e9317f16914d115371902bd","Contact","Past","tomato","Rate","Focus","the brick","1",NA,"falling object"
"424","5e9317f16914d115371902bd","Contact","Past","tomato","Rate","Focus","the tomato","2",NA,"target object"
"425","5ff81ab8d6f3fa546efbad4e","Contact","Present","tomato","Rate","NotFocus","the brick","2",NA,"falling object"
"426","5ff81ab8d6f3fa546efbad4e","Contact","Present","tomato","Rate","NotFocus","the tomato","1",NA,"target object"
"427","5ff81ab8d6f3fa546efbad4e","Contact","Past","Blueberry","Rate","NotFocus","the brick","2",NA,"falling object"
"428","5ff81ab8d6f3fa546efbad4e","Contact","Past","Blueberry","Rate","NotFocus","the blueberry","1",NA,"target object"
"429","5ff81ab8d6f3fa546efbad4e","Contact","Present","Blueberry","Rate","Focus","the brick","2",NA,"falling object"
"430","5ff81ab8d6f3fa546efbad4e","Contact","Present","Blueberry","Rate","Focus","the blueberry","1",NA,"target object"
"431","5ff81ab8d6f3fa546efbad4e","Contact","Past","muffin","Rate","Focus","the brick","2",NA,"falling object"
"432","5ff81ab8d6f3fa546efbad4e","Contact","Past","muffin","Rate","Focus","the muffin","1",NA,"target object"
"433","5cb71fcd98a1f100011c56fb","Contact","Present","Blueberry","Rate","NotFocus","the brick","1",NA,"falling object"
"434","5cb71fcd98a1f100011c56fb","Contact","Present","Blueberry","Rate","NotFocus","the blueberry","2",NA,"target object"
"435","5cb71fcd98a1f100011c56fb","Contact","Past","Blueberry","Rate","NotFocus","the brick","1",NA,"falling object"
"436","5cb71fcd98a1f100011c56fb","Contact","Past","Blueberry","Rate","NotFocus","the blueberry","2",NA,"target object"
"437","5cb71fcd98a1f100011c56fb","Contact","Present","tomato","Rate","Focus","the brick","2",NA,"falling object"
"438","5cb71fcd98a1f100011c56fb","Contact","Present","tomato","Rate","Focus","the tomato","1",NA,"target object"
"439","5cb71fcd98a1f100011c56fb","Contact","Past","Blueberry","Rate","Focus","the brick","2",NA,"falling object"
"440","5cb71fcd98a1f100011c56fb","Contact","Past","Blueberry","Rate","Focus","the blueberry","1",NA,"target object"
"441","60338f35010951035cca4a91","Contact","Present","muffin","Rate","NotFocus","the brick","1",NA,"falling object"
"442","60338f35010951035cca4a91","Contact","Present","muffin","Rate","NotFocus","the muffin","2",NA,"target object"
"443","60338f35010951035cca4a91","Contact","Past","tomato","Rate","NotFocus","the brick","2",NA,"falling object"
"444","60338f35010951035cca4a91","Contact","Past","tomato","Rate","NotFocus","the tomato","1",NA,"target object"
"445","60338f35010951035cca4a91","Contact","Present","muffin","Rate","Focus","the brick","1",NA,"falling object"
"446","60338f35010951035cca4a91","Contact","Present","muffin","Rate","Focus","the muffin","2",NA,"target object"
"447","60338f35010951035cca4a91","Contact","Past","muffin","Rate","Focus","the brick","1",NA,"falling object"
"448","60338f35010951035cca4a91","Contact","Past","muffin","Rate","Focus","the muffin","2",NA,"target object"
"449","6159e5f964d5b78cedb9c192","Contact","Present","tomato","Rate","NotFocus","the brick","2",NA,"falling object"
"450","6159e5f964d5b78cedb9c192","Contact","Present","tomato","Rate","NotFocus","the tomato","1",NA,"target object"
"451","6159e5f964d5b78cedb9c192","Contact","Past","muffin","Rate","NotFocus","the brick","1",NA,"falling object"
"452","6159e5f964d5b78cedb9c192","Contact","Past","muffin","Rate","NotFocus","the muffin","2",NA,"target object"
"453","6159e5f964d5b78cedb9c192","Contact","Present","Blueberry","Rate","Focus","the brick","2",NA,"falling object"
"454","6159e5f964d5b78cedb9c192","Contact","Present","Blueberry","Rate","Focus","the blueberry","1",NA,"target object"
"455","6159e5f964d5b78cedb9c192","Contact","Past","tomato","Rate","Focus","the brick","2",NA,"falling object"
"456","6159e5f964d5b78cedb9c192","Contact","Past","tomato","Rate","Focus","the tomato","1",NA,"target object"
"457","5e89e89bf025be000c01eead","Contact","Present","tomato","Rate","NotFocus","the brick","2",NA,"falling object"
"458","5e89e89bf025be000c01eead","Contact","Present","tomato","Rate","NotFocus","the tomato","1",NA,"target object"
"459","5e89e89bf025be000c01eead","Contact","Past","muffin","Rate","NotFocus","the brick","2",NA,"falling object"
"460","5e89e89bf025be000c01eead","Contact","Past","muffin","Rate","NotFocus","the muffin","1",NA,"target object"
"461","5e89e89bf025be000c01eead","Contact","Present","tomato","Rate","Focus","the brick","2",NA,"falling object"
"462","5e89e89bf025be000c01eead","Contact","Present","tomato","Rate","Focus","the tomato","1",NA,"target object"
"463","5e89e89bf025be000c01eead","Contact","Past","muffin","Rate","Focus","the brick","2",NA,"falling object"
"464","5e89e89bf025be000c01eead","Contact","Past","muffin","Rate","Focus","the muffin","1",NA,"target object"
"465","5a8adbd3f1408d000176a8d5","Contact","Present","muffin","Rate","NotFocus","the brick","2",NA,"falling object"
"466","5a8adbd3f1408d000176a8d5","Contact","Present","muffin","Rate","NotFocus","the muffin","1",NA,"target object"
"467","5a8adbd3f1408d000176a8d5","Contact","Past","Blueberry","Rate","NotFocus","the brick","1",NA,"falling object"
"468","5a8adbd3f1408d000176a8d5","Contact","Past","Blueberry","Rate","NotFocus","the blueberry","2",NA,"target object"
"469","5a8adbd3f1408d000176a8d5","Contact","Present","Blueberry","Rate","Focus","the brick","2",NA,"falling object"
"470","5a8adbd3f1408d000176a8d5","Contact","Present","Blueberry","Rate","Focus","the blueberry","1",NA,"target object"
"471","5a8adbd3f1408d000176a8d5","Contact","Past","Blueberry","Rate","Focus","the brick","2",NA,"falling object"
"472","5a8adbd3f1408d000176a8d5","Contact","Past","Blueberry","Rate","Focus","the blueberry","1",NA,"target object"
"473","5d3b0da8a884020001881773","Contact","Present","Blueberry","Rate","NotFocus","the brick","1",NA,"falling object"
"474","5d3b0da8a884020001881773","Contact","Present","Blueberry","Rate","NotFocus","the blueberry","2",NA,"target object"
"475","5d3b0da8a884020001881773","Contact","Past","tomato","Rate","NotFocus","the brick","2",NA,"falling object"
"476","5d3b0da8a884020001881773","Contact","Past","tomato","Rate","NotFocus","the tomato","1",NA,"target object"
"477","5d3b0da8a884020001881773","Contact","Present","muffin","Rate","Focus","the brick","2",NA,"falling object"
"478","5d3b0da8a884020001881773","Contact","Present","muffin","Rate","Focus","the muffin","1",NA,"target object"
"479","5d3b0da8a884020001881773","Contact","Past","tomato","Rate","Focus","the brick","2",NA,"falling object"
"480","5d3b0da8a884020001881773","Contact","Past","tomato","Rate","Focus","the tomato","1",NA,"target object"
"481","58da74c7f94de20001fbd4af","Contact","Present","muffin","Rate","NotFocus","the brick","1",NA,"falling object"
"482","58da74c7f94de20001fbd4af","Contact","Present","muffin","Rate","NotFocus","the muffin","2",NA,"target object"
"483","58da74c7f94de20001fbd4af","Contact","Past","muffin","Rate","NotFocus","the brick","2",NA,"falling object"
"484","58da74c7f94de20001fbd4af","Contact","Past","muffin","Rate","NotFocus","the muffin","1",NA,"target object"
"485","58da74c7f94de20001fbd4af","Contact","Present","Blueberry","Rate","Focus","the brick","2",NA,"falling object"
"486","58da74c7f94de20001fbd4af","Contact","Present","Blueberry","Rate","Focus","the blueberry","1",NA,"target object"
"487","58da74c7f94de20001fbd4af","Contact","Past","muffin","Rate","Focus","the brick","2",NA,"falling object"
"488","58da74c7f94de20001fbd4af","Contact","Past","muffin","Rate","Focus","the muffin","1",NA,"target object"
"489","608c11f91f51a4297ce3b213","Contact","Present","Blueberry","Rate","NotFocus","the brick","1",NA,"falling object"
"490","608c11f91f51a4297ce3b213","Contact","Present","Blueberry","Rate","NotFocus","the blueberry","2",NA,"target object"
"491","608c11f91f51a4297ce3b213","Contact","Past","tomato","Rate","NotFocus","the brick","1",NA,"falling object"
"492","608c11f91f51a4297ce3b213","Contact","Past","tomato","Rate","NotFocus","the tomato","2",NA,"target object"
"493","608c11f91f51a4297ce3b213","Contact","Present","muffin","Rate","Focus","the brick","1",NA,"falling object"
"494","608c11f91f51a4297ce3b213","Contact","Present","muffin","Rate","Focus","the muffin","2",NA,"target object"
"495","608c11f91f51a4297ce3b213","Contact","Past","Blueberry","Rate","Focus","the brick","1",NA,"falling object"
"496","608c11f91f51a4297ce3b213","Contact","Past","Blueberry","Rate","Focus","the blueberry","2",NA,"target object"
"497","600a9ab59e9b701db49fbec1","Contact","Present","tomato","Rate","NotFocus","the brick","2",NA,"falling object"
"498","600a9ab59e9b701db49fbec1","Contact","Present","tomato","Rate","NotFocus","the tomato","1",NA,"target object"
"499","600a9ab59e9b701db49fbec1","Contact","Past","Blueberry","Rate","NotFocus","the brick","2",NA,"falling object"
"500","600a9ab59e9b701db49fbec1","Contact","Past","Blueberry","Rate","NotFocus","the blueberry","1",NA,"target object"
"501","600a9ab59e9b701db49fbec1","Contact","Present","tomato","Rate","Focus","the brick","2",NA,"falling object"
"502","600a9ab59e9b701db49fbec1","Contact","Present","tomato","Rate","Focus","the tomato","1",NA,"target object"
"503","600a9ab59e9b701db49fbec1","Contact","Past","tomato","Rate","Focus","the brick","2",NA,"falling object"
"504","600a9ab59e9b701db49fbec1","Contact","Past","tomato","Rate","Focus","the tomato","1",NA,"target object"
"505","5e5ba8c45cd2ad38c93ca999","Contact","Present","Blueberry","Rate","NotFocus","the brick","1",NA,"falling object"
"506","5e5ba8c45cd2ad38c93ca999","Contact","Present","Blueberry","Rate","NotFocus","the blueberry","2",NA,"target object"
"507","5e5ba8c45cd2ad38c93ca999","Contact","Past","muffin","Rate","NotFocus","the brick","1",NA,"falling object"
"508","5e5ba8c45cd2ad38c93ca999","Contact","Past","muffin","Rate","NotFocus","the muffin","2",NA,"target object"
"509","5e5ba8c45cd2ad38c93ca999","Contact","Present","muffin","Rate","Focus","the brick","2",NA,"falling object"
"510","5e5ba8c45cd2ad38c93ca999","Contact","Present","muffin","Rate","Focus","the muffin","1",NA,"target object"
"511","5e5ba8c45cd2ad38c93ca999","Contact","Past","tomato","Rate","Focus","the brick","2",NA,"falling object"
"512","5e5ba8c45cd2ad38c93ca999","Contact","Past","tomato","Rate","Focus","the tomato","1",NA,"target object"
"513","5f3714657b2a7d18f42f7316","Contact","Present","tomato","Rate","NotFocus","the brick","1",NA,"falling object"
"514","5f3714657b2a7d18f42f7316","Contact","Present","tomato","Rate","NotFocus","the tomato","2",NA,"target object"
"515","5f3714657b2a7d18f42f7316","Contact","Past","Blueberry","Rate","NotFocus","the brick","1",NA,"falling object"
"516","5f3714657b2a7d18f42f7316","Contact","Past","Blueberry","Rate","NotFocus","the blueberry","2",NA,"target object"
"517","5f3714657b2a7d18f42f7316","Contact","Present","tomato","Rate","Focus","the brick","2",NA,"falling object"
"518","5f3714657b2a7d18f42f7316","Contact","Present","tomato","Rate","Focus","the tomato","1",NA,"target object"
"519","5f3714657b2a7d18f42f7316","Contact","Past","muffin","Rate","Focus","the brick","2",NA,"falling object"
"520","5f3714657b2a7d18f42f7316","Contact","Past","muffin","Rate","Focus","the muffin","1",NA,"target object"
"521","609a54b96c38edbbf5e48251","Contact","Present","muffin","Rate","NotFocus","the brick","1",NA,"falling object"
"522","609a54b96c38edbbf5e48251","Contact","Present","muffin","Rate","NotFocus","the muffin","2",NA,"target object"
"523","609a54b96c38edbbf5e48251","Contact","Past","tomato","Rate","NotFocus","the brick","1",NA,"falling object"
"524","609a54b96c38edbbf5e48251","Contact","Past","tomato","Rate","NotFocus","the tomato","2",NA,"target object"
"525","609a54b96c38edbbf5e48251","Contact","Present","Blueberry","Rate","Focus","the brick","2",NA,"falling object"
"526","609a54b96c38edbbf5e48251","Contact","Present","Blueberry","Rate","Focus","the blueberry","1",NA,"target object"
"527","609a54b96c38edbbf5e48251","Contact","Past","Blueberry","Rate","Focus","the brick","2",NA,"falling object"
"528","609a54b96c38edbbf5e48251","Contact","Past","Blueberry","Rate","Focus","the blueberry","1",NA,"target object"
"529","5fdc9a58c0e40a22b2592664","Contact","Present","muffin","Rate","NotFocus","the brick","1",NA,"falling object"
"530","5fdc9a58c0e40a22b2592664","Contact","Present","muffin","Rate","NotFocus","the muffin","2",NA,"target object"
"531","5fdc9a58c0e40a22b2592664","Contact","Past","muffin","Rate","NotFocus","the brick","1",NA,"falling object"
"532","5fdc9a58c0e40a22b2592664","Contact","Past","muffin","Rate","NotFocus","the muffin","2",NA,"target object"
"533","5fdc9a58c0e40a22b2592664","Contact","Present","Blueberry","Rate","Focus","the brick","1",NA,"falling object"
"534","5fdc9a58c0e40a22b2592664","Contact","Present","Blueberry","Rate","Focus","the blueberry","2",NA,"target object"
"535","5fdc9a58c0e40a22b2592664","Contact","Past","tomato","Rate","Focus","the brick","1",NA,"falling object"
"536","5fdc9a58c0e40a22b2592664","Contact","Past","tomato","Rate","Focus","the tomato","2",NA,"target object"
"537","616411663192409b311ae909","Contact","Present","Blueberry","Rate","NotFocus","the brick","1",NA,"falling object"
"538","616411663192409b311ae909","Contact","Present","Blueberry","Rate","NotFocus","the blueberry","2",NA,"target object"
"539","616411663192409b311ae909","Contact","Past","Blueberry","Rate","NotFocus","the brick","1",NA,"falling object"
"540","616411663192409b311ae909","Contact","Past","Blueberry","Rate","NotFocus","the blueberry","2",NA,"target object"
"541","616411663192409b311ae909","Contact","Present","tomato","Rate","Focus","the brick","1",NA,"falling object"
"542","616411663192409b311ae909","Contact","Present","tomato","Rate","Focus","the tomato","2",NA,"target object"
"543","616411663192409b311ae909","Contact","Past","Blueberry","Rate","Focus","the brick","1",NA,"falling object"
"544","616411663192409b311ae909","Contact","Past","Blueberry","Rate","Focus","the blueberry","2",NA,"target object"
"545","5db9877aee6f57000b1487c5","Contact","Present","tomato","Rate","NotFocus","the brick","2",NA,"falling object"
"546","5db9877aee6f57000b1487c5","Contact","Present","tomato","Rate","NotFocus","the tomato","1",NA,"target object"
"547","5db9877aee6f57000b1487c5","Contact","Past","tomato","Rate","NotFocus","the brick","1",NA,"falling object"
"548","5db9877aee6f57000b1487c5","Contact","Past","tomato","Rate","NotFocus","the tomato","2",NA,"target object"
"549","5db9877aee6f57000b1487c5","Contact","Present","muffin","Rate","Focus","the brick","2",NA,"falling object"
"550","5db9877aee6f57000b1487c5","Contact","Present","muffin","Rate","Focus","the muffin","1",NA,"target object"
"551","5db9877aee6f57000b1487c5","Contact","Past","muffin","Rate","Focus","the brick","2",NA,"falling object"
"552","5db9877aee6f57000b1487c5","Contact","Past","muffin","Rate","Focus","the muffin","1",NA,"target object"
"553","5b28c29b2bc7780001c23000","Contact","Present","Blueberry","Rate","NotFocus","the brick","1",NA,"falling object"
"554","5b28c29b2bc7780001c23000","Contact","Present","Blueberry","Rate","NotFocus","the blueberry","2",NA,"target object"
"555","5b28c29b2bc7780001c23000","Contact","Past","muffin","Rate","NotFocus","the brick","1",NA,"falling object"
"556","5b28c29b2bc7780001c23000","Contact","Past","muffin","Rate","NotFocus","the muffin","2",NA,"target object"
"557","5b28c29b2bc7780001c23000","Contact","Present","muffin","Rate","Focus","the brick","1",NA,"falling object"
"558","5b28c29b2bc7780001c23000","Contact","Present","muffin","Rate","Focus","the muffin","2",NA,"target object"
"559","5b28c29b2bc7780001c23000","Contact","Past","muffin","Rate","Focus","the brick","1",NA,"falling object"
"560","5b28c29b2bc7780001c23000","Contact","Past","muffin","Rate","Focus","the muffin","2",NA,"target object"
"561","5dfb75507caa1e89ad5df828","Contact","Present","muffin","Rate","NotFocus","the brick","2",NA,"falling object"
"562","5dfb75507caa1e89ad5df828","Contact","Present","muffin","Rate","NotFocus","the muffin","1",NA,"target object"
"563","5dfb75507caa1e89ad5df828","Contact","Past","muffin","Rate","NotFocus","the brick","2",NA,"falling object"
"564","5dfb75507caa1e89ad5df828","Contact","Past","muffin","Rate","NotFocus","the muffin","1",NA,"target object"
"565","5dfb75507caa1e89ad5df828","Contact","Present","tomato","Rate","Focus","the brick","2",NA,"falling object"
"566","5dfb75507caa1e89ad5df828","Contact","Present","tomato","Rate","Focus","the tomato","1",NA,"target object"
"567","5dfb75507caa1e89ad5df828","Contact","Past","tomato","Rate","Focus","the brick","1",NA,"falling object"
"568","5dfb75507caa1e89ad5df828","Contact","Past","tomato","Rate","Focus","the tomato","2",NA,"target object"
"569","5968b8040e679d0001fabd89","Contact","Present","muffin","Rate","NotFocus","the brick","1",NA,"falling object"
"570","5968b8040e679d0001fabd89","Contact","Present","muffin","Rate","NotFocus","the muffin","2",NA,"target object"
"571","5968b8040e679d0001fabd89","Contact","Past","Blueberry","Rate","NotFocus","the brick","1",NA,"falling object"
"572","5968b8040e679d0001fabd89","Contact","Past","Blueberry","Rate","NotFocus","the blueberry","2",NA,"target object"
"573","5968b8040e679d0001fabd89","Contact","Present","Blueberry","Rate","Focus","the brick","1",NA,"falling object"
"574","5968b8040e679d0001fabd89","Contact","Present","Blueberry","Rate","Focus","the blueberry","2",NA,"target object"
"575","5968b8040e679d0001fabd89","Contact","Past","Blueberry","Rate","Focus","the brick","1",NA,"falling object"
"576","5968b8040e679d0001fabd89","Contact","Past","Blueberry","Rate","Focus","the blueberry","2",NA,"target object"
"577","5c7c3909042bf900012ab4d1","Contact","Present","Blueberry","Rate","NotFocus","the brick","1",NA,"falling object"
"578","5c7c3909042bf900012ab4d1","Contact","Present","Blueberry","Rate","NotFocus","the blueberry","2",NA,"target object"
"579","5c7c3909042bf900012ab4d1","Contact","Past","tomato","Rate","NotFocus","the brick","1",NA,"falling object"
"580","5c7c3909042bf900012ab4d1","Contact","Past","tomato","Rate","NotFocus","the tomato","2",NA,"target object"
"581","5c7c3909042bf900012ab4d1","Contact","Present","Blueberry","Rate","Focus","the brick","2",NA,"falling object"
"582","5c7c3909042bf900012ab4d1","Contact","Present","Blueberry","Rate","Focus","the blueberry","1",NA,"target object"
"583","5c7c3909042bf900012ab4d1","Contact","Past","tomato","Rate","Focus","the brick","2",NA,"falling object"
"584","5c7c3909042bf900012ab4d1","Contact","Past","tomato","Rate","Focus","the tomato","1",NA,"target object"
"585","5ce2a924feca320001f93ee7","Contact","Present","tomato","Rate","NotFocus","the brick","1",NA,"falling object"
"586","5ce2a924feca320001f93ee7","Contact","Present","tomato","Rate","NotFocus","the tomato","2",NA,"target object"
"587","5ce2a924feca320001f93ee7","Contact","Past","Blueberry","Rate","NotFocus","the brick","1",NA,"falling object"
"588","5ce2a924feca320001f93ee7","Contact","Past","Blueberry","Rate","NotFocus","the blueberry","2",NA,"target object"
"589","5ce2a924feca320001f93ee7","Contact","Present","muffin","Rate","Focus","the brick","2",NA,"falling object"
"590","5ce2a924feca320001f93ee7","Contact","Present","muffin","Rate","Focus","the muffin","1",NA,"target object"
"591","5ce2a924feca320001f93ee7","Contact","Past","Blueberry","Rate","Focus","the brick","2",NA,"falling object"
"592","5ce2a924feca320001f93ee7","Contact","Past","Blueberry","Rate","Focus","the blueberry","1",NA,"target object"
"593","5f85a51cadc3ff03ac5e395f","Drop","Present","muffin","Rate",NA,"you","3","Null","you"
"594","5f85a51cadc3ff03ac5e395f","Drop","Present","muffin","Rate",NA,"the bowling ball","1","Null","falling object"
"595","5f85a51cadc3ff03ac5e395f","Drop","Present","muffin","Rate",NA,"the muffin","2","Null","target object"
"596","5f85a51cadc3ff03ac5e395f","Drop","Present","muffin","Rate",NA,"you","3","Explicit","you"
"597","5f85a51cadc3ff03ac5e395f","Drop","Present","muffin","Rate",NA,"the bowling ball","1","Explicit","falling object"
"598","5f85a51cadc3ff03ac5e395f","Drop","Present","muffin","Rate",NA,"the muffin","2","Explicit","target object"
"599","5f85a51cadc3ff03ac5e395f","Drop","Past","Blueberry","Rate",NA,"you","3","Null","you"
"600","5f85a51cadc3ff03ac5e395f","Drop","Past","Blueberry","Rate",NA,"the bowling ball","1","Null","falling object"
"601","5f85a51cadc3ff03ac5e395f","Drop","Past","Blueberry","Rate",NA,"the blueberry","2","Null","target object"
"602","5f85a51cadc3ff03ac5e395f","Drop","Past","Blueberry","Rate",NA,"you","3","Explicit","you"
"603","5f85a51cadc3ff03ac5e395f","Drop","Past","Blueberry","Rate",NA,"the bowling ball","1","Explicit","falling object"
"604","5f85a51cadc3ff03ac5e395f","Drop","Past","Blueberry","Rate",NA,"the blueberry","2","Explicit","target object"
"605","614235732a911ae28559d9c3","Drop","Present","Blueberry","Rate",NA,"you","3","Null","you"
"606","614235732a911ae28559d9c3","Drop","Present","Blueberry","Rate",NA,"the bowling ball","2","Null","falling object"
"607","614235732a911ae28559d9c3","Drop","Present","Blueberry","Rate",NA,"the blueberry","1","Null","target object"
"608","614235732a911ae28559d9c3","Drop","Present","Blueberry","Rate",NA,"you","1","Explicit","you"
"609","614235732a911ae28559d9c3","Drop","Present","Blueberry","Rate",NA,"the bowling ball","3","Explicit","falling object"
"610","614235732a911ae28559d9c3","Drop","Present","Blueberry","Rate",NA,"the blueberry","2","Explicit","target object"
"611","614235732a911ae28559d9c3","Drop","Past","tomato","Rate",NA,"you","3","Null","you"
"612","614235732a911ae28559d9c3","Drop","Past","tomato","Rate",NA,"the bowling ball","2","Null","falling object"
"613","614235732a911ae28559d9c3","Drop","Past","tomato","Rate",NA,"the tomato","1","Null","target object"
"614","614235732a911ae28559d9c3","Drop","Past","muffin","Rate",NA,"you","3","Explicit","you"
"615","614235732a911ae28559d9c3","Drop","Past","muffin","Rate",NA,"the bowling ball","1","Explicit","falling object"
"616","614235732a911ae28559d9c3","Drop","Past","muffin","Rate",NA,"the muffin","2","Explicit","target object"
"617","5fff3183426b8c6c2474c831","Drop","Present","tomato","Rate",NA,"you","3","Null","you"
"618","5fff3183426b8c6c2474c831","Drop","Present","tomato","Rate",NA,"the bowling ball","1","Null","falling object"
"619","5fff3183426b8c6c2474c831","Drop","Present","tomato","Rate",NA,"the tomato","2","Null","target object"
"620","5fff3183426b8c6c2474c831","Drop","Present","tomato","Rate",NA,"you","3","Explicit","you"
"621","5fff3183426b8c6c2474c831","Drop","Present","tomato","Rate",NA,"the bowling ball","1","Explicit","falling object"
"622","5fff3183426b8c6c2474c831","Drop","Present","tomato","Rate",NA,"the tomato","2","Explicit","target object"
"623","5fff3183426b8c6c2474c831","Drop","Past","Blueberry","Rate",NA,"you","3","Null","you"
"624","5fff3183426b8c6c2474c831","Drop","Past","Blueberry","Rate",NA,"the bowling ball","1","Null","falling object"
"625","5fff3183426b8c6c2474c831","Drop","Past","Blueberry","Rate",NA,"the blueberry","2","Null","target object"
"626","5fff3183426b8c6c2474c831","Drop","Past","tomato","Rate",NA,"you","3","Explicit","you"
"627","5fff3183426b8c6c2474c831","Drop","Past","tomato","Rate",NA,"the bowling ball","1","Explicit","falling object"
"628","5fff3183426b8c6c2474c831","Drop","Past","tomato","Rate",NA,"the tomato","2","Explicit","target object"
"629","6145dddfa6fcfd396e1f4f1a","Drop","Present","tomato","Rate",NA,"you","3","Null","you"
"630","6145dddfa6fcfd396e1f4f1a","Drop","Present","tomato","Rate",NA,"the bowling ball","1","Null","falling object"
"631","6145dddfa6fcfd396e1f4f1a","Drop","Present","tomato","Rate",NA,"the tomato","2","Null","target object"
"632","6145dddfa6fcfd396e1f4f1a","Drop","Present","tomato","Rate",NA,"you","2","Explicit","you"
"633","6145dddfa6fcfd396e1f4f1a","Drop","Present","tomato","Rate",NA,"the bowling ball","1","Explicit","falling object"
"634","6145dddfa6fcfd396e1f4f1a","Drop","Present","tomato","Rate",NA,"the tomato","3","Explicit","target object"
"635","6145dddfa6fcfd396e1f4f1a","Drop","Past","muffin","Rate",NA,"you","3","Null","you"
"636","6145dddfa6fcfd396e1f4f1a","Drop","Past","muffin","Rate",NA,"the bowling ball","1","Null","falling object"
"637","6145dddfa6fcfd396e1f4f1a","Drop","Past","muffin","Rate",NA,"the muffin","2","Null","target object"
"638","6145dddfa6fcfd396e1f4f1a","Drop","Past","Blueberry","Rate",NA,"you","2","Explicit","you"
"639","6145dddfa6fcfd396e1f4f1a","Drop","Past","Blueberry","Rate",NA,"the bowling ball","1","Explicit","falling object"
"640","6145dddfa6fcfd396e1f4f1a","Drop","Past","Blueberry","Rate",NA,"the blueberry","3","Explicit","target object"
"641","5f9ee9286057414b687627cd","Drop","Present","muffin","Rate",NA,"you","3","Null","you"
"642","5f9ee9286057414b687627cd","Drop","Present","muffin","Rate",NA,"the bowling ball","1","Null","falling object"
"643","5f9ee9286057414b687627cd","Drop","Present","muffin","Rate",NA,"the muffin","2","Null","target object"
"644","5f9ee9286057414b687627cd","Drop","Present","tomato","Rate",NA,"you","1","Explicit","you"
"645","5f9ee9286057414b687627cd","Drop","Present","tomato","Rate",NA,"the bowling ball","2","Explicit","falling object"
"646","5f9ee9286057414b687627cd","Drop","Present","tomato","Rate",NA,"the tomato","3","Explicit","target object"
"647","5f9ee9286057414b687627cd","Drop","Past","muffin","Rate",NA,"you","3","Null","you"
"648","5f9ee9286057414b687627cd","Drop","Past","muffin","Rate",NA,"the bowling ball","1","Null","falling object"
"649","5f9ee9286057414b687627cd","Drop","Past","muffin","Rate",NA,"the muffin","2","Null","target object"
"650","5f9ee9286057414b687627cd","Drop","Past","muffin","Rate",NA,"you","1","Explicit","you"
"651","5f9ee9286057414b687627cd","Drop","Past","muffin","Rate",NA,"the bowling ball","2","Explicit","falling object"
"652","5f9ee9286057414b687627cd","Drop","Past","muffin","Rate",NA,"the muffin","3","Explicit","target object"
"653","5f823478cab272361106d26a","Drop","Present","Blueberry","Rate",NA,"you","3","Null","you"
"654","5f823478cab272361106d26a","Drop","Present","Blueberry","Rate",NA,"the bowling ball","1","Null","falling object"
"655","5f823478cab272361106d26a","Drop","Present","Blueberry","Rate",NA,"the blueberry","2","Null","target object"
"656","5f823478cab272361106d26a","Drop","Present","muffin","Rate",NA,"you","3","Explicit","you"
"657","5f823478cab272361106d26a","Drop","Present","muffin","Rate",NA,"the bowling ball","1","Explicit","falling object"
"658","5f823478cab272361106d26a","Drop","Present","muffin","Rate",NA,"the muffin","2","Explicit","target object"
"659","5f823478cab272361106d26a","Drop","Past","Blueberry","Rate",NA,"you","3","Null","you"
"660","5f823478cab272361106d26a","Drop","Past","Blueberry","Rate",NA,"the bowling ball","2","Null","falling object"
"661","5f823478cab272361106d26a","Drop","Past","Blueberry","Rate",NA,"the blueberry","1","Null","target object"
"662","5f823478cab272361106d26a","Drop","Past","tomato","Rate",NA,"you","3","Explicit","you"
"663","5f823478cab272361106d26a","Drop","Past","tomato","Rate",NA,"the bowling ball","1","Explicit","falling object"
"664","5f823478cab272361106d26a","Drop","Past","tomato","Rate",NA,"the tomato","2","Explicit","target object"
"665","6140ef8d27499e70e8740918","Drop","Present","muffin","Rate",NA,"you","3","Null","you"
"666","6140ef8d27499e70e8740918","Drop","Present","muffin","Rate",NA,"the bowling ball","2","Null","falling object"
"667","6140ef8d27499e70e8740918","Drop","Present","muffin","Rate",NA,"the muffin","1","Null","target object"
"668","6140ef8d27499e70e8740918","Drop","Present","muffin","Rate",NA,"you","3","Explicit","you"
"669","6140ef8d27499e70e8740918","Drop","Present","muffin","Rate",NA,"the bowling ball","2","Explicit","falling object"
"670","6140ef8d27499e70e8740918","Drop","Present","muffin","Rate",NA,"the muffin","1","Explicit","target object"
"671","6140ef8d27499e70e8740918","Drop","Past","tomato","Rate",NA,"you","3","Null","you"
"672","6140ef8d27499e70e8740918","Drop","Past","tomato","Rate",NA,"the bowling ball","2","Null","falling object"
"673","6140ef8d27499e70e8740918","Drop","Past","tomato","Rate",NA,"the tomato","1","Null","target object"
"674","6140ef8d27499e70e8740918","Drop","Past","Blueberry","Rate",NA,"you","3","Explicit","you"
"675","6140ef8d27499e70e8740918","Drop","Past","Blueberry","Rate",NA,"the bowling ball","1","Explicit","falling object"
"676","6140ef8d27499e70e8740918","Drop","Past","Blueberry","Rate",NA,"the blueberry","2","Explicit","target object"
"677","6150ca3f37e1fe330f70311d","Drop","Present","Blueberry","Rate",NA,"you","3","Null","you"
"678","6150ca3f37e1fe330f70311d","Drop","Present","Blueberry","Rate",NA,"the bowling ball","1","Null","falling object"
"679","6150ca3f37e1fe330f70311d","Drop","Present","Blueberry","Rate",NA,"the blueberry","2","Null","target object"
"680","6150ca3f37e1fe330f70311d","Drop","Present","Blueberry","Rate",NA,"you","3","Explicit","you"
"681","6150ca3f37e1fe330f70311d","Drop","Present","Blueberry","Rate",NA,"the bowling ball","2","Explicit","falling object"
"682","6150ca3f37e1fe330f70311d","Drop","Present","Blueberry","Rate",NA,"the blueberry","1","Explicit","target object"
"683","6150ca3f37e1fe330f70311d","Drop","Past","muffin","Rate",NA,"you","3","Null","you"
"684","6150ca3f37e1fe330f70311d","Drop","Past","muffin","Rate",NA,"the bowling ball","2","Null","falling object"
"685","6150ca3f37e1fe330f70311d","Drop","Past","muffin","Rate",NA,"the muffin","1","Null","target object"
"686","6150ca3f37e1fe330f70311d","Drop","Past","muffin","Rate",NA,"you","3","Explicit","you"
"687","6150ca3f37e1fe330f70311d","Drop","Past","muffin","Rate",NA,"the bowling ball","2","Explicit","falling object"
"688","6150ca3f37e1fe330f70311d","Drop","Past","muffin","Rate",NA,"the muffin","1","Explicit","target object"
"689","6171312b4f75ea6a71c23125","Drop","Present","Blueberry","Rate",NA,"you","3","Null","you"
"690","6171312b4f75ea6a71c23125","Drop","Present","Blueberry","Rate",NA,"the bowling ball","2","Null","falling object"
"691","6171312b4f75ea6a71c23125","Drop","Present","Blueberry","Rate",NA,"the blueberry","1","Null","target object"
"692","6171312b4f75ea6a71c23125","Drop","Present","muffin","Rate",NA,"you","3","Explicit","you"
"693","6171312b4f75ea6a71c23125","Drop","Present","muffin","Rate",NA,"the bowling ball","2","Explicit","falling object"
"694","6171312b4f75ea6a71c23125","Drop","Present","muffin","Rate",NA,"the muffin","1","Explicit","target object"
"695","6171312b4f75ea6a71c23125","Drop","Past","Blueberry","Rate",NA,"you","3","Null","you"
"696","6171312b4f75ea6a71c23125","Drop","Past","Blueberry","Rate",NA,"the bowling ball","1","Null","falling object"
"697","6171312b4f75ea6a71c23125","Drop","Past","Blueberry","Rate",NA,"the blueberry","2","Null","target object"
"698","6171312b4f75ea6a71c23125","Drop","Past","tomato","Rate",NA,"you","3","Explicit","you"
"699","6171312b4f75ea6a71c23125","Drop","Past","tomato","Rate",NA,"the bowling ball","2","Explicit","falling object"
"700","6171312b4f75ea6a71c23125","Drop","Past","tomato","Rate",NA,"the tomato","1","Explicit","target object"
"701","60dae7c2730e385327295c3c","Drop","Present","tomato","Rate",NA,"you","3","Null","you"
"702","60dae7c2730e385327295c3c","Drop","Present","tomato","Rate",NA,"the bowling ball","2","Null","falling object"
"703","60dae7c2730e385327295c3c","Drop","Present","tomato","Rate",NA,"the tomato","1","Null","target object"
"704","60dae7c2730e385327295c3c","Drop","Present","muffin","Rate",NA,"you","3","Explicit","you"
"705","60dae7c2730e385327295c3c","Drop","Present","muffin","Rate",NA,"the bowling ball","2","Explicit","falling object"
"706","60dae7c2730e385327295c3c","Drop","Present","muffin","Rate",NA,"the muffin","1","Explicit","target object"
"707","60dae7c2730e385327295c3c","Drop","Past","tomato","Rate",NA,"you","3","Null","you"
"708","60dae7c2730e385327295c3c","Drop","Past","tomato","Rate",NA,"the bowling ball","2","Null","falling object"
"709","60dae7c2730e385327295c3c","Drop","Past","tomato","Rate",NA,"the tomato","1","Null","target object"
"710","60dae7c2730e385327295c3c","Drop","Past","Blueberry","Rate",NA,"you","3","Explicit","you"
"711","60dae7c2730e385327295c3c","Drop","Past","Blueberry","Rate",NA,"the bowling ball","2","Explicit","falling object"
"712","60dae7c2730e385327295c3c","Drop","Past","Blueberry","Rate",NA,"the blueberry","1","Explicit","target object"
"713","609a7d5287ca8fb83e0780d4","Drop","Present","muffin","Rate",NA,"you","3","Null","you"
"714","609a7d5287ca8fb83e0780d4","Drop","Present","muffin","Rate",NA,"the bowling ball","1","Null","falling object"
"715","609a7d5287ca8fb83e0780d4","Drop","Present","muffin","Rate",NA,"the muffin","2","Null","target object"
"716","609a7d5287ca8fb83e0780d4","Drop","Present","Blueberry","Rate",NA,"you","3","Explicit","you"
"717","609a7d5287ca8fb83e0780d4","Drop","Present","Blueberry","Rate",NA,"the bowling ball","1","Explicit","falling object"
"718","609a7d5287ca8fb83e0780d4","Drop","Present","Blueberry","Rate",NA,"the blueberry","2","Explicit","target object"
"719","609a7d5287ca8fb83e0780d4","Drop","Past","Blueberry","Rate",NA,"you","3","Null","you"
"720","609a7d5287ca8fb83e0780d4","Drop","Past","Blueberry","Rate",NA,"the bowling ball","1","Null","falling object"
"721","609a7d5287ca8fb83e0780d4","Drop","Past","Blueberry","Rate",NA,"the blueberry","2","Null","target object"
"722","609a7d5287ca8fb83e0780d4","Drop","Past","Blueberry","Rate",NA,"you","3","Explicit","you"
"723","609a7d5287ca8fb83e0780d4","Drop","Past","Blueberry","Rate",NA,"the bowling ball","1","Explicit","falling object"
"724","609a7d5287ca8fb83e0780d4","Drop","Past","Blueberry","Rate",NA,"the blueberry","2","Explicit","target object"
"725","5f2af8a288f11d4765bb31d0","Drop","Present","tomato","Rate",NA,"you","3","Null","you"
"726","5f2af8a288f11d4765bb31d0","Drop","Present","tomato","Rate",NA,"the bowling ball","1","Null","falling object"
"727","5f2af8a288f11d4765bb31d0","Drop","Present","tomato","Rate",NA,"the tomato","2","Null","target object"
"728","5f2af8a288f11d4765bb31d0","Drop","Present","Blueberry","Rate",NA,"you","3","Explicit","you"
"729","5f2af8a288f11d4765bb31d0","Drop","Present","Blueberry","Rate",NA,"the bowling ball","1","Explicit","falling object"
"730","5f2af8a288f11d4765bb31d0","Drop","Present","Blueberry","Rate",NA,"the blueberry","2","Explicit","target object"
"731","5f2af8a288f11d4765bb31d0","Drop","Past","muffin","Rate",NA,"you","3","Null","you"
"732","5f2af8a288f11d4765bb31d0","Drop","Past","muffin","Rate",NA,"the bowling ball","1","Null","falling object"
"733","5f2af8a288f11d4765bb31d0","Drop","Past","muffin","Rate",NA,"the muffin","2","Null","target object"
"734","5f2af8a288f11d4765bb31d0","Drop","Past","muffin","Rate",NA,"you","3","Explicit","you"
"735","5f2af8a288f11d4765bb31d0","Drop","Past","muffin","Rate",NA,"the bowling ball","1","Explicit","falling object"
"736","5f2af8a288f11d4765bb31d0","Drop","Past","muffin","Rate",NA,"the muffin","2","Explicit","target object"
"737","606c7d27f4f3ae688332a55d","Drop","Present","tomato","Rate",NA,"you","3","Null","you"
"738","606c7d27f4f3ae688332a55d","Drop","Present","tomato","Rate",NA,"the bowling ball","1","Null","falling object"
"739","606c7d27f4f3ae688332a55d","Drop","Present","tomato","Rate",NA,"the tomato","2","Null","target object"
"740","606c7d27f4f3ae688332a55d","Drop","Present","muffin","Rate",NA,"you","3","Explicit","you"
"741","606c7d27f4f3ae688332a55d","Drop","Present","muffin","Rate",NA,"the bowling ball","1","Explicit","falling object"
"742","606c7d27f4f3ae688332a55d","Drop","Present","muffin","Rate",NA,"the muffin","2","Explicit","target object"
"743","606c7d27f4f3ae688332a55d","Drop","Past","tomato","Rate",NA,"you","3","Null","you"
"744","606c7d27f4f3ae688332a55d","Drop","Past","tomato","Rate",NA,"the bowling ball","1","Null","falling object"
"745","606c7d27f4f3ae688332a55d","Drop","Past","tomato","Rate",NA,"the tomato","2","Null","target object"
"746","606c7d27f4f3ae688332a55d","Drop","Past","tomato","Rate",NA,"you","3","Explicit","you"
"747","606c7d27f4f3ae688332a55d","Drop","Past","tomato","Rate",NA,"the bowling ball","1","Explicit","falling object"
"748","606c7d27f4f3ae688332a55d","Drop","Past","tomato","Rate",NA,"the tomato","2","Explicit","target object"
"749","5f9d4a9335e325252a9715a4","Drop","Present","muffin","Rate",NA,"you","3","Null","you"
"750","5f9d4a9335e325252a9715a4","Drop","Present","muffin","Rate",NA,"the bowling ball","2","Null","falling object"
"751","5f9d4a9335e325252a9715a4","Drop","Present","muffin","Rate",NA,"the muffin","1","Null","target object"
"752","5f9d4a9335e325252a9715a4","Drop","Present","Blueberry","Rate",NA,"you","3","Explicit","you"
"753","5f9d4a9335e325252a9715a4","Drop","Present","Blueberry","Rate",NA,"the bowling ball","1","Explicit","falling object"
"754","5f9d4a9335e325252a9715a4","Drop","Present","Blueberry","Rate",NA,"the blueberry","2","Explicit","target object"
"755","5f9d4a9335e325252a9715a4","Drop","Past","Blueberry","Rate",NA,"you","3","Null","you"
"756","5f9d4a9335e325252a9715a4","Drop","Past","Blueberry","Rate",NA,"the bowling ball","1","Null","falling object"
"757","5f9d4a9335e325252a9715a4","Drop","Past","Blueberry","Rate",NA,"the blueberry","2","Null","target object"
"758","5f9d4a9335e325252a9715a4","Drop","Past","muffin","Rate",NA,"you","3","Explicit","you"
"759","5f9d4a9335e325252a9715a4","Drop","Past","muffin","Rate",NA,"the bowling ball","2","Explicit","falling object"
"760","5f9d4a9335e325252a9715a4","Drop","Past","muffin","Rate",NA,"the muffin","1","Explicit","target object"
"761","5d16539382c22b00155d9254","Drop","Present","muffin","Rate",NA,"you","3","Null","you"
"762","5d16539382c22b00155d9254","Drop","Present","muffin","Rate",NA,"the bowling ball","1","Null","falling object"
"763","5d16539382c22b00155d9254","Drop","Present","muffin","Rate",NA,"the muffin","2","Null","target object"
"764","5d16539382c22b00155d9254","Drop","Present","muffin","Rate",NA,"you","3","Explicit","you"
"765","5d16539382c22b00155d9254","Drop","Present","muffin","Rate",NA,"the bowling ball","1","Explicit","falling object"
"766","5d16539382c22b00155d9254","Drop","Present","muffin","Rate",NA,"the muffin","2","Explicit","target object"
"767","5d16539382c22b00155d9254","Drop","Past","tomato","Rate",NA,"you","3","Null","you"
"768","5d16539382c22b00155d9254","Drop","Past","tomato","Rate",NA,"the bowling ball","1","Null","falling object"
"769","5d16539382c22b00155d9254","Drop","Past","tomato","Rate",NA,"the tomato","2","Null","target object"
"770","5d16539382c22b00155d9254","Drop","Past","tomato","Rate",NA,"you","3","Explicit","you"
"771","5d16539382c22b00155d9254","Drop","Past","tomato","Rate",NA,"the bowling ball","1","Explicit","falling object"
"772","5d16539382c22b00155d9254","Drop","Past","tomato","Rate",NA,"the tomato","2","Explicit","target object"
"773","5dd46163c0823f4503b59566","Drop","Present","tomato","Rate",NA,"you","1","Null","you"
"774","5dd46163c0823f4503b59566","Drop","Present","tomato","Rate",NA,"the bowling ball","2","Null","falling object"
"775","5dd46163c0823f4503b59566","Drop","Present","tomato","Rate",NA,"the tomato","3","Null","target object"
"776","5dd46163c0823f4503b59566","Drop","Present","muffin","Rate",NA,"you","3","Explicit","you"
"777","5dd46163c0823f4503b59566","Drop","Present","muffin","Rate",NA,"the bowling ball","2","Explicit","falling object"
"778","5dd46163c0823f4503b59566","Drop","Present","muffin","Rate",NA,"the muffin","1","Explicit","target object"
"779","5dd46163c0823f4503b59566","Drop","Past","muffin","Rate",NA,"you","1","Null","you"
"780","5dd46163c0823f4503b59566","Drop","Past","muffin","Rate",NA,"the bowling ball","2","Null","falling object"
"781","5dd46163c0823f4503b59566","Drop","Past","muffin","Rate",NA,"the muffin","3","Null","target object"
"782","5dd46163c0823f4503b59566","Drop","Past","muffin","Rate",NA,"you","1","Explicit","you"
"783","5dd46163c0823f4503b59566","Drop","Past","muffin","Rate",NA,"the bowling ball","2","Explicit","falling object"
"784","5dd46163c0823f4503b59566","Drop","Past","muffin","Rate",NA,"the muffin","3","Explicit","target object"
"785","604f61b6c342bcf27f6f0027","Drop","Present","Blueberry","Rate",NA,"you","3","Null","you"
"786","604f61b6c342bcf27f6f0027","Drop","Present","Blueberry","Rate",NA,"the bowling ball","1","Null","falling object"
"787","604f61b6c342bcf27f6f0027","Drop","Present","Blueberry","Rate",NA,"the blueberry","2","Null","target object"
"788","604f61b6c342bcf27f6f0027","Drop","Present","tomato","Rate",NA,"you","3","Explicit","you"
"789","604f61b6c342bcf27f6f0027","Drop","Present","tomato","Rate",NA,"the bowling ball","2","Explicit","falling object"
"790","604f61b6c342bcf27f6f0027","Drop","Present","tomato","Rate",NA,"the tomato","1","Explicit","target object"
"791","604f61b6c342bcf27f6f0027","Drop","Past","tomato","Rate",NA,"you","3","Null","you"
"792","604f61b6c342bcf27f6f0027","Drop","Past","tomato","Rate",NA,"the bowling ball","1","Null","falling object"
"793","604f61b6c342bcf27f6f0027","Drop","Past","tomato","Rate",NA,"the tomato","2","Null","target object"
"794","604f61b6c342bcf27f6f0027","Drop","Past","Blueberry","Rate",NA,"you","3","Explicit","you"
"795","604f61b6c342bcf27f6f0027","Drop","Past","Blueberry","Rate",NA,"the bowling ball","2","Explicit","falling object"
"796","604f61b6c342bcf27f6f0027","Drop","Past","Blueberry","Rate",NA,"the blueberry","1","Explicit","target object"
"797","5f03993af1a82a5c4988eabf","Drop","Present","tomato","Rate",NA,"you","3","Null","you"
"798","5f03993af1a82a5c4988eabf","Drop","Present","tomato","Rate",NA,"the bowling ball","2","Null","falling object"
"799","5f03993af1a82a5c4988eabf","Drop","Present","tomato","Rate",NA,"the tomato","1","Null","target object"
"800","5f03993af1a82a5c4988eabf","Drop","Present","tomato","Rate",NA,"you","3","Explicit","you"
"801","5f03993af1a82a5c4988eabf","Drop","Present","tomato","Rate",NA,"the bowling ball","2","Explicit","falling object"
"802","5f03993af1a82a5c4988eabf","Drop","Present","tomato","Rate",NA,"the tomato","1","Explicit","target object"
"803","5f03993af1a82a5c4988eabf","Drop","Past","Blueberry","Rate",NA,"you","3","Null","you"
"804","5f03993af1a82a5c4988eabf","Drop","Past","Blueberry","Rate",NA,"the bowling ball","1","Null","falling object"
"805","5f03993af1a82a5c4988eabf","Drop","Past","Blueberry","Rate",NA,"the blueberry","2","Null","target object"
"806","5f03993af1a82a5c4988eabf","Drop","Past","tomato","Rate",NA,"you","3","Explicit","you"
"807","5f03993af1a82a5c4988eabf","Drop","Past","tomato","Rate",NA,"the bowling ball","1","Explicit","falling object"
"808","5f03993af1a82a5c4988eabf","Drop","Past","tomato","Rate",NA,"the tomato","2","Explicit","target object"
"809","5cdb0b34c5acb3000136c907","Drop","Present","muffin","Rate",NA,"you","3","Null","you"
"810","5cdb0b34c5acb3000136c907","Drop","Present","muffin","Rate",NA,"the bowling ball","1","Null","falling object"
"811","5cdb0b34c5acb3000136c907","Drop","Present","muffin","Rate",NA,"the muffin","2","Null","target object"
"812","5cdb0b34c5acb3000136c907","Drop","Present","muffin","Rate",NA,"you","1","Explicit","you"
"813","5cdb0b34c5acb3000136c907","Drop","Present","muffin","Rate",NA,"the bowling ball","2","Explicit","falling object"
"814","5cdb0b34c5acb3000136c907","Drop","Present","muffin","Rate",NA,"the muffin","3","Explicit","target object"
"815","5cdb0b34c5acb3000136c907","Drop","Past","Blueberry","Rate",NA,"you","1","Null","you"
"816","5cdb0b34c5acb3000136c907","Drop","Past","Blueberry","Rate",NA,"the bowling ball","3","Null","falling object"
"817","5cdb0b34c5acb3000136c907","Drop","Past","Blueberry","Rate",NA,"the blueberry","2","Null","target object"
"818","5cdb0b34c5acb3000136c907","Drop","Past","tomato","Rate",NA,"you","1","Explicit","you"
"819","5cdb0b34c5acb3000136c907","Drop","Past","tomato","Rate",NA,"the bowling ball","3","Explicit","falling object"
"820","5cdb0b34c5acb3000136c907","Drop","Past","tomato","Rate",NA,"the tomato","2","Explicit","target object"
"821","6111619298b13af4d44cf090","Drop","Present","muffin","Rate",NA,"you","3","Null","you"
"822","6111619298b13af4d44cf090","Drop","Present","muffin","Rate",NA,"the bowling ball","1","Null","falling object"
"823","6111619298b13af4d44cf090","Drop","Present","muffin","Rate",NA,"the muffin","2","Null","target object"
"824","6111619298b13af4d44cf090","Drop","Present","Blueberry","Rate",NA,"you","3","Explicit","you"
"825","6111619298b13af4d44cf090","Drop","Present","Blueberry","Rate",NA,"the bowling ball","1","Explicit","falling object"
"826","6111619298b13af4d44cf090","Drop","Present","Blueberry","Rate",NA,"the blueberry","2","Explicit","target object"
"827","6111619298b13af4d44cf090","Drop","Past","Blueberry","Rate",NA,"you","3","Null","you"
"828","6111619298b13af4d44cf090","Drop","Past","Blueberry","Rate",NA,"the bowling ball","2","Null","falling object"
"829","6111619298b13af4d44cf090","Drop","Past","Blueberry","Rate",NA,"the blueberry","1","Null","target object"
"830","6111619298b13af4d44cf090","Drop","Past","muffin","Rate",NA,"you","3","Explicit","you"
"831","6111619298b13af4d44cf090","Drop","Past","muffin","Rate",NA,"the bowling ball","2","Explicit","falling object"
"832","6111619298b13af4d44cf090","Drop","Past","muffin","Rate",NA,"the muffin","1","Explicit","target object"
"833","5acb63b2fa3b4e000173ad98","Drop","Present","Blueberry","Rate",NA,"you","3","Null","you"
"834","5acb63b2fa3b4e000173ad98","Drop","Present","Blueberry","Rate",NA,"the bowling ball","1","Null","falling object"
"835","5acb63b2fa3b4e000173ad98","Drop","Present","Blueberry","Rate",NA,"the blueberry","2","Null","target object"
"836","5acb63b2fa3b4e000173ad98","Drop","Present","muffin","Rate",NA,"you","3","Explicit","you"
"837","5acb63b2fa3b4e000173ad98","Drop","Present","muffin","Rate",NA,"the bowling ball","1","Explicit","falling object"
"838","5acb63b2fa3b4e000173ad98","Drop","Present","muffin","Rate",NA,"the muffin","2","Explicit","target object"
"839","5acb63b2fa3b4e000173ad98","Drop","Past","muffin","Rate",NA,"you","1","Null","you"
"840","5acb63b2fa3b4e000173ad98","Drop","Past","muffin","Rate",NA,"the bowling ball","2","Null","falling object"
"841","5acb63b2fa3b4e000173ad98","Drop","Past","muffin","Rate",NA,"the muffin","3","Null","target object"
"842","5acb63b2fa3b4e000173ad98","Drop","Past","tomato","Rate",NA,"you","3","Explicit","you"
"843","5acb63b2fa3b4e000173ad98","Drop","Past","tomato","Rate",NA,"the bowling ball","1","Explicit","falling object"
"844","5acb63b2fa3b4e000173ad98","Drop","Past","tomato","Rate",NA,"the tomato","2","Explicit","target object"
"845","60c4a49f823e3faceb51be96","Drop","Present","tomato","Rate",NA,"you","3","Null","you"
"846","60c4a49f823e3faceb51be96","Drop","Present","tomato","Rate",NA,"the bowling ball","1","Null","falling object"
"847","60c4a49f823e3faceb51be96","Drop","Present","tomato","Rate",NA,"the tomato","2","Null","target object"
"848","60c4a49f823e3faceb51be96","Drop","Present","tomato","Rate",NA,"you","3","Explicit","you"
"849","60c4a49f823e3faceb51be96","Drop","Present","tomato","Rate",NA,"the bowling ball","1","Explicit","falling object"
"850","60c4a49f823e3faceb51be96","Drop","Present","tomato","Rate",NA,"the tomato","2","Explicit","target object"
"851","60c4a49f823e3faceb51be96","Drop","Past","tomato","Rate",NA,"you","3","Null","you"
"852","60c4a49f823e3faceb51be96","Drop","Past","tomato","Rate",NA,"the bowling ball","1","Null","falling object"
"853","60c4a49f823e3faceb51be96","Drop","Past","tomato","Rate",NA,"the tomato","2","Null","target object"
"854","60c4a49f823e3faceb51be96","Drop","Past","muffin","Rate",NA,"you","3","Explicit","you"
"855","60c4a49f823e3faceb51be96","Drop","Past","muffin","Rate",NA,"the bowling ball","1","Explicit","falling object"
"856","60c4a49f823e3faceb51be96","Drop","Past","muffin","Rate",NA,"the muffin","2","Explicit","target object"
"857","6050def7e8e7c6c1efb45fac","Drop","Present","Blueberry","Rate",NA,"you","3","Null","you"
"858","6050def7e8e7c6c1efb45fac","Drop","Present","Blueberry","Rate",NA,"the bowling ball","2","Null","falling object"
"859","6050def7e8e7c6c1efb45fac","Drop","Present","Blueberry","Rate",NA,"the blueberry","1","Null","target object"
"860","6050def7e8e7c6c1efb45fac","Drop","Present","Blueberry","Rate",NA,"you","3","Explicit","you"
"861","6050def7e8e7c6c1efb45fac","Drop","Present","Blueberry","Rate",NA,"the bowling ball","1","Explicit","falling object"
"862","6050def7e8e7c6c1efb45fac","Drop","Present","Blueberry","Rate",NA,"the blueberry","2","Explicit","target object"
"863","6050def7e8e7c6c1efb45fac","Drop","Past","Blueberry","Rate",NA,"you","3","Null","you"
"864","6050def7e8e7c6c1efb45fac","Drop","Past","Blueberry","Rate",NA,"the bowling ball","2","Null","falling object"
"865","6050def7e8e7c6c1efb45fac","Drop","Past","Blueberry","Rate",NA,"the blueberry","1","Null","target object"
"866","6050def7e8e7c6c1efb45fac","Drop","Past","Blueberry","Rate",NA,"you","3","Explicit","you"
"867","6050def7e8e7c6c1efb45fac","Drop","Past","Blueberry","Rate",NA,"the bowling ball","2","Explicit","falling object"
"868","6050def7e8e7c6c1efb45fac","Drop","Past","Blueberry","Rate",NA,"the blueberry","1","Explicit","target object"
"869","614f8321333460db43b7f229","Drop","Present","muffin","Rate",NA,"you","3","Null","you"
"870","614f8321333460db43b7f229","Drop","Present","muffin","Rate",NA,"the bowling ball","1","Null","falling object"
"871","614f8321333460db43b7f229","Drop","Present","muffin","Rate",NA,"the muffin","2","Null","target object"
"872","614f8321333460db43b7f229","Drop","Present","muffin","Rate",NA,"you","3","Explicit","you"
"873","614f8321333460db43b7f229","Drop","Present","muffin","Rate",NA,"the bowling ball","1","Explicit","falling object"
"874","614f8321333460db43b7f229","Drop","Present","muffin","Rate",NA,"the muffin","2","Explicit","target object"
"875","614f8321333460db43b7f229","Drop","Past","tomato","Rate",NA,"you","3","Null","you"
"876","614f8321333460db43b7f229","Drop","Past","tomato","Rate",NA,"the bowling ball","1","Null","falling object"
"877","614f8321333460db43b7f229","Drop","Past","tomato","Rate",NA,"the tomato","2","Null","target object"
"878","614f8321333460db43b7f229","Drop","Past","muffin","Rate",NA,"you","3","Explicit","you"
"879","614f8321333460db43b7f229","Drop","Past","muffin","Rate",NA,"the bowling ball","1","Explicit","falling object"
"880","614f8321333460db43b7f229","Drop","Past","muffin","Rate",NA,"the muffin","2","Explicit","target object"
"881","582a0f48429e67000168cef9","Drop","Present","muffin","Rate",NA,"you","3","Null","you"
"882","582a0f48429e67000168cef9","Drop","Present","muffin","Rate",NA,"the bowling ball","1","Null","falling object"
"883","582a0f48429e67000168cef9","Drop","Present","muffin","Rate",NA,"the muffin","2","Null","target object"
"884","582a0f48429e67000168cef9","Drop","Present","tomato","Rate",NA,"you","3","Explicit","you"
"885","582a0f48429e67000168cef9","Drop","Present","tomato","Rate",NA,"the bowling ball","2","Explicit","falling object"
"886","582a0f48429e67000168cef9","Drop","Present","tomato","Rate",NA,"the tomato","1","Explicit","target object"
"887","582a0f48429e67000168cef9","Drop","Past","muffin","Rate",NA,"you","3","Null","you"
"888","582a0f48429e67000168cef9","Drop","Past","muffin","Rate",NA,"the bowling ball","1","Null","falling object"
"889","582a0f48429e67000168cef9","Drop","Past","muffin","Rate",NA,"the muffin","2","Null","target object"
"890","582a0f48429e67000168cef9","Drop","Past","tomato","Rate",NA,"you","3","Explicit","you"
"891","582a0f48429e67000168cef9","Drop","Past","tomato","Rate",NA,"the bowling ball","2","Explicit","falling object"
"892","582a0f48429e67000168cef9","Drop","Past","tomato","Rate",NA,"the tomato","1","Explicit","target object"
"893","5eaf3e142627076426921b1b","Drop","Present","tomato","Rate",NA,"you","3","Null","you"
"894","5eaf3e142627076426921b1b","Drop","Present","tomato","Rate",NA,"the bowling ball","1","Null","falling object"
"895","5eaf3e142627076426921b1b","Drop","Present","tomato","Rate",NA,"the tomato","2","Null","target object"
"896","5eaf3e142627076426921b1b","Drop","Present","tomato","Rate",NA,"you","3","Explicit","you"
"897","5eaf3e142627076426921b1b","Drop","Present","tomato","Rate",NA,"the bowling ball","1","Explicit","falling object"
"898","5eaf3e142627076426921b1b","Drop","Present","tomato","Rate",NA,"the tomato","2","Explicit","target object"
"899","5eaf3e142627076426921b1b","Drop","Past","muffin","Rate",NA,"you","3","Null","you"
"900","5eaf3e142627076426921b1b","Drop","Past","muffin","Rate",NA,"the bowling ball","1","Null","falling object"
"901","5eaf3e142627076426921b1b","Drop","Past","muffin","Rate",NA,"the muffin","2","Null","target object"
"902","5eaf3e142627076426921b1b","Drop","Past","Blueberry","Rate",NA,"you","3","Explicit","you"
"903","5eaf3e142627076426921b1b","Drop","Past","Blueberry","Rate",NA,"the bowling ball","2","Explicit","falling object"
"904","5eaf3e142627076426921b1b","Drop","Past","Blueberry","Rate",NA,"the blueberry","1","Explicit","target object"
"905","5c549c6372fd9000018b5968","Drop","Present","Blueberry","Rate",NA,"you","3","Null","you"
"906","5c549c6372fd9000018b5968","Drop","Present","Blueberry","Rate",NA,"the bowling ball","1","Null","falling object"
"907","5c549c6372fd9000018b5968","Drop","Present","Blueberry","Rate",NA,"the blueberry","2","Null","target object"
"908","5c549c6372fd9000018b5968","Drop","Present","Blueberry","Rate",NA,"you","1","Explicit","you"
"909","5c549c6372fd9000018b5968","Drop","Present","Blueberry","Rate",NA,"the bowling ball","2","Explicit","falling object"
"910","5c549c6372fd9000018b5968","Drop","Present","Blueberry","Rate",NA,"the blueberry","3","Explicit","target object"
"911","5c549c6372fd9000018b5968","Drop","Past","Blueberry","Rate",NA,"you","3","Null","you"
"912","5c549c6372fd9000018b5968","Drop","Past","Blueberry","Rate",NA,"the bowling ball","1","Null","falling object"
"913","5c549c6372fd9000018b5968","Drop","Past","Blueberry","Rate",NA,"the blueberry","2","Null","target object"
"914","5c549c6372fd9000018b5968","Drop","Past","Blueberry","Rate",NA,"you","1","Explicit","you"
"915","5c549c6372fd9000018b5968","Drop","Past","Blueberry","Rate",NA,"the bowling ball","2","Explicit","falling object"
"916","5c549c6372fd9000018b5968","Drop","Past","Blueberry","Rate",NA,"the blueberry","3","Explicit","target object"
"917","5ef48ebd234db60612e99516","Drop","Present","muffin","Rate",NA,"you","3","Null","you"
"918","5ef48ebd234db60612e99516","Drop","Present","muffin","Rate",NA,"the bowling ball","1","Null","falling object"
"919","5ef48ebd234db60612e99516","Drop","Present","muffin","Rate",NA,"the muffin","2","Null","target object"
"920","5ef48ebd234db60612e99516","Drop","Present","muffin","Rate",NA,"you","3","Explicit","you"
"921","5ef48ebd234db60612e99516","Drop","Present","muffin","Rate",NA,"the bowling ball","1","Explicit","falling object"
"922","5ef48ebd234db60612e99516","Drop","Present","muffin","Rate",NA,"the muffin","2","Explicit","target object"
"923","5ef48ebd234db60612e99516","Drop","Past","tomato","Rate",NA,"you","3","Null","you"
"924","5ef48ebd234db60612e99516","Drop","Past","tomato","Rate",NA,"the bowling ball","1","Null","falling object"
"925","5ef48ebd234db60612e99516","Drop","Past","tomato","Rate",NA,"the tomato","2","Null","target object"
"926","5ef48ebd234db60612e99516","Drop","Past","muffin","Rate",NA,"you","3","Explicit","you"
"927","5ef48ebd234db60612e99516","Drop","Past","muffin","Rate",NA,"the bowling ball","1","Explicit","falling object"
"928","5ef48ebd234db60612e99516","Drop","Past","muffin","Rate",NA,"the muffin","2","Explicit","target object"
"929","60512fdbba1a7d95abaab18c","Drop","Present","Blueberry","Rate",NA,"you","3","Null","you"
"930","60512fdbba1a7d95abaab18c","Drop","Present","Blueberry","Rate",NA,"the bowling ball","2","Null","falling object"
"931","60512fdbba1a7d95abaab18c","Drop","Present","Blueberry","Rate",NA,"the blueberry","1","Null","target object"
"932","60512fdbba1a7d95abaab18c","Drop","Present","muffin","Rate",NA,"you","3","Explicit","you"
"933","60512fdbba1a7d95abaab18c","Drop","Present","muffin","Rate",NA,"the bowling ball","2","Explicit","falling object"
"934","60512fdbba1a7d95abaab18c","Drop","Present","muffin","Rate",NA,"the muffin","1","Explicit","target object"
"935","60512fdbba1a7d95abaab18c","Drop","Past","tomato","Rate",NA,"you","3","Null","you"
"936","60512fdbba1a7d95abaab18c","Drop","Past","tomato","Rate",NA,"the bowling ball","2","Null","falling object"
"937","60512fdbba1a7d95abaab18c","Drop","Past","tomato","Rate",NA,"the tomato","1","Null","target object"
"938","60512fdbba1a7d95abaab18c","Drop","Past","tomato","Rate",NA,"you","1","Explicit","you"
"939","60512fdbba1a7d95abaab18c","Drop","Past","tomato","Rate",NA,"the bowling ball","2","Explicit","falling object"
"940","60512fdbba1a7d95abaab18c","Drop","Past","tomato","Rate",NA,"the tomato","3","Explicit","target object"
"941","5cf8012a542f5400196a1493","Drop","Present","tomato","Rate",NA,"you","1","Null","you"
"942","5cf8012a542f5400196a1493","Drop","Present","tomato","Rate",NA,"the bowling ball","2","Null","falling object"
"943","5cf8012a542f5400196a1493","Drop","Present","tomato","Rate",NA,"the tomato","3","Null","target object"
"944","5cf8012a542f5400196a1493","Drop","Present","muffin","Rate",NA,"you","1","Explicit","you"
"945","5cf8012a542f5400196a1493","Drop","Present","muffin","Rate",NA,"the bowling ball","2","Explicit","falling object"
"946","5cf8012a542f5400196a1493","Drop","Present","muffin","Rate",NA,"the muffin","3","Explicit","target object"
"947","5cf8012a542f5400196a1493","Drop","Past","muffin","Rate",NA,"you","3","Null","you"
"948","5cf8012a542f5400196a1493","Drop","Past","muffin","Rate",NA,"the bowling ball","1","Null","falling object"
"949","5cf8012a542f5400196a1493","Drop","Past","muffin","Rate",NA,"the muffin","2","Null","target object"
"950","5cf8012a542f5400196a1493","Drop","Past","muffin","Rate",NA,"you","1","Explicit","you"
"951","5cf8012a542f5400196a1493","Drop","Past","muffin","Rate",NA,"the bowling ball","2","Explicit","falling object"
"952","5cf8012a542f5400196a1493","Drop","Past","muffin","Rate",NA,"the muffin","3","Explicit","target object"
"953","5ec2c68c3542420e2de60387","Drop","Present","Blueberry","Rate",NA,"you","3","Null","you"
"954","5ec2c68c3542420e2de60387","Drop","Present","Blueberry","Rate",NA,"the bowling ball","1","Null","falling object"
"955","5ec2c68c3542420e2de60387","Drop","Present","Blueberry","Rate",NA,"the blueberry","2","Null","target object"
"956","5ec2c68c3542420e2de60387","Drop","Present","muffin","Rate",NA,"you","3","Explicit","you"
"957","5ec2c68c3542420e2de60387","Drop","Present","muffin","Rate",NA,"the bowling ball","2","Explicit","falling object"
"958","5ec2c68c3542420e2de60387","Drop","Present","muffin","Rate",NA,"the muffin","1","Explicit","target object"
"959","5ec2c68c3542420e2de60387","Drop","Past","muffin","Rate",NA,"you","3","Null","you"
"960","5ec2c68c3542420e2de60387","Drop","Past","muffin","Rate",NA,"the bowling ball","2","Null","falling object"
"961","5ec2c68c3542420e2de60387","Drop","Past","muffin","Rate",NA,"the muffin","1","Null","target object"
"962","5ec2c68c3542420e2de60387","Drop","Past","Blueberry","Rate",NA,"you","3","Explicit","you"
"963","5ec2c68c3542420e2de60387","Drop","Past","Blueberry","Rate",NA,"the bowling ball","1","Explicit","falling object"
"964","5ec2c68c3542420e2de60387","Drop","Past","Blueberry","Rate",NA,"the blueberry","2","Explicit","target object"
"965","6069f5c6549775665716f04c","Drop","Present","tomato","Rate",NA,"you","1","Null","you"
"966","6069f5c6549775665716f04c","Drop","Present","tomato","Rate",NA,"the bowling ball","2","Null","falling object"
"967","6069f5c6549775665716f04c","Drop","Present","tomato","Rate",NA,"the tomato","3","Null","target object"
"968","6069f5c6549775665716f04c","Drop","Present","muffin","Rate",NA,"you","1","Explicit","you"
"969","6069f5c6549775665716f04c","Drop","Present","muffin","Rate",NA,"the bowling ball","2","Explicit","falling object"
"970","6069f5c6549775665716f04c","Drop","Present","muffin","Rate",NA,"the muffin","3","Explicit","target object"
"971","6069f5c6549775665716f04c","Drop","Past","tomato","Rate",NA,"you","1","Null","you"
"972","6069f5c6549775665716f04c","Drop","Past","tomato","Rate",NA,"the bowling ball","2","Null","falling object"
"973","6069f5c6549775665716f04c","Drop","Past","tomato","Rate",NA,"the tomato","3","Null","target object"
"974","6069f5c6549775665716f04c","Drop","Past","Blueberry","Rate",NA,"you","1","Explicit","you"
"975","6069f5c6549775665716f04c","Drop","Past","Blueberry","Rate",NA,"the bowling ball","2","Explicit","falling object"
"976","6069f5c6549775665716f04c","Drop","Past","Blueberry","Rate",NA,"the blueberry","3","Explicit","target object"
"977","5ffcc820426b8c19e80f397a","Drop","Present","Blueberry","Rate",NA,"you","3","Null","you"
"978","5ffcc820426b8c19e80f397a","Drop","Present","Blueberry","Rate",NA,"the bowling ball","1","Null","falling object"
"979","5ffcc820426b8c19e80f397a","Drop","Present","Blueberry","Rate",NA,"the blueberry","2","Null","target object"
"980","5ffcc820426b8c19e80f397a","Drop","Present","Blueberry","Rate",NA,"you","3","Explicit","you"
"981","5ffcc820426b8c19e80f397a","Drop","Present","Blueberry","Rate",NA,"the bowling ball","1","Explicit","falling object"
"982","5ffcc820426b8c19e80f397a","Drop","Present","Blueberry","Rate",NA,"the blueberry","2","Explicit","target object"
"983","5ffcc820426b8c19e80f397a","Drop","Past","Blueberry","Rate",NA,"you","3","Null","you"
"984","5ffcc820426b8c19e80f397a","Drop","Past","Blueberry","Rate",NA,"the bowling ball","1","Null","falling object"
"985","5ffcc820426b8c19e80f397a","Drop","Past","Blueberry","Rate",NA,"the blueberry","2","Null","target object"
"986","5ffcc820426b8c19e80f397a","Drop","Past","tomato","Rate",NA,"you","3","Explicit","you"
"987","5ffcc820426b8c19e80f397a","Drop","Past","tomato","Rate",NA,"the bowling ball","1","Explicit","falling object"
"988","5ffcc820426b8c19e80f397a","Drop","Past","tomato","Rate",NA,"the tomato","2","Explicit","target object"
"989","5ea5a9df788bae58eb1bb32f","Drop","Present","muffin","Rate",NA,"you","3","Null","you"
"990","5ea5a9df788bae58eb1bb32f","Drop","Present","muffin","Rate",NA,"the bowling ball","1","Null","falling object"
"991","5ea5a9df788bae58eb1bb32f","Drop","Present","muffin","Rate",NA,"the muffin","2","Null","target object"
"992","5ea5a9df788bae58eb1bb32f","Drop","Present","Blueberry","Rate",NA,"you","3","Explicit","you"
"993","5ea5a9df788bae58eb1bb32f","Drop","Present","Blueberry","Rate",NA,"the bowling ball","1","Explicit","falling object"
"994","5ea5a9df788bae58eb1bb32f","Drop","Present","Blueberry","Rate",NA,"the blueberry","2","Explicit","target object"
"995","5ea5a9df788bae58eb1bb32f","Drop","Past","muffin","Rate",NA,"you","3","Null","you"
"996","5ea5a9df788bae58eb1bb32f","Drop","Past","muffin","Rate",NA,"the bowling ball","1","Null","falling object"
"997","5ea5a9df788bae58eb1bb32f","Drop","Past","muffin","Rate",NA,"the muffin","2","Null","target object"
"998","5ea5a9df788bae58eb1bb32f","Drop","Past","Blueberry","Rate",NA,"you","3","Explicit","you"
"999","5ea5a9df788bae58eb1bb32f","Drop","Past","Blueberry","Rate",NA,"the bowling ball","1","Explicit","falling object"
"1000","5ea5a9df788bae58eb1bb32f","Drop","Past","Blueberry","Rate",NA,"the blueberry","2","Explicit","target object"
"1001","5f285902166da3151b01faf2","Drop","Present","tomato","Rate",NA,"you","3","Null","you"
"1002","5f285902166da3151b01faf2","Drop","Present","tomato","Rate",NA,"the bowling ball","1","Null","falling object"
"1003","5f285902166da3151b01faf2","Drop","Present","tomato","Rate",NA,"the tomato","2","Null","target object"
"1004","5f285902166da3151b01faf2","Drop","Present","Blueberry","Rate",NA,"you","3","Explicit","you"
"1005","5f285902166da3151b01faf2","Drop","Present","Blueberry","Rate",NA,"the bowling ball","1","Explicit","falling object"
"1006","5f285902166da3151b01faf2","Drop","Present","Blueberry","Rate",NA,"the blueberry","2","Explicit","target object"
"1007","5f285902166da3151b01faf2","Drop","Past","Blueberry","Rate",NA,"you","3","Null","you"
"1008","5f285902166da3151b01faf2","Drop","Past","Blueberry","Rate",NA,"the bowling ball","1","Null","falling object"
"1009","5f285902166da3151b01faf2","Drop","Past","Blueberry","Rate",NA,"the blueberry","2","Null","target object"
"1010","5f285902166da3151b01faf2","Drop","Past","muffin","Rate",NA,"you","3","Explicit","you"
"1011","5f285902166da3151b01faf2","Drop","Past","muffin","Rate",NA,"the bowling ball","1","Explicit","falling object"
"1012","5f285902166da3151b01faf2","Drop","Past","muffin","Rate",NA,"the muffin","2","Explicit","target object"
"1013","61742bd3cd78a9f853168cef","Drop","Present","Blueberry","Rate",NA,"you","3","Null","you"
"1014","61742bd3cd78a9f853168cef","Drop","Present","Blueberry","Rate",NA,"the bowling ball","1","Null","falling object"
"1015","61742bd3cd78a9f853168cef","Drop","Present","Blueberry","Rate",NA,"the blueberry","2","Null","target object"
"1016","61742bd3cd78a9f853168cef","Drop","Present","tomato","Rate",NA,"you","1","Explicit","you"
"1017","61742bd3cd78a9f853168cef","Drop","Present","tomato","Rate",NA,"the bowling ball","2","Explicit","falling object"
"1018","61742bd3cd78a9f853168cef","Drop","Present","tomato","Rate",NA,"the tomato","3","Explicit","target object"
"1019","61742bd3cd78a9f853168cef","Drop","Past","tomato","Rate",NA,"you","1","Null","you"
"1020","61742bd3cd78a9f853168cef","Drop","Past","tomato","Rate",NA,"the bowling ball","2","Null","falling object"
"1021","61742bd3cd78a9f853168cef","Drop","Past","tomato","Rate",NA,"the tomato","3","Null","target object"
"1022","61742bd3cd78a9f853168cef","Drop","Past","tomato","Rate",NA,"you","3","Explicit","you"
"1023","61742bd3cd78a9f853168cef","Drop","Past","tomato","Rate",NA,"the bowling ball","1","Explicit","falling object"
"1024","61742bd3cd78a9f853168cef","Drop","Past","tomato","Rate",NA,"the tomato","2","Explicit","target object"
"1025","5d6a40c065a26e001731509a","Drop","Present","muffin","Rate",NA,"you","3","Null","you"
"1026","5d6a40c065a26e001731509a","Drop","Present","muffin","Rate",NA,"the bowling ball","2","Null","falling object"
"1027","5d6a40c065a26e001731509a","Drop","Present","muffin","Rate",NA,"the muffin","1","Null","target object"
"1028","5d6a40c065a26e001731509a","Drop","Present","muffin","Rate",NA,"you","3","Explicit","you"
"1029","5d6a40c065a26e001731509a","Drop","Present","muffin","Rate",NA,"the bowling ball","2","Explicit","falling object"
"1030","5d6a40c065a26e001731509a","Drop","Present","muffin","Rate",NA,"the muffin","1","Explicit","target object"
"1031","5d6a40c065a26e001731509a","Drop","Past","tomato","Rate",NA,"you","3","Null","you"
"1032","5d6a40c065a26e001731509a","Drop","Past","tomato","Rate",NA,"the bowling ball","2","Null","falling object"
"1033","5d6a40c065a26e001731509a","Drop","Past","tomato","Rate",NA,"the tomato","1","Null","target object"
"1034","5d6a40c065a26e001731509a","Drop","Past","muffin","Rate",NA,"you","3","Explicit","you"
"1035","5d6a40c065a26e001731509a","Drop","Past","muffin","Rate",NA,"the bowling ball","2","Explicit","falling object"
"1036","5d6a40c065a26e001731509a","Drop","Past","muffin","Rate",NA,"the muffin","1","Explicit","target object"
"1037","5eefd6f33fe1d00dd32739d9","Drop","Present","tomato","Rate",NA,"you","3","Null","you"
"1038","5eefd6f33fe1d00dd32739d9","Drop","Present","tomato","Rate",NA,"the bowling ball","2","Null","falling object"
"1039","5eefd6f33fe1d00dd32739d9","Drop","Present","tomato","Rate",NA,"the tomato","1","Null","target object"
"1040","5eefd6f33fe1d00dd32739d9","Drop","Present","tomato","Rate",NA,"you","3","Explicit","you"
"1041","5eefd6f33fe1d00dd32739d9","Drop","Present","tomato","Rate",NA,"the bowling ball","2","Explicit","falling object"
"1042","5eefd6f33fe1d00dd32739d9","Drop","Present","tomato","Rate",NA,"the tomato","1","Explicit","target object"
"1043","5eefd6f33fe1d00dd32739d9","Drop","Past","muffin","Rate",NA,"you","3","Null","you"
"1044","5eefd6f33fe1d00dd32739d9","Drop","Past","muffin","Rate",NA,"the bowling ball","2","Null","falling object"
"1045","5eefd6f33fe1d00dd32739d9","Drop","Past","muffin","Rate",NA,"the muffin","1","Null","target object"
"1046","5eefd6f33fe1d00dd32739d9","Drop","Past","tomato","Rate",NA,"you","3","Explicit","you"
"1047","5eefd6f33fe1d00dd32739d9","Drop","Past","tomato","Rate",NA,"the bowling ball","2","Explicit","falling object"
"1048","5eefd6f33fe1d00dd32739d9","Drop","Past","tomato","Rate",NA,"the tomato","1","Explicit","target object"
"1049","605641bb59792eaba4b3abe5","Drop","Present","tomato","Rate",NA,"you","3","Null","you"
"1050","605641bb59792eaba4b3abe5","Drop","Present","tomato","Rate",NA,"the bowling ball","2","Null","falling object"
"1051","605641bb59792eaba4b3abe5","Drop","Present","tomato","Rate",NA,"the tomato","1","Null","target object"
"1052","605641bb59792eaba4b3abe5","Drop","Present","muffin","Rate",NA,"you","3","Explicit","you"
"1053","605641bb59792eaba4b3abe5","Drop","Present","muffin","Rate",NA,"the bowling ball","2","Explicit","falling object"
"1054","605641bb59792eaba4b3abe5","Drop","Present","muffin","Rate",NA,"the muffin","1","Explicit","target object"
"1055","605641bb59792eaba4b3abe5","Drop","Past","Blueberry","Rate",NA,"you","3","Null","you"
"1056","605641bb59792eaba4b3abe5","Drop","Past","Blueberry","Rate",NA,"the bowling ball","2","Null","falling object"
"1057","605641bb59792eaba4b3abe5","Drop","Past","Blueberry","Rate",NA,"the blueberry","1","Null","target object"
"1058","605641bb59792eaba4b3abe5","Drop","Past","Blueberry","Rate",NA,"you","3","Explicit","you"
"1059","605641bb59792eaba4b3abe5","Drop","Past","Blueberry","Rate",NA,"the bowling ball","2","Explicit","falling object"
"1060","605641bb59792eaba4b3abe5","Drop","Past","Blueberry","Rate",NA,"the blueberry","1","Explicit","target object"
"1061","60a2c7d2f13744a90856149c","Drop","Present","Blueberry","Rate",NA,"you","3","Null","you"
"1062","60a2c7d2f13744a90856149c","Drop","Present","Blueberry","Rate",NA,"the bowling ball","1","Null","falling object"
"1063","60a2c7d2f13744a90856149c","Drop","Present","Blueberry","Rate",NA,"the blueberry","2","Null","target object"
"1064","60a2c7d2f13744a90856149c","Drop","Present","tomato","Rate",NA,"you","3","Explicit","you"
"1065","60a2c7d2f13744a90856149c","Drop","Present","tomato","Rate",NA,"the bowling ball","1","Explicit","falling object"
"1066","60a2c7d2f13744a90856149c","Drop","Present","tomato","Rate",NA,"the tomato","2","Explicit","target object"
"1067","60a2c7d2f13744a90856149c","Drop","Past","muffin","Rate",NA,"you","3","Null","you"
"1068","60a2c7d2f13744a90856149c","Drop","Past","muffin","Rate",NA,"the bowling ball","1","Null","falling object"
"1069","60a2c7d2f13744a90856149c","Drop","Past","muffin","Rate",NA,"the muffin","2","Null","target object"
"1070","60a2c7d2f13744a90856149c","Drop","Past","Blueberry","Rate",NA,"you","3","Explicit","you"
"1071","60a2c7d2f13744a90856149c","Drop","Past","Blueberry","Rate",NA,"the bowling ball","1","Explicit","falling object"
"1072","60a2c7d2f13744a90856149c","Drop","Past","Blueberry","Rate",NA,"the blueberry","2","Explicit","target object"
"1073","613ceea33c37d70e87c5232e","Drop","Present","muffin","Rate",NA,"you","3","Null","you"
"1074","613ceea33c37d70e87c5232e","Drop","Present","muffin","Rate",NA,"the bowling ball","2","Null","falling object"
"1075","613ceea33c37d70e87c5232e","Drop","Present","muffin","Rate",NA,"the muffin","1","Null","target object"
"1076","613ceea33c37d70e87c5232e","Drop","Present","tomato","Rate",NA,"you","3","Explicit","you"
"1077","613ceea33c37d70e87c5232e","Drop","Present","tomato","Rate",NA,"the bowling ball","2","Explicit","falling object"
"1078","613ceea33c37d70e87c5232e","Drop","Present","tomato","Rate",NA,"the tomato","1","Explicit","target object"
"1079","613ceea33c37d70e87c5232e","Drop","Past","tomato","Rate",NA,"you","3","Null","you"
"1080","613ceea33c37d70e87c5232e","Drop","Past","tomato","Rate",NA,"the bowling ball","2","Null","falling object"
"1081","613ceea33c37d70e87c5232e","Drop","Past","tomato","Rate",NA,"the tomato","1","Null","target object"
"1082","613ceea33c37d70e87c5232e","Drop","Past","muffin","Rate",NA,"you","3","Explicit","you"
"1083","613ceea33c37d70e87c5232e","Drop","Past","muffin","Rate",NA,"the bowling ball","1","Explicit","falling object"
"1084","613ceea33c37d70e87c5232e","Drop","Past","muffin","Rate",NA,"the muffin","2","Explicit","target object"
"1085","608358e1207f8ace90267025","Drop","Present","muffin","Rate",NA,"you","3","Null","you"
"1086","608358e1207f8ace90267025","Drop","Present","muffin","Rate",NA,"the bowling ball","2","Null","falling object"
"1087","608358e1207f8ace90267025","Drop","Present","muffin","Rate",NA,"the muffin","1","Null","target object"
"1088","608358e1207f8ace90267025","Drop","Present","muffin","Rate",NA,"you","3","Explicit","you"
"1089","608358e1207f8ace90267025","Drop","Present","muffin","Rate",NA,"the bowling ball","2","Explicit","falling object"
"1090","608358e1207f8ace90267025","Drop","Present","muffin","Rate",NA,"the muffin","1","Explicit","target object"
"1091","608358e1207f8ace90267025","Drop","Past","Blueberry","Rate",NA,"you","3","Null","you"
"1092","608358e1207f8ace90267025","Drop","Past","Blueberry","Rate",NA,"the bowling ball","2","Null","falling object"
"1093","608358e1207f8ace90267025","Drop","Past","Blueberry","Rate",NA,"the blueberry","1","Null","target object"
"1094","608358e1207f8ace90267025","Drop","Past","tomato","Rate",NA,"you","3","Explicit","you"
"1095","608358e1207f8ace90267025","Drop","Past","tomato","Rate",NA,"the bowling ball","2","Explicit","falling object"
"1096","608358e1207f8ace90267025","Drop","Past","tomato","Rate",NA,"the tomato","1","Explicit","target object"
"1097","566dedbd57f93300112d0ee2","Drop","Present","Blueberry","Rate",NA,"you","3","Null","you"
"1098","566dedbd57f93300112d0ee2","Drop","Present","Blueberry","Rate",NA,"the bowling ball","1","Null","falling object"
"1099","566dedbd57f93300112d0ee2","Drop","Present","Blueberry","Rate",NA,"the blueberry","2","Null","target object"
"1100","566dedbd57f93300112d0ee2","Drop","Present","Blueberry","Rate",NA,"you","2","Explicit","you"
"1101","566dedbd57f93300112d0ee2","Drop","Present","Blueberry","Rate",NA,"the bowling ball","1","Explicit","falling object"
"1102","566dedbd57f93300112d0ee2","Drop","Present","Blueberry","Rate",NA,"the blueberry","3","Explicit","target object"
"1103","566dedbd57f93300112d0ee2","Drop","Past","muffin","Rate",NA,"you","3","Null","you"
"1104","566dedbd57f93300112d0ee2","Drop","Past","muffin","Rate",NA,"the bowling ball","1","Null","falling object"
"1105","566dedbd57f93300112d0ee2","Drop","Past","muffin","Rate",NA,"the muffin","2","Null","target object"
"1106","566dedbd57f93300112d0ee2","Drop","Past","muffin","Rate",NA,"you","3","Explicit","you"
"1107","566dedbd57f93300112d0ee2","Drop","Past","muffin","Rate",NA,"the bowling ball","1","Explicit","falling object"
"1108","566dedbd57f93300112d0ee2","Drop","Past","muffin","Rate",NA,"the muffin","2","Explicit","target object"
"1109","5df6304773d724428a9cff45","Drop","Present","tomato","Rate",NA,"you","3","Null","you"
"1110","5df6304773d724428a9cff45","Drop","Present","tomato","Rate",NA,"the bowling ball","2","Null","falling object"
"1111","5df6304773d724428a9cff45","Drop","Present","tomato","Rate",NA,"the tomato","1","Null","target object"
"1112","5df6304773d724428a9cff45","Drop","Present","tomato","Rate",NA,"you","3","Explicit","you"
"1113","5df6304773d724428a9cff45","Drop","Present","tomato","Rate",NA,"the bowling ball","2","Explicit","falling object"
"1114","5df6304773d724428a9cff45","Drop","Present","tomato","Rate",NA,"the tomato","1","Explicit","target object"
"1115","5df6304773d724428a9cff45","Drop","Past","tomato","Rate",NA,"you","3","Null","you"
"1116","5df6304773d724428a9cff45","Drop","Past","tomato","Rate",NA,"the bowling ball","1","Null","falling object"
"1117","5df6304773d724428a9cff45","Drop","Past","tomato","Rate",NA,"the tomato","2","Null","target object"
"1118","5df6304773d724428a9cff45","Drop","Past","Blueberry","Rate",NA,"you","3","Explicit","you"
"1119","5df6304773d724428a9cff45","Drop","Past","Blueberry","Rate",NA,"the bowling ball","2","Explicit","falling object"
"1120","5df6304773d724428a9cff45","Drop","Past","Blueberry","Rate",NA,"the blueberry","1","Explicit","target object"
"1121","5c5dc5125eceaa0001d49e27","Drop","Present","muffin","Rate",NA,"you","3","Null","you"
"1122","5c5dc5125eceaa0001d49e27","Drop","Present","muffin","Rate",NA,"the bowling ball","2","Null","falling object"
"1123","5c5dc5125eceaa0001d49e27","Drop","Present","muffin","Rate",NA,"the muffin","1","Null","target object"
"1124","5c5dc5125eceaa0001d49e27","Drop","Present","Blueberry","Rate",NA,"you","1","Explicit","you"
"1125","5c5dc5125eceaa0001d49e27","Drop","Present","Blueberry","Rate",NA,"the bowling ball","3","Explicit","falling object"
"1126","5c5dc5125eceaa0001d49e27","Drop","Present","Blueberry","Rate",NA,"the blueberry","2","Explicit","target object"
"1127","5c5dc5125eceaa0001d49e27","Drop","Past","Blueberry","Rate",NA,"you","3","Null","you"
"1128","5c5dc5125eceaa0001d49e27","Drop","Past","Blueberry","Rate",NA,"the bowling ball","1","Null","falling object"
"1129","5c5dc5125eceaa0001d49e27","Drop","Past","Blueberry","Rate",NA,"the blueberry","2","Null","target object"
"1130","5c5dc5125eceaa0001d49e27","Drop","Past","tomato","Rate",NA,"you","3","Explicit","you"
"1131","5c5dc5125eceaa0001d49e27","Drop","Past","tomato","Rate",NA,"the bowling ball","2","Explicit","falling object"
"1132","5c5dc5125eceaa0001d49e27","Drop","Past","tomato","Rate",NA,"the tomato","1","Explicit","target object"
"1133","61170774ac0279df55dd786e","Drop","Present","tomato","Rate",NA,"you","1","Null","you"
"1134","61170774ac0279df55dd786e","Drop","Present","tomato","Rate",NA,"the bowling ball","2","Null","falling object"
"1135","61170774ac0279df55dd786e","Drop","Present","tomato","Rate",NA,"the tomato","3","Null","target object"
"1136","61170774ac0279df55dd786e","Drop","Present","tomato","Rate",NA,"you","1","Explicit","you"
"1137","61170774ac0279df55dd786e","Drop","Present","tomato","Rate",NA,"the bowling ball","2","Explicit","falling object"
"1138","61170774ac0279df55dd786e","Drop","Present","tomato","Rate",NA,"the tomato","3","Explicit","target object"
"1139","61170774ac0279df55dd786e","Drop","Past","muffin","Rate",NA,"you","1","Null","you"
"1140","61170774ac0279df55dd786e","Drop","Past","muffin","Rate",NA,"the bowling ball","2","Null","falling object"
"1141","61170774ac0279df55dd786e","Drop","Past","muffin","Rate",NA,"the muffin","3","Null","target object"
"1142","61170774ac0279df55dd786e","Drop","Past","Blueberry","Rate",NA,"you","3","Explicit","you"
"1143","61170774ac0279df55dd786e","Drop","Past","Blueberry","Rate",NA,"the bowling ball","1","Explicit","falling object"
"1144","61170774ac0279df55dd786e","Drop","Past","Blueberry","Rate",NA,"the blueberry","2","Explicit","target object"
"1145","5d65e493c9ec690019760664","Drop","Present","Blueberry","Rate",NA,"you","3","Null","you"
"1146","5d65e493c9ec690019760664","Drop","Present","Blueberry","Rate",NA,"the bowling ball","2","Null","falling object"
"1147","5d65e493c9ec690019760664","Drop","Present","Blueberry","Rate",NA,"the blueberry","1","Null","target object"
"1148","5d65e493c9ec690019760664","Drop","Present","muffin","Rate",NA,"you","3","Explicit","you"
"1149","5d65e493c9ec690019760664","Drop","Present","muffin","Rate",NA,"the bowling ball","2","Explicit","falling object"
"1150","5d65e493c9ec690019760664","Drop","Present","muffin","Rate",NA,"the muffin","1","Explicit","target object"
"1151","5d65e493c9ec690019760664","Drop","Past","Blueberry","Rate",NA,"you","3","Null","you"
"1152","5d65e493c9ec690019760664","Drop","Past","Blueberry","Rate",NA,"the bowling ball","2","Null","falling object"
"1153","5d65e493c9ec690019760664","Drop","Past","Blueberry","Rate",NA,"the blueberry","1","Null","target object"
"1154","5d65e493c9ec690019760664","Drop","Past","muffin","Rate",NA,"you","3","Explicit","you"
"1155","5d65e493c9ec690019760664","Drop","Past","muffin","Rate",NA,"the bowling ball","1","Explicit","falling object"
"1156","5d65e493c9ec690019760664","Drop","Past","muffin","Rate",NA,"the muffin","2","Explicit","target object"
"1157","5865dd647fbbcd00013973b8","Drop","Present","muffin","Rate",NA,"you","3","Null","you"
"1158","5865dd647fbbcd00013973b8","Drop","Present","muffin","Rate",NA,"the bowling ball","1","Null","falling object"
"1159","5865dd647fbbcd00013973b8","Drop","Present","muffin","Rate",NA,"the muffin","2","Null","target object"
"1160","5865dd647fbbcd00013973b8","Drop","Present","Blueberry","Rate",NA,"you","3","Explicit","you"
"1161","5865dd647fbbcd00013973b8","Drop","Present","Blueberry","Rate",NA,"the bowling ball","1","Explicit","falling object"
"1162","5865dd647fbbcd00013973b8","Drop","Present","Blueberry","Rate",NA,"the blueberry","2","Explicit","target object"
"1163","5865dd647fbbcd00013973b8","Drop","Past","tomato","Rate",NA,"you","3","Null","you"
"1164","5865dd647fbbcd00013973b8","Drop","Past","tomato","Rate",NA,"the bowling ball","1","Null","falling object"
"1165","5865dd647fbbcd00013973b8","Drop","Past","tomato","Rate",NA,"the tomato","2","Null","target object"
"1166","5865dd647fbbcd00013973b8","Drop","Past","tomato","Rate",NA,"you","3","Explicit","you"
"1167","5865dd647fbbcd00013973b8","Drop","Past","tomato","Rate",NA,"the bowling ball","1","Explicit","falling object"
"1168","5865dd647fbbcd00013973b8","Drop","Past","tomato","Rate",NA,"the tomato","2","Explicit","target object"
"1169","5e3b5fa9255e7a37bc841135","Drop","Present","tomato","Rate",NA,"you","3","Null","you"
"1170","5e3b5fa9255e7a37bc841135","Drop","Present","tomato","Rate",NA,"the bowling ball","2","Null","falling object"
"1171","5e3b5fa9255e7a37bc841135","Drop","Present","tomato","Rate",NA,"the tomato","1","Null","target object"
"1172","5e3b5fa9255e7a37bc841135","Drop","Present","Blueberry","Rate",NA,"you","3","Explicit","you"
"1173","5e3b5fa9255e7a37bc841135","Drop","Present","Blueberry","Rate",NA,"the bowling ball","2","Explicit","falling object"
"1174","5e3b5fa9255e7a37bc841135","Drop","Present","Blueberry","Rate",NA,"the blueberry","1","Explicit","target object"
"1175","5e3b5fa9255e7a37bc841135","Drop","Past","tomato","Rate",NA,"you","3","Null","you"
"1176","5e3b5fa9255e7a37bc841135","Drop","Past","tomato","Rate",NA,"the bowling ball","2","Null","falling object"
"1177","5e3b5fa9255e7a37bc841135","Drop","Past","tomato","Rate",NA,"the tomato","1","Null","target object"
"1178","5e3b5fa9255e7a37bc841135","Drop","Past","tomato","Rate",NA,"you","3","Explicit","you"
"1179","5e3b5fa9255e7a37bc841135","Drop","Past","tomato","Rate",NA,"the bowling ball","1","Explicit","falling object"
"1180","5e3b5fa9255e7a37bc841135","Drop","Past","tomato","Rate",NA,"the tomato","2","Explicit","target object"
"1181","60625ed75d51101099ea62df","Drop","Present","Blueberry","Rate",NA,"you","3","Null","you"
"1182","60625ed75d51101099ea62df","Drop","Present","Blueberry","Rate",NA,"the bowling ball","1","Null","falling object"
"1183","60625ed75d51101099ea62df","Drop","Present","Blueberry","Rate",NA,"the blueberry","2","Null","target object"
"1184","60625ed75d51101099ea62df","Drop","Present","muffin","Rate",NA,"you","3","Explicit","you"
"1185","60625ed75d51101099ea62df","Drop","Present","muffin","Rate",NA,"the bowling ball","1","Explicit","falling object"
"1186","60625ed75d51101099ea62df","Drop","Present","muffin","Rate",NA,"the muffin","2","Explicit","target object"
"1187","60625ed75d51101099ea62df","Drop","Past","Blueberry","Rate",NA,"you","3","Null","you"
"1188","60625ed75d51101099ea62df","Drop","Past","Blueberry","Rate",NA,"the bowling ball","1","Null","falling object"
"1189","60625ed75d51101099ea62df","Drop","Past","Blueberry","Rate",NA,"the blueberry","2","Null","target object"
"1190","60625ed75d51101099ea62df","Drop","Past","Blueberry","Rate",NA,"you","3","Explicit","you"
"1191","60625ed75d51101099ea62df","Drop","Past","Blueberry","Rate",NA,"the bowling ball","2","Explicit","falling object"
"1192","60625ed75d51101099ea62df","Drop","Past","Blueberry","Rate",NA,"the blueberry","1","Explicit","target object"
"1193","615484378ed6e9e648ce3ff9","Drop","Present","muffin","Rate",NA,"you","1","Null","you"
"1194","615484378ed6e9e648ce3ff9","Drop","Present","muffin","Rate",NA,"the bowling ball","2","Null","falling object"
"1195","615484378ed6e9e648ce3ff9","Drop","Present","muffin","Rate",NA,"the muffin","3","Null","target object"
"1196","615484378ed6e9e648ce3ff9","Drop","Present","muffin","Rate",NA,"you","1","Explicit","you"
"1197","615484378ed6e9e648ce3ff9","Drop","Present","muffin","Rate",NA,"the bowling ball","2","Explicit","falling object"
"1198","615484378ed6e9e648ce3ff9","Drop","Present","muffin","Rate",NA,"the muffin","3","Explicit","target object"
"1199","615484378ed6e9e648ce3ff9","Drop","Past","muffin","Rate",NA,"you","1","Null","you"
"1200","615484378ed6e9e648ce3ff9","Drop","Past","muffin","Rate",NA,"the bowling ball","2","Null","falling object"
"1201","615484378ed6e9e648ce3ff9","Drop","Past","muffin","Rate",NA,"the muffin","3","Null","target object"
"1202","615484378ed6e9e648ce3ff9","Drop","Past","muffin","Rate",NA,"you","1","Explicit","you"
"1203","615484378ed6e9e648ce3ff9","Drop","Past","muffin","Rate",NA,"the bowling ball","2","Explicit","falling object"
"1204","615484378ed6e9e648ce3ff9","Drop","Past","muffin","Rate",NA,"the muffin","3","Explicit","target object"
"1205","6148bfc30aaff83ef4e878b1","Drop","Present","Blueberry","Rate",NA,"you","3","Null","you"
"1206","6148bfc30aaff83ef4e878b1","Drop","Present","Blueberry","Rate",NA,"the bowling ball","2","Null","falling object"
"1207","6148bfc30aaff83ef4e878b1","Drop","Present","Blueberry","Rate",NA,"the blueberry","1","Null","target object"
"1208","6148bfc30aaff83ef4e878b1","Drop","Present","tomato","Rate",NA,"you","3","Explicit","you"
"1209","6148bfc30aaff83ef4e878b1","Drop","Present","tomato","Rate",NA,"the bowling ball","1","Explicit","falling object"
"1210","6148bfc30aaff83ef4e878b1","Drop","Present","tomato","Rate",NA,"the tomato","2","Explicit","target object"
"1211","6148bfc30aaff83ef4e878b1","Drop","Past","muffin","Rate",NA,"you","3","Null","you"
"1212","6148bfc30aaff83ef4e878b1","Drop","Past","muffin","Rate",NA,"the bowling ball","2","Null","falling object"
"1213","6148bfc30aaff83ef4e878b1","Drop","Past","muffin","Rate",NA,"the muffin","1","Null","target object"
"1214","6148bfc30aaff83ef4e878b1","Drop","Past","muffin","Rate",NA,"you","3","Explicit","you"
"1215","6148bfc30aaff83ef4e878b1","Drop","Past","muffin","Rate",NA,"the bowling ball","2","Explicit","falling object"
"1216","6148bfc30aaff83ef4e878b1","Drop","Past","muffin","Rate",NA,"the muffin","1","Explicit","target object"
"1217","5e9317f16914d115371902bd","Drop","Present","tomato","Rate",NA,"you","2","Null","you"
"1218","5e9317f16914d115371902bd","Drop","Present","tomato","Rate",NA,"the bowling ball","1","Null","falling object"
"1219","5e9317f16914d115371902bd","Drop","Present","tomato","Rate",NA,"the tomato","3","Null","target object"
"1220","5e9317f16914d115371902bd","Drop","Present","tomato","Rate",NA,"you","2","Explicit","you"
"1221","5e9317f16914d115371902bd","Drop","Present","tomato","Rate",NA,"the bowling ball","1","Explicit","falling object"
"1222","5e9317f16914d115371902bd","Drop","Present","tomato","Rate",NA,"the tomato","3","Explicit","target object"
"1223","5e9317f16914d115371902bd","Drop","Past","Blueberry","Rate",NA,"you","2","Null","you"
"1224","5e9317f16914d115371902bd","Drop","Past","Blueberry","Rate",NA,"the bowling ball","1","Null","falling object"
"1225","5e9317f16914d115371902bd","Drop","Past","Blueberry","Rate",NA,"the blueberry","3","Null","target object"
"1226","5e9317f16914d115371902bd","Drop","Past","tomato","Rate",NA,"you","2","Explicit","you"
"1227","5e9317f16914d115371902bd","Drop","Past","tomato","Rate",NA,"the bowling ball","1","Explicit","falling object"
"1228","5e9317f16914d115371902bd","Drop","Past","tomato","Rate",NA,"the tomato","3","Explicit","target object"
"1229","5ff81ab8d6f3fa546efbad4e","Drop","Present","muffin","Rate",NA,"you","3","Null","you"
"1230","5ff81ab8d6f3fa546efbad4e","Drop","Present","muffin","Rate",NA,"the bowling ball","2","Null","falling object"
"1231","5ff81ab8d6f3fa546efbad4e","Drop","Present","muffin","Rate",NA,"the muffin","1","Null","target object"
"1232","5ff81ab8d6f3fa546efbad4e","Drop","Present","tomato","Rate",NA,"you","3","Explicit","you"
"1233","5ff81ab8d6f3fa546efbad4e","Drop","Present","tomato","Rate",NA,"the bowling ball","1","Explicit","falling object"
"1234","5ff81ab8d6f3fa546efbad4e","Drop","Present","tomato","Rate",NA,"the tomato","2","Explicit","target object"
"1235","5ff81ab8d6f3fa546efbad4e","Drop","Past","tomato","Rate",NA,"you","3","Null","you"
"1236","5ff81ab8d6f3fa546efbad4e","Drop","Past","tomato","Rate",NA,"the bowling ball","2","Null","falling object"
"1237","5ff81ab8d6f3fa546efbad4e","Drop","Past","tomato","Rate",NA,"the tomato","1","Null","target object"
"1238","5ff81ab8d6f3fa546efbad4e","Drop","Past","Blueberry","Rate",NA,"you","3","Explicit","you"
"1239","5ff81ab8d6f3fa546efbad4e","Drop","Past","Blueberry","Rate",NA,"the bowling ball","1","Explicit","falling object"
"1240","5ff81ab8d6f3fa546efbad4e","Drop","Past","Blueberry","Rate",NA,"the blueberry","2","Explicit","target object"
"1241","5cb71fcd98a1f100011c56fb","Drop","Present","tomato","Rate",NA,"you","2","Null","you"
"1242","5cb71fcd98a1f100011c56fb","Drop","Present","tomato","Rate",NA,"the bowling ball","1","Null","falling object"
"1243","5cb71fcd98a1f100011c56fb","Drop","Present","tomato","Rate",NA,"the tomato","3","Null","target object"
"1244","5cb71fcd98a1f100011c56fb","Drop","Present","Blueberry","Rate",NA,"you","2","Explicit","you"
"1245","5cb71fcd98a1f100011c56fb","Drop","Present","Blueberry","Rate",NA,"the bowling ball","1","Explicit","falling object"
"1246","5cb71fcd98a1f100011c56fb","Drop","Present","Blueberry","Rate",NA,"the blueberry","3","Explicit","target object"
"1247","5cb71fcd98a1f100011c56fb","Drop","Past","muffin","Rate",NA,"you","2","Null","you"
"1248","5cb71fcd98a1f100011c56fb","Drop","Past","muffin","Rate",NA,"the bowling ball","1","Null","falling object"
"1249","5cb71fcd98a1f100011c56fb","Drop","Past","muffin","Rate",NA,"the muffin","3","Null","target object"
"1250","5cb71fcd98a1f100011c56fb","Drop","Past","Blueberry","Rate",NA,"you","2","Explicit","you"
"1251","5cb71fcd98a1f100011c56fb","Drop","Past","Blueberry","Rate",NA,"the bowling ball","1","Explicit","falling object"
"1252","5cb71fcd98a1f100011c56fb","Drop","Past","Blueberry","Rate",NA,"the blueberry","3","Explicit","target object"
"1253","60338f35010951035cca4a91","Drop","Present","Blueberry","Rate",NA,"you","1","Null","you"
"1254","60338f35010951035cca4a91","Drop","Present","Blueberry","Rate",NA,"the bowling ball","2","Null","falling object"
"1255","60338f35010951035cca4a91","Drop","Present","Blueberry","Rate",NA,"the blueberry","3","Null","target object"
"1256","60338f35010951035cca4a91","Drop","Present","tomato","Rate",NA,"you","3","Explicit","you"
"1257","60338f35010951035cca4a91","Drop","Present","tomato","Rate",NA,"the bowling ball","2","Explicit","falling object"
"1258","60338f35010951035cca4a91","Drop","Present","tomato","Rate",NA,"the tomato","1","Explicit","target object"
"1259","60338f35010951035cca4a91","Drop","Past","tomato","Rate",NA,"you","3","Null","you"
"1260","60338f35010951035cca4a91","Drop","Past","tomato","Rate",NA,"the bowling ball","2","Null","falling object"
"1261","60338f35010951035cca4a91","Drop","Past","tomato","Rate",NA,"the tomato","1","Null","target object"
"1262","60338f35010951035cca4a91","Drop","Past","muffin","Rate",NA,"you","1","Explicit","you"
"1263","60338f35010951035cca4a91","Drop","Past","muffin","Rate",NA,"the bowling ball","2","Explicit","falling object"
"1264","60338f35010951035cca4a91","Drop","Past","muffin","Rate",NA,"the muffin","3","Explicit","target object"
"1265","6159e5f964d5b78cedb9c192","Drop","Present","tomato","Rate",NA,"you","3","Null","you"
"1266","6159e5f964d5b78cedb9c192","Drop","Present","tomato","Rate",NA,"the bowling ball","2","Null","falling object"
"1267","6159e5f964d5b78cedb9c192","Drop","Present","tomato","Rate",NA,"the tomato","1","Null","target object"
"1268","6159e5f964d5b78cedb9c192","Drop","Present","Blueberry","Rate",NA,"you","3","Explicit","you"
"1269","6159e5f964d5b78cedb9c192","Drop","Present","Blueberry","Rate",NA,"the bowling ball","2","Explicit","falling object"
"1270","6159e5f964d5b78cedb9c192","Drop","Present","Blueberry","Rate",NA,"the blueberry","1","Explicit","target object"
"1271","6159e5f964d5b78cedb9c192","Drop","Past","Blueberry","Rate",NA,"you","3","Null","you"
"1272","6159e5f964d5b78cedb9c192","Drop","Past","Blueberry","Rate",NA,"the bowling ball","2","Null","falling object"
"1273","6159e5f964d5b78cedb9c192","Drop","Past","Blueberry","Rate",NA,"the blueberry","1","Null","target object"
"1274","6159e5f964d5b78cedb9c192","Drop","Past","tomato","Rate",NA,"you","3","Explicit","you"
"1275","6159e5f964d5b78cedb9c192","Drop","Past","tomato","Rate",NA,"the bowling ball","2","Explicit","falling object"
"1276","6159e5f964d5b78cedb9c192","Drop","Past","tomato","Rate",NA,"the tomato","1","Explicit","target object"
"1277","5e89e89bf025be000c01eead","Drop","Present","Blueberry","Rate",NA,"you","3","Null","you"
"1278","5e89e89bf025be000c01eead","Drop","Present","Blueberry","Rate",NA,"the bowling ball","1","Null","falling object"
"1279","5e89e89bf025be000c01eead","Drop","Present","Blueberry","Rate",NA,"the blueberry","2","Null","target object"
"1280","5e89e89bf025be000c01eead","Drop","Present","muffin","Rate",NA,"you","1","Explicit","you"
"1281","5e89e89bf025be000c01eead","Drop","Present","muffin","Rate",NA,"the bowling ball","2","Explicit","falling object"
"1282","5e89e89bf025be000c01eead","Drop","Present","muffin","Rate",NA,"the muffin","3","Explicit","target object"
"1283","5e89e89bf025be000c01eead","Drop","Past","tomato","Rate",NA,"you","1","Null","you"
"1284","5e89e89bf025be000c01eead","Drop","Past","tomato","Rate",NA,"the bowling ball","3","Null","falling object"
"1285","5e89e89bf025be000c01eead","Drop","Past","tomato","Rate",NA,"the tomato","2","Null","target object"
"1286","5e89e89bf025be000c01eead","Drop","Past","muffin","Rate",NA,"you","2","Explicit","you"
"1287","5e89e89bf025be000c01eead","Drop","Past","muffin","Rate",NA,"the bowling ball","3","Explicit","falling object"
"1288","5e89e89bf025be000c01eead","Drop","Past","muffin","Rate",NA,"the muffin","1","Explicit","target object"
"1289","5a8adbd3f1408d000176a8d5","Drop","Present","muffin","Rate",NA,"you","2","Null","you"
"1290","5a8adbd3f1408d000176a8d5","Drop","Present","muffin","Rate",NA,"the bowling ball","1","Null","falling object"
"1291","5a8adbd3f1408d000176a8d5","Drop","Present","muffin","Rate",NA,"the muffin","3","Null","target object"
"1292","5a8adbd3f1408d000176a8d5","Drop","Present","muffin","Rate",NA,"you","2","Explicit","you"
"1293","5a8adbd3f1408d000176a8d5","Drop","Present","muffin","Rate",NA,"the bowling ball","1","Explicit","falling object"
"1294","5a8adbd3f1408d000176a8d5","Drop","Present","muffin","Rate",NA,"the muffin","3","Explicit","target object"
"1295","5a8adbd3f1408d000176a8d5","Drop","Past","muffin","Rate",NA,"you","2","Null","you"
"1296","5a8adbd3f1408d000176a8d5","Drop","Past","muffin","Rate",NA,"the bowling ball","1","Null","falling object"
"1297","5a8adbd3f1408d000176a8d5","Drop","Past","muffin","Rate",NA,"the muffin","3","Null","target object"
"1298","5a8adbd3f1408d000176a8d5","Drop","Past","tomato","Rate",NA,"you","3","Explicit","you"
"1299","5a8adbd3f1408d000176a8d5","Drop","Past","tomato","Rate",NA,"the bowling ball","2","Explicit","falling object"
"1300","5a8adbd3f1408d000176a8d5","Drop","Past","tomato","Rate",NA,"the tomato","1","Explicit","target object"
"1301","5d3b0da8a884020001881773","Drop","Present","Blueberry","Rate",NA,"you","3","Null","you"
"1302","5d3b0da8a884020001881773","Drop","Present","Blueberry","Rate",NA,"the bowling ball","1","Null","falling object"
"1303","5d3b0da8a884020001881773","Drop","Present","Blueberry","Rate",NA,"the blueberry","2","Null","target object"
"1304","5d3b0da8a884020001881773","Drop","Present","tomato","Rate",NA,"you","3","Explicit","you"
"1305","5d3b0da8a884020001881773","Drop","Present","tomato","Rate",NA,"the bowling ball","1","Explicit","falling object"
"1306","5d3b0da8a884020001881773","Drop","Present","tomato","Rate",NA,"the tomato","2","Explicit","target object"
"1307","5d3b0da8a884020001881773","Drop","Past","Blueberry","Rate",NA,"you","3","Null","you"
"1308","5d3b0da8a884020001881773","Drop","Past","Blueberry","Rate",NA,"the bowling ball","1","Null","falling object"
"1309","5d3b0da8a884020001881773","Drop","Past","Blueberry","Rate",NA,"the blueberry","2","Null","target object"
"1310","5d3b0da8a884020001881773","Drop","Past","Blueberry","Rate",NA,"you","3","Explicit","you"
"1311","5d3b0da8a884020001881773","Drop","Past","Blueberry","Rate",NA,"the bowling ball","1","Explicit","falling object"
"1312","5d3b0da8a884020001881773","Drop","Past","Blueberry","Rate",NA,"the blueberry","2","Explicit","target object"
"1313","58da74c7f94de20001fbd4af","Drop","Present","muffin","Rate",NA,"you","1","Null","you"
"1314","58da74c7f94de20001fbd4af","Drop","Present","muffin","Rate",NA,"the bowling ball","2","Null","falling object"
"1315","58da74c7f94de20001fbd4af","Drop","Present","muffin","Rate",NA,"the muffin","3","Null","target object"
"1316","58da74c7f94de20001fbd4af","Drop","Present","muffin","Rate",NA,"you","1","Explicit","you"
"1317","58da74c7f94de20001fbd4af","Drop","Present","muffin","Rate",NA,"the bowling ball","2","Explicit","falling object"
"1318","58da74c7f94de20001fbd4af","Drop","Present","muffin","Rate",NA,"the muffin","3","Explicit","target object"
"1319","58da74c7f94de20001fbd4af","Drop","Past","muffin","Rate",NA,"you","1","Null","you"
"1320","58da74c7f94de20001fbd4af","Drop","Past","muffin","Rate",NA,"the bowling ball","2","Null","falling object"
"1321","58da74c7f94de20001fbd4af","Drop","Past","muffin","Rate",NA,"the muffin","3","Null","target object"
"1322","58da74c7f94de20001fbd4af","Drop","Past","Blueberry","Rate",NA,"you","1","Explicit","you"
"1323","58da74c7f94de20001fbd4af","Drop","Past","Blueberry","Rate",NA,"the bowling ball","2","Explicit","falling object"
"1324","58da74c7f94de20001fbd4af","Drop","Past","Blueberry","Rate",NA,"the blueberry","3","Explicit","target object"
"1325","608c11f91f51a4297ce3b213","Drop","Present","tomato","Rate",NA,"you","3","Null","you"
"1326","608c11f91f51a4297ce3b213","Drop","Present","tomato","Rate",NA,"the bowling ball","1","Null","falling object"
"1327","608c11f91f51a4297ce3b213","Drop","Present","tomato","Rate",NA,"the tomato","2","Null","target object"
"1328","608c11f91f51a4297ce3b213","Drop","Present","tomato","Rate",NA,"you","3","Explicit","you"
"1329","608c11f91f51a4297ce3b213","Drop","Present","tomato","Rate",NA,"the bowling ball","1","Explicit","falling object"
"1330","608c11f91f51a4297ce3b213","Drop","Present","tomato","Rate",NA,"the tomato","2","Explicit","target object"
"1331","608c11f91f51a4297ce3b213","Drop","Past","Blueberry","Rate",NA,"you","3","Null","you"
"1332","608c11f91f51a4297ce3b213","Drop","Past","Blueberry","Rate",NA,"the bowling ball","1","Null","falling object"
"1333","608c11f91f51a4297ce3b213","Drop","Past","Blueberry","Rate",NA,"the blueberry","2","Null","target object"
"1334","608c11f91f51a4297ce3b213","Drop","Past","tomato","Rate",NA,"you","3","Explicit","you"
"1335","608c11f91f51a4297ce3b213","Drop","Past","tomato","Rate",NA,"the bowling ball","1","Explicit","falling object"
"1336","608c11f91f51a4297ce3b213","Drop","Past","tomato","Rate",NA,"the tomato","2","Explicit","target object"
"1337","600a9ab59e9b701db49fbec1","Drop","Present","muffin","Rate",NA,"you","3","Null","you"
"1338","600a9ab59e9b701db49fbec1","Drop","Present","muffin","Rate",NA,"the bowling ball","2","Null","falling object"
"1339","600a9ab59e9b701db49fbec1","Drop","Present","muffin","Rate",NA,"the muffin","1","Null","target object"
"1340","600a9ab59e9b701db49fbec1","Drop","Present","muffin","Rate",NA,"you","3","Explicit","you"
"1341","600a9ab59e9b701db49fbec1","Drop","Present","muffin","Rate",NA,"the bowling ball","2","Explicit","falling object"
"1342","600a9ab59e9b701db49fbec1","Drop","Present","muffin","Rate",NA,"the muffin","1","Explicit","target object"
"1343","600a9ab59e9b701db49fbec1","Drop","Past","tomato","Rate",NA,"you","3","Null","you"
"1344","600a9ab59e9b701db49fbec1","Drop","Past","tomato","Rate",NA,"the bowling ball","2","Null","falling object"
"1345","600a9ab59e9b701db49fbec1","Drop","Past","tomato","Rate",NA,"the tomato","1","Null","target object"
"1346","600a9ab59e9b701db49fbec1","Drop","Past","muffin","Rate",NA,"you","3","Explicit","you"
"1347","600a9ab59e9b701db49fbec1","Drop","Past","muffin","Rate",NA,"the bowling ball","2","Explicit","falling object"
"1348","600a9ab59e9b701db49fbec1","Drop","Past","muffin","Rate",NA,"the muffin","1","Explicit","target object"
"1349","5e5ba8c45cd2ad38c93ca999","Drop","Present","tomato","Rate",NA,"you","3","Null","you"
"1350","5e5ba8c45cd2ad38c93ca999","Drop","Present","tomato","Rate",NA,"the bowling ball","2","Null","falling object"
"1351","5e5ba8c45cd2ad38c93ca999","Drop","Present","tomato","Rate",NA,"the tomato","1","Null","target object"
"1352","5e5ba8c45cd2ad38c93ca999","Drop","Present","Blueberry","Rate",NA,"you","3","Explicit","you"
"1353","5e5ba8c45cd2ad38c93ca999","Drop","Present","Blueberry","Rate",NA,"the bowling ball","1","Explicit","falling object"
"1354","5e5ba8c45cd2ad38c93ca999","Drop","Present","Blueberry","Rate",NA,"the blueberry","2","Explicit","target object"
"1355","5e5ba8c45cd2ad38c93ca999","Drop","Past","tomato","Rate",NA,"you","3","Null","you"
"1356","5e5ba8c45cd2ad38c93ca999","Drop","Past","tomato","Rate",NA,"the bowling ball","2","Null","falling object"
"1357","5e5ba8c45cd2ad38c93ca999","Drop","Past","tomato","Rate",NA,"the tomato","1","Null","target object"
"1358","5e5ba8c45cd2ad38c93ca999","Drop","Past","Blueberry","Rate",NA,"you","3","Explicit","you"
"1359","5e5ba8c45cd2ad38c93ca999","Drop","Past","Blueberry","Rate",NA,"the bowling ball","2","Explicit","falling object"
"1360","5e5ba8c45cd2ad38c93ca999","Drop","Past","Blueberry","Rate",NA,"the blueberry","1","Explicit","target object"
"1361","5f3714657b2a7d18f42f7316","Drop","Present","Blueberry","Rate",NA,"you","3","Null","you"
"1362","5f3714657b2a7d18f42f7316","Drop","Present","Blueberry","Rate",NA,"the bowling ball","1","Null","falling object"
"1363","5f3714657b2a7d18f42f7316","Drop","Present","Blueberry","Rate",NA,"the blueberry","2","Null","target object"
"1364","5f3714657b2a7d18f42f7316","Drop","Present","muffin","Rate",NA,"you","1","Explicit","you"
"1365","5f3714657b2a7d18f42f7316","Drop","Present","muffin","Rate",NA,"the bowling ball","2","Explicit","falling object"
"1366","5f3714657b2a7d18f42f7316","Drop","Present","muffin","Rate",NA,"the muffin","3","Explicit","target object"
"1367","5f3714657b2a7d18f42f7316","Drop","Past","Blueberry","Rate",NA,"you","1","Null","you"
"1368","5f3714657b2a7d18f42f7316","Drop","Past","Blueberry","Rate",NA,"the bowling ball","2","Null","falling object"
"1369","5f3714657b2a7d18f42f7316","Drop","Past","Blueberry","Rate",NA,"the blueberry","3","Null","target object"
"1370","5f3714657b2a7d18f42f7316","Drop","Past","muffin","Rate",NA,"you","1","Explicit","you"
"1371","5f3714657b2a7d18f42f7316","Drop","Past","muffin","Rate",NA,"the bowling ball","2","Explicit","falling object"
"1372","5f3714657b2a7d18f42f7316","Drop","Past","muffin","Rate",NA,"the muffin","3","Explicit","target object"
"1373","609a54b96c38edbbf5e48251","Drop","Present","Blueberry","Rate",NA,"you","3","Null","you"
"1374","609a54b96c38edbbf5e48251","Drop","Present","Blueberry","Rate",NA,"the bowling ball","1","Null","falling object"
"1375","609a54b96c38edbbf5e48251","Drop","Present","Blueberry","Rate",NA,"the blueberry","2","Null","target object"
"1376","609a54b96c38edbbf5e48251","Drop","Present","muffin","Rate",NA,"you","2","Explicit","you"
"1377","609a54b96c38edbbf5e48251","Drop","Present","muffin","Rate",NA,"the bowling ball","1","Explicit","falling object"
"1378","609a54b96c38edbbf5e48251","Drop","Present","muffin","Rate",NA,"the muffin","3","Explicit","target object"
"1379","609a54b96c38edbbf5e48251","Drop","Past","muffin","Rate",NA,"you","2","Null","you"
"1380","609a54b96c38edbbf5e48251","Drop","Past","muffin","Rate",NA,"the bowling ball","1","Null","falling object"
"1381","609a54b96c38edbbf5e48251","Drop","Past","muffin","Rate",NA,"the muffin","3","Null","target object"
"1382","609a54b96c38edbbf5e48251","Drop","Past","tomato","Rate",NA,"you","2","Explicit","you"
"1383","609a54b96c38edbbf5e48251","Drop","Past","tomato","Rate",NA,"the bowling ball","1","Explicit","falling object"
"1384","609a54b96c38edbbf5e48251","Drop","Past","tomato","Rate",NA,"the tomato","3","Explicit","target object"
"1385","5fdc9a58c0e40a22b2592664","Drop","Present","tomato","Rate",NA,"you","3","Null","you"
"1386","5fdc9a58c0e40a22b2592664","Drop","Present","tomato","Rate",NA,"the bowling ball","1","Null","falling object"
"1387","5fdc9a58c0e40a22b2592664","Drop","Present","tomato","Rate",NA,"the tomato","2","Null","target object"
"1388","5fdc9a58c0e40a22b2592664","Drop","Present","muffin","Rate",NA,"you","3","Explicit","you"
"1389","5fdc9a58c0e40a22b2592664","Drop","Present","muffin","Rate",NA,"the bowling ball","1","Explicit","falling object"
"1390","5fdc9a58c0e40a22b2592664","Drop","Present","muffin","Rate",NA,"the muffin","2","Explicit","target object"
"1391","5fdc9a58c0e40a22b2592664","Drop","Past","tomato","Rate",NA,"you","3","Null","you"
"1392","5fdc9a58c0e40a22b2592664","Drop","Past","tomato","Rate",NA,"the bowling ball","1","Null","falling object"
"1393","5fdc9a58c0e40a22b2592664","Drop","Past","tomato","Rate",NA,"the tomato","2","Null","target object"
"1394","5fdc9a58c0e40a22b2592664","Drop","Past","Blueberry","Rate",NA,"you","3","Explicit","you"
"1395","5fdc9a58c0e40a22b2592664","Drop","Past","Blueberry","Rate",NA,"the bowling ball","1","Explicit","falling object"
"1396","5fdc9a58c0e40a22b2592664","Drop","Past","Blueberry","Rate",NA,"the blueberry","2","Explicit","target object"
"1397","616411663192409b311ae909","Drop","Present","muffin","Rate",NA,"you","3","Null","you"
"1398","616411663192409b311ae909","Drop","Present","muffin","Rate",NA,"the bowling ball","1","Null","falling object"
"1399","616411663192409b311ae909","Drop","Present","muffin","Rate",NA,"the muffin","2","Null","target object"
"1400","616411663192409b311ae909","Drop","Present","tomato","Rate",NA,"you","3","Explicit","you"
"1401","616411663192409b311ae909","Drop","Present","tomato","Rate",NA,"the bowling ball","1","Explicit","falling object"
"1402","616411663192409b311ae909","Drop","Present","tomato","Rate",NA,"the tomato","2","Explicit","target object"
"1403","616411663192409b311ae909","Drop","Past","muffin","Rate",NA,"you","3","Null","you"
"1404","616411663192409b311ae909","Drop","Past","muffin","Rate",NA,"the bowling ball","1","Null","falling object"
"1405","616411663192409b311ae909","Drop","Past","muffin","Rate",NA,"the muffin","2","Null","target object"
"1406","616411663192409b311ae909","Drop","Past","tomato","Rate",NA,"you","3","Explicit","you"
"1407","616411663192409b311ae909","Drop","Past","tomato","Rate",NA,"the bowling ball","1","Explicit","falling object"
"1408","616411663192409b311ae909","Drop","Past","tomato","Rate",NA,"the tomato","2","Explicit","target object"
"1409","5db9877aee6f57000b1487c5","Drop","Present","tomato","Rate",NA,"you","3","Null","you"
"1410","5db9877aee6f57000b1487c5","Drop","Present","tomato","Rate",NA,"the bowling ball","2","Null","falling object"
"1411","5db9877aee6f57000b1487c5","Drop","Present","tomato","Rate",NA,"the tomato","1","Null","target object"
"1412","5db9877aee6f57000b1487c5","Drop","Present","tomato","Rate",NA,"you","1","Explicit","you"
"1413","5db9877aee6f57000b1487c5","Drop","Present","tomato","Rate",NA,"the bowling ball","2","Explicit","falling object"
"1414","5db9877aee6f57000b1487c5","Drop","Present","tomato","Rate",NA,"the tomato","3","Explicit","target object"
"1415","5db9877aee6f57000b1487c5","Drop","Past","Blueberry","Rate",NA,"you","3","Null","you"
"1416","5db9877aee6f57000b1487c5","Drop","Past","Blueberry","Rate",NA,"the bowling ball","2","Null","falling object"
"1417","5db9877aee6f57000b1487c5","Drop","Past","Blueberry","Rate",NA,"the blueberry","1","Null","target object"
"1418","5db9877aee6f57000b1487c5","Drop","Past","muffin","Rate",NA,"you","1","Explicit","you"
"1419","5db9877aee6f57000b1487c5","Drop","Past","muffin","Rate",NA,"the bowling ball","2","Explicit","falling object"
"1420","5db9877aee6f57000b1487c5","Drop","Past","muffin","Rate",NA,"the muffin","3","Explicit","target object"
"1421","5b28c29b2bc7780001c23000","Drop","Present","Blueberry","Rate",NA,"you","3","Null","you"
"1422","5b28c29b2bc7780001c23000","Drop","Present","Blueberry","Rate",NA,"the bowling ball","1","Null","falling object"
"1423","5b28c29b2bc7780001c23000","Drop","Present","Blueberry","Rate",NA,"the blueberry","2","Null","target object"
"1424","5b28c29b2bc7780001c23000","Drop","Present","muffin","Rate",NA,"you","3","Explicit","you"
"1425","5b28c29b2bc7780001c23000","Drop","Present","muffin","Rate",NA,"the bowling ball","1","Explicit","falling object"
"1426","5b28c29b2bc7780001c23000","Drop","Present","muffin","Rate",NA,"the muffin","2","Explicit","target object"
"1427","5b28c29b2bc7780001c23000","Drop","Past","Blueberry","Rate",NA,"you","3","Null","you"
"1428","5b28c29b2bc7780001c23000","Drop","Past","Blueberry","Rate",NA,"the bowling ball","1","Null","falling object"
"1429","5b28c29b2bc7780001c23000","Drop","Past","Blueberry","Rate",NA,"the blueberry","2","Null","target object"
"1430","5b28c29b2bc7780001c23000","Drop","Past","Blueberry","Rate",NA,"you","3","Explicit","you"
"1431","5b28c29b2bc7780001c23000","Drop","Past","Blueberry","Rate",NA,"the bowling ball","1","Explicit","falling object"
"1432","5b28c29b2bc7780001c23000","Drop","Past","Blueberry","Rate",NA,"the blueberry","2","Explicit","target object"
"1433","5dfb75507caa1e89ad5df828","Drop","Present","Blueberry","Rate",NA,"you","3","Null","you"
"1434","5dfb75507caa1e89ad5df828","Drop","Present","Blueberry","Rate",NA,"the bowling ball","1","Null","falling object"
"1435","5dfb75507caa1e89ad5df828","Drop","Present","Blueberry","Rate",NA,"the blueberry","2","Null","target object"
"1436","5dfb75507caa1e89ad5df828","Drop","Present","Blueberry","Rate",NA,"you","2","Explicit","you"
"1437","5dfb75507caa1e89ad5df828","Drop","Present","Blueberry","Rate",NA,"the bowling ball","1","Explicit","falling object"
"1438","5dfb75507caa1e89ad5df828","Drop","Present","Blueberry","Rate",NA,"the blueberry","3","Explicit","target object"
"1439","5dfb75507caa1e89ad5df828","Drop","Past","tomato","Rate",NA,"you","2","Null","you"
"1440","5dfb75507caa1e89ad5df828","Drop","Past","tomato","Rate",NA,"the bowling ball","1","Null","falling object"
"1441","5dfb75507caa1e89ad5df828","Drop","Past","tomato","Rate",NA,"the tomato","3","Null","target object"
"1442","5dfb75507caa1e89ad5df828","Drop","Past","tomato","Rate",NA,"you","3","Explicit","you"
"1443","5dfb75507caa1e89ad5df828","Drop","Past","tomato","Rate",NA,"the bowling ball","2","Explicit","falling object"
"1444","5dfb75507caa1e89ad5df828","Drop","Past","tomato","Rate",NA,"the tomato","1","Explicit","target object"
"1445","5968b8040e679d0001fabd89","Drop","Present","muffin","Rate",NA,"you","3","Null","you"
"1446","5968b8040e679d0001fabd89","Drop","Present","muffin","Rate",NA,"the bowling ball","1","Null","falling object"
"1447","5968b8040e679d0001fabd89","Drop","Present","muffin","Rate",NA,"the muffin","2","Null","target object"
"1448","5968b8040e679d0001fabd89","Drop","Present","tomato","Rate",NA,"you","1","Explicit","you"
"1449","5968b8040e679d0001fabd89","Drop","Present","tomato","Rate",NA,"the bowling ball","2","Explicit","falling object"
"1450","5968b8040e679d0001fabd89","Drop","Present","tomato","Rate",NA,"the tomato","3","Explicit","target object"
"1451","5968b8040e679d0001fabd89","Drop","Past","muffin","Rate",NA,"you","3","Null","you"
"1452","5968b8040e679d0001fabd89","Drop","Past","muffin","Rate",NA,"the bowling ball","1","Null","falling object"
"1453","5968b8040e679d0001fabd89","Drop","Past","muffin","Rate",NA,"the muffin","2","Null","target object"
"1454","5968b8040e679d0001fabd89","Drop","Past","muffin","Rate",NA,"you","1","Explicit","you"
"1455","5968b8040e679d0001fabd89","Drop","Past","muffin","Rate",NA,"the bowling ball","2","Explicit","falling object"
"1456","5968b8040e679d0001fabd89","Drop","Past","muffin","Rate",NA,"the muffin","3","Explicit","target object"
"1457","5c7c3909042bf900012ab4d1","Drop","Present","muffin","Rate",NA,"you","1","Null","you"
"1458","5c7c3909042bf900012ab4d1","Drop","Present","muffin","Rate",NA,"the bowling ball","2","Null","falling object"
"1459","5c7c3909042bf900012ab4d1","Drop","Present","muffin","Rate",NA,"the muffin","3","Null","target object"
"1460","5c7c3909042bf900012ab4d1","Drop","Present","tomato","Rate",NA,"you","1","Explicit","you"
"1461","5c7c3909042bf900012ab4d1","Drop","Present","tomato","Rate",NA,"the bowling ball","3","Explicit","falling object"
"1462","5c7c3909042bf900012ab4d1","Drop","Present","tomato","Rate",NA,"the tomato","2","Explicit","target object"
"1463","5c7c3909042bf900012ab4d1","Drop","Past","Blueberry","Rate",NA,"you","1","Null","you"
"1464","5c7c3909042bf900012ab4d1","Drop","Past","Blueberry","Rate",NA,"the bowling ball","2","Null","falling object"
"1465","5c7c3909042bf900012ab4d1","Drop","Past","Blueberry","Rate",NA,"the blueberry","3","Null","target object"
"1466","5c7c3909042bf900012ab4d1","Drop","Past","muffin","Rate",NA,"you","1","Explicit","you"
"1467","5c7c3909042bf900012ab4d1","Drop","Past","muffin","Rate",NA,"the bowling ball","2","Explicit","falling object"
"1468","5c7c3909042bf900012ab4d1","Drop","Past","muffin","Rate",NA,"the muffin","3","Explicit","target object"
"1469","5ce2a924feca320001f93ee7","Drop","Present","muffin","Rate",NA,"you","3","Null","you"
"1470","5ce2a924feca320001f93ee7","Drop","Present","muffin","Rate",NA,"the bowling ball","1","Null","falling object"
"1471","5ce2a924feca320001f93ee7","Drop","Present","muffin","Rate",NA,"the muffin","2","Null","target object"
"1472","5ce2a924feca320001f93ee7","Drop","Present","muffin","Rate",NA,"you","1","Explicit","you"
"1473","5ce2a924feca320001f93ee7","Drop","Present","muffin","Rate",NA,"the bowling ball","2","Explicit","falling object"
"1474","5ce2a924feca320001f93ee7","Drop","Present","muffin","Rate",NA,"the muffin","3","Explicit","target object"
"1475","5ce2a924feca320001f93ee7","Drop","Past","muffin","Rate",NA,"you","1","Null","you"
"1476","5ce2a924feca320001f93ee7","Drop","Past","muffin","Rate",NA,"the bowling ball","2","Null","falling object"
"1477","5ce2a924feca320001f93ee7","Drop","Past","muffin","Rate",NA,"the muffin","3","Null","target object"
"1478","5ce2a924feca320001f93ee7","Drop","Past","tomato","Rate",NA,"you","3","Explicit","you"
"1479","5ce2a924feca320001f93ee7","Drop","Past","tomato","Rate",NA,"the bowling ball","1","Explicit","falling object"
"1480","5ce2a924feca320001f93ee7","Drop","Past","tomato","Rate",NA,"the tomato","2","Explicit","target object"
