"","id","verb","tense","target_object","question","focus","ranked_object","Ranking","ranked_object_recoded"
"1","66d1d4ade30b7df1bf70728f","Contact","Present","muffin","Rank","NotFocus","the brick","2","falling object"
"2","66d1d4ade30b7df1bf70728f","Contact","Present","muffin","Rank","NotFocus","the muffin","1","target object"
"3","66d1d4ade30b7df1bf70728f","Contact","Past","tomato","Rank","NotFocus","the brick","1","falling object"
"4","66d1d4ade30b7df1bf70728f","Contact","Past","tomato","Rank","NotFocus","the tomato","2","target object"
"5","66d1d4ade30b7df1bf70728f","Contact","Present","tomato","Rank","Focus","the brick","2","falling object"
"6","66d1d4ade30b7df1bf70728f","Contact","Present","tomato","Rank","Focus","the tomato","1","target object"
"7","66d1d4ade30b7df1bf70728f","Contact","Past","Blueberry","Rank","Focus","the brick","1","falling object"
"8","66d1d4ade30b7df1bf70728f","Contact","Past","Blueberry","Rank","Focus","the blueberry","2","target object"
"9","66d1d4ade30b7df1bf70728f","Contact","Present","tomato","Rank","NotFocus","the brick","2","falling object"
"10","66d1d4ade30b7df1bf70728f","Contact","Present","tomato","Rank","NotFocus","the tomato","1","target object"
"11","66d1d4ade30b7df1bf70728f","Contact","Past","muffin","Rank","NotFocus","the brick","2","falling object"
"12","66d1d4ade30b7df1bf70728f","Contact","Past","muffin","Rank","NotFocus","the muffin","1","target object"
"13","66d1d4ade30b7df1bf70728f","Contact","Present","muffin","Rank","Focus","the brick","2","falling object"
"14","66d1d4ade30b7df1bf70728f","Contact","Present","muffin","Rank","Focus","the muffin","1","target object"
"15","66d1d4ade30b7df1bf70728f","Contact","Past","muffin","Rank","Focus","the brick","1","falling object"
"16","66d1d4ade30b7df1bf70728f","Contact","Past","muffin","Rank","Focus","the muffin","2","target object"
"17","611138062881f502878eaa1f","Contact","Present","Blueberry","Rank","NotFocus","the brick","2","falling object"
"18","611138062881f502878eaa1f","Contact","Present","Blueberry","Rank","NotFocus","the blueberry","1","target object"
"19","611138062881f502878eaa1f","Contact","Past","Blueberry","Rank","NotFocus","the brick","2","falling object"
"20","611138062881f502878eaa1f","Contact","Past","Blueberry","Rank","NotFocus","the blueberry","1","target object"
"21","611138062881f502878eaa1f","Contact","Present","Blueberry","Rank","Focus","the brick","2","falling object"
"22","611138062881f502878eaa1f","Contact","Present","Blueberry","Rank","Focus","the blueberry","1","target object"
"23","611138062881f502878eaa1f","Contact","Past","tomato","Rank","Focus","the brick","2","falling object"
"24","611138062881f502878eaa1f","Contact","Past","tomato","Rank","Focus","the tomato","1","target object"
"25","66f6fa16339c2215add1d24b","Contact","Present","Blueberry","Rank","NotFocus","the brick","1","falling object"
"26","66f6fa16339c2215add1d24b","Contact","Present","Blueberry","Rank","NotFocus","the blueberry","2","target object"
"27","66f6fa16339c2215add1d24b","Contact","Past","Blueberry","Rank","NotFocus","the brick","1","falling object"
"28","66f6fa16339c2215add1d24b","Contact","Past","Blueberry","Rank","NotFocus","the blueberry","2","target object"
"29","66f6fa16339c2215add1d24b","Contact","Present","tomato","Rank","Focus","the brick","2","falling object"
"30","66f6fa16339c2215add1d24b","Contact","Present","tomato","Rank","Focus","the tomato","1","target object"
"31","66f6fa16339c2215add1d24b","Contact","Past","muffin","Rank","Focus","the brick","2","falling object"
"32","66f6fa16339c2215add1d24b","Contact","Past","muffin","Rank","Focus","the muffin","1","target object"
"33","67da3a092a34c8e3f47b7243","Contact","Present","tomato","Rank","NotFocus","the brick","1","falling object"
"34","67da3a092a34c8e3f47b7243","Contact","Present","tomato","Rank","NotFocus","the tomato","2","target object"
"35","67da3a092a34c8e3f47b7243","Contact","Past","muffin","Rank","NotFocus","the brick","2","falling object"
"36","67da3a092a34c8e3f47b7243","Contact","Past","muffin","Rank","NotFocus","the muffin","1","target object"
"37","67da3a092a34c8e3f47b7243","Contact","Present","Blueberry","Rank","Focus","the brick","2","falling object"
"38","67da3a092a34c8e3f47b7243","Contact","Present","Blueberry","Rank","Focus","the blueberry","1","target object"
"39","67da3a092a34c8e3f47b7243","Contact","Past","Blueberry","Rank","Focus","the brick","1","falling object"
"40","67da3a092a34c8e3f47b7243","Contact","Past","Blueberry","Rank","Focus","the blueberry","2","target object"
"41","655f9592d623b0eda5248835","Contact","Present","muffin","Rank","NotFocus","the brick","2","falling object"
"42","655f9592d623b0eda5248835","Contact","Present","muffin","Rank","NotFocus","the muffin","1","target object"
"43","655f9592d623b0eda5248835","Contact","Past","muffin","Rank","NotFocus","the brick","1","falling object"
"44","655f9592d623b0eda5248835","Contact","Past","muffin","Rank","NotFocus","the muffin","2","target object"
"45","655f9592d623b0eda5248835","Contact","Present","muffin","Rank","Focus","the brick","2","falling object"
"46","655f9592d623b0eda5248835","Contact","Present","muffin","Rank","Focus","the muffin","1","target object"
"47","655f9592d623b0eda5248835","Contact","Past","tomato","Rank","Focus","the brick","2","falling object"
"48","655f9592d623b0eda5248835","Contact","Past","tomato","Rank","Focus","the tomato","1","target object"
"49","671d83b42ba7384f9b457c86","Contact","Present","Blueberry","Rank","NotFocus","the brick","2","falling object"
"50","671d83b42ba7384f9b457c86","Contact","Present","Blueberry","Rank","NotFocus","the blueberry","1","target object"
"51","671d83b42ba7384f9b457c86","Contact","Past","Blueberry","Rank","NotFocus","the brick","1","falling object"
"52","671d83b42ba7384f9b457c86","Contact","Past","Blueberry","Rank","NotFocus","the blueberry","2","target object"
"53","671d83b42ba7384f9b457c86","Contact","Present","tomato","Rank","Focus","the brick","2","falling object"
"54","671d83b42ba7384f9b457c86","Contact","Present","tomato","Rank","Focus","the tomato","1","target object"
"55","671d83b42ba7384f9b457c86","Contact","Past","tomato","Rank","Focus","the brick","2","falling object"
"56","671d83b42ba7384f9b457c86","Contact","Past","tomato","Rank","Focus","the tomato","1","target object"
"57","67d85dcb0724435011a0629d","Contact","Present","muffin","Rank","NotFocus","the brick","2","falling object"
"58","67d85dcb0724435011a0629d","Contact","Present","muffin","Rank","NotFocus","the muffin","1","target object"
"59","67d85dcb0724435011a0629d","Contact","Past","muffin","Rank","NotFocus","the brick","2","falling object"
"60","67d85dcb0724435011a0629d","Contact","Past","muffin","Rank","NotFocus","the muffin","1","target object"
"61","67d85dcb0724435011a0629d","Contact","Present","muffin","Rank","Focus","the brick","2","falling object"
"62","67d85dcb0724435011a0629d","Contact","Present","muffin","Rank","Focus","the muffin","1","target object"
"63","67d85dcb0724435011a0629d","Contact","Past","muffin","Rank","Focus","the brick","2","falling object"
"64","67d85dcb0724435011a0629d","Contact","Past","muffin","Rank","Focus","the muffin","1","target object"
"65","665a2cdd103e514a43e3d5fc","Contact","Present","muffin","Rank","NotFocus","the brick","2","falling object"
"66","665a2cdd103e514a43e3d5fc","Contact","Present","muffin","Rank","NotFocus","the muffin","1","target object"
"67","665a2cdd103e514a43e3d5fc","Contact","Past","tomato","Rank","NotFocus","the brick","2","falling object"
"68","665a2cdd103e514a43e3d5fc","Contact","Past","tomato","Rank","NotFocus","the tomato","1","target object"
"69","665a2cdd103e514a43e3d5fc","Contact","Present","Blueberry","Rank","Focus","the brick","2","falling object"
"70","665a2cdd103e514a43e3d5fc","Contact","Present","Blueberry","Rank","Focus","the blueberry","1","target object"
"71","665a2cdd103e514a43e3d5fc","Contact","Past","Blueberry","Rank","Focus","the brick","2","falling object"
"72","665a2cdd103e514a43e3d5fc","Contact","Past","Blueberry","Rank","Focus","the blueberry","1","target object"
"73","62e097c92160176b0b9c2619","Contact","Present","muffin","Rank","NotFocus","the brick","1","falling object"
"74","62e097c92160176b0b9c2619","Contact","Present","muffin","Rank","NotFocus","the muffin","2","target object"
"75","62e097c92160176b0b9c2619","Contact","Past","muffin","Rank","NotFocus","the brick","1","falling object"
"76","62e097c92160176b0b9c2619","Contact","Past","muffin","Rank","NotFocus","the muffin","2","target object"
"77","62e097c92160176b0b9c2619","Contact","Present","muffin","Rank","Focus","the brick","2","falling object"
"78","62e097c92160176b0b9c2619","Contact","Present","muffin","Rank","Focus","the muffin","1","target object"
"79","62e097c92160176b0b9c2619","Contact","Past","muffin","Rank","Focus","the brick","2","falling object"
"80","62e097c92160176b0b9c2619","Contact","Past","muffin","Rank","Focus","the muffin","1","target object"
"81","6603412311cbee9e33dbf46e","Contact","Present","Blueberry","Rank","NotFocus","the brick","1","falling object"
"82","6603412311cbee9e33dbf46e","Contact","Present","Blueberry","Rank","NotFocus","the blueberry","2","target object"
"83","6603412311cbee9e33dbf46e","Contact","Past","tomato","Rank","NotFocus","the brick","1","falling object"
"84","6603412311cbee9e33dbf46e","Contact","Past","tomato","Rank","NotFocus","the tomato","2","target object"
"85","6603412311cbee9e33dbf46e","Contact","Present","muffin","Rank","Focus","the brick","1","falling object"
"86","6603412311cbee9e33dbf46e","Contact","Present","muffin","Rank","Focus","the muffin","2","target object"
"87","6603412311cbee9e33dbf46e","Contact","Past","muffin","Rank","Focus","the brick","2","falling object"
"88","6603412311cbee9e33dbf46e","Contact","Past","muffin","Rank","Focus","the muffin","1","target object"
"89","66b66a093af457af36097219","Contact","Present","tomato","Rank","NotFocus","the brick","1","falling object"
"90","66b66a093af457af36097219","Contact","Present","tomato","Rank","NotFocus","the tomato","2","target object"
"91","66b66a093af457af36097219","Contact","Past","tomato","Rank","NotFocus","the brick","1","falling object"
"92","66b66a093af457af36097219","Contact","Past","tomato","Rank","NotFocus","the tomato","2","target object"
"93","66b66a093af457af36097219","Contact","Present","Blueberry","Rank","Focus","the brick","2","falling object"
"94","66b66a093af457af36097219","Contact","Present","Blueberry","Rank","Focus","the blueberry","1","target object"
"95","66b66a093af457af36097219","Contact","Past","tomato","Rank","Focus","the brick","2","falling object"
"96","66b66a093af457af36097219","Contact","Past","tomato","Rank","Focus","the tomato","1","target object"
"97","660e0c2ea09eadd507d4af21","Contact","Present","muffin","Rank","NotFocus","the brick","1","falling object"
"98","660e0c2ea09eadd507d4af21","Contact","Present","muffin","Rank","NotFocus","the muffin","2","target object"
"99","660e0c2ea09eadd507d4af21","Contact","Past","Blueberry","Rank","NotFocus","the brick","1","falling object"
"100","660e0c2ea09eadd507d4af21","Contact","Past","Blueberry","Rank","NotFocus","the blueberry","2","target object"
"101","660e0c2ea09eadd507d4af21","Contact","Present","tomato","Rank","Focus","the brick","2","falling object"
"102","660e0c2ea09eadd507d4af21","Contact","Present","tomato","Rank","Focus","the tomato","1","target object"
"103","660e0c2ea09eadd507d4af21","Contact","Past","tomato","Rank","Focus","the brick","2","falling object"
"104","660e0c2ea09eadd507d4af21","Contact","Past","tomato","Rank","Focus","the tomato","1","target object"
"105","5d2787f7e9b2a00018221059","Contact","Present","tomato","Rank","NotFocus","the brick","1","falling object"
"106","5d2787f7e9b2a00018221059","Contact","Present","tomato","Rank","NotFocus","the tomato","2","target object"
"107","5d2787f7e9b2a00018221059","Contact","Past","muffin","Rank","NotFocus","the brick","1","falling object"
"108","5d2787f7e9b2a00018221059","Contact","Past","muffin","Rank","NotFocus","the muffin","2","target object"
"109","5d2787f7e9b2a00018221059","Contact","Present","muffin","Rank","Focus","the brick","2","falling object"
"110","5d2787f7e9b2a00018221059","Contact","Present","muffin","Rank","Focus","the muffin","1","target object"
"111","5d2787f7e9b2a00018221059","Contact","Past","tomato","Rank","Focus","the brick","2","falling object"
"112","5d2787f7e9b2a00018221059","Contact","Past","tomato","Rank","Focus","the tomato","1","target object"
"113","610013cef98672c7216d4eea","Contact","Present","tomato","Rank","NotFocus","the brick","1","falling object"
"114","610013cef98672c7216d4eea","Contact","Present","tomato","Rank","NotFocus","the tomato","2","target object"
"115","610013cef98672c7216d4eea","Contact","Past","Blueberry","Rank","NotFocus","the brick","1","falling object"
"116","610013cef98672c7216d4eea","Contact","Past","Blueberry","Rank","NotFocus","the blueberry","2","target object"
"117","610013cef98672c7216d4eea","Contact","Present","muffin","Rank","Focus","the brick","2","falling object"
"118","610013cef98672c7216d4eea","Contact","Present","muffin","Rank","Focus","the muffin","1","target object"
"119","610013cef98672c7216d4eea","Contact","Past","Blueberry","Rank","Focus","the brick","2","falling object"
"120","610013cef98672c7216d4eea","Contact","Past","Blueberry","Rank","Focus","the blueberry","1","target object"
"121","660463cc875a9e656e03734f","Contact","Present","Blueberry","Rank","NotFocus","the brick","1","falling object"
"122","660463cc875a9e656e03734f","Contact","Present","Blueberry","Rank","NotFocus","the blueberry","2","target object"
"123","660463cc875a9e656e03734f","Contact","Past","tomato","Rank","NotFocus","the brick","1","falling object"
"124","660463cc875a9e656e03734f","Contact","Past","tomato","Rank","NotFocus","the tomato","2","target object"
"125","660463cc875a9e656e03734f","Contact","Present","tomato","Rank","Focus","the brick","2","falling object"
"126","660463cc875a9e656e03734f","Contact","Present","tomato","Rank","Focus","the tomato","1","target object"
"127","660463cc875a9e656e03734f","Contact","Past","Blueberry","Rank","Focus","the brick","2","falling object"
"128","660463cc875a9e656e03734f","Contact","Past","Blueberry","Rank","Focus","the blueberry","1","target object"
"129","65957950f4f15e01d04ff294","Contact","Present","muffin","Rank","NotFocus","the brick","1","falling object"
"130","65957950f4f15e01d04ff294","Contact","Present","muffin","Rank","NotFocus","the muffin","2","target object"
"131","65957950f4f15e01d04ff294","Contact","Past","tomato","Rank","NotFocus","the brick","1","falling object"
"132","65957950f4f15e01d04ff294","Contact","Past","tomato","Rank","NotFocus","the tomato","2","target object"
"133","65957950f4f15e01d04ff294","Contact","Present","Blueberry","Rank","Focus","the brick","2","falling object"
"134","65957950f4f15e01d04ff294","Contact","Present","Blueberry","Rank","Focus","the blueberry","1","target object"
"135","65957950f4f15e01d04ff294","Contact","Past","Blueberry","Rank","Focus","the brick","2","falling object"
"136","65957950f4f15e01d04ff294","Contact","Past","Blueberry","Rank","Focus","the blueberry","1","target object"
"137","6646726f720d1baaa7e0a343","Contact","Present","Blueberry","Rank","NotFocus","the brick","1","falling object"
"138","6646726f720d1baaa7e0a343","Contact","Present","Blueberry","Rank","NotFocus","the blueberry","2","target object"
"139","6646726f720d1baaa7e0a343","Contact","Past","muffin","Rank","NotFocus","the brick","2","falling object"
"140","6646726f720d1baaa7e0a343","Contact","Past","muffin","Rank","NotFocus","the muffin","1","target object"
"141","6646726f720d1baaa7e0a343","Contact","Present","Blueberry","Rank","Focus","the brick","1","falling object"
"142","6646726f720d1baaa7e0a343","Contact","Present","Blueberry","Rank","Focus","the blueberry","2","target object"
"143","6646726f720d1baaa7e0a343","Contact","Past","Blueberry","Rank","Focus","the brick","1","falling object"
"144","6646726f720d1baaa7e0a343","Contact","Past","Blueberry","Rank","Focus","the blueberry","2","target object"
"145","667b577210c53a5b35f2d73e","Contact","Present","Blueberry","Rank","NotFocus","the brick","1","falling object"
"146","667b577210c53a5b35f2d73e","Contact","Present","Blueberry","Rank","NotFocus","the blueberry","2","target object"
"147","667b577210c53a5b35f2d73e","Contact","Past","Blueberry","Rank","NotFocus","the brick","1","falling object"
"148","667b577210c53a5b35f2d73e","Contact","Past","Blueberry","Rank","NotFocus","the blueberry","2","target object"
"149","667b577210c53a5b35f2d73e","Contact","Present","muffin","Rank","Focus","the brick","2","falling object"
"150","667b577210c53a5b35f2d73e","Contact","Present","muffin","Rank","Focus","the muffin","1","target object"
"151","667b577210c53a5b35f2d73e","Contact","Past","muffin","Rank","Focus","the brick","1","falling object"
"152","667b577210c53a5b35f2d73e","Contact","Past","muffin","Rank","Focus","the muffin","2","target object"
"153","67cf7a25da922e59502fd8d7","Contact","Present","tomato","Rank","NotFocus","the brick","2","falling object"
"154","67cf7a25da922e59502fd8d7","Contact","Present","tomato","Rank","NotFocus","the tomato","1","target object"
"155","67cf7a25da922e59502fd8d7","Contact","Past","tomato","Rank","NotFocus","the brick","1","falling object"
"156","67cf7a25da922e59502fd8d7","Contact","Past","tomato","Rank","NotFocus","the tomato","2","target object"
"157","67cf7a25da922e59502fd8d7","Contact","Present","tomato","Rank","Focus","the brick","2","falling object"
"158","67cf7a25da922e59502fd8d7","Contact","Present","tomato","Rank","Focus","the tomato","1","target object"
"159","67cf7a25da922e59502fd8d7","Contact","Past","Blueberry","Rank","Focus","the brick","2","falling object"
"160","67cf7a25da922e59502fd8d7","Contact","Past","Blueberry","Rank","Focus","the blueberry","1","target object"
"161","5f96301839be85178cb37e0a","Contact","Present","Blueberry","Rank","NotFocus","the brick","1","falling object"
"162","5f96301839be85178cb37e0a","Contact","Present","Blueberry","Rank","NotFocus","the blueberry","2","target object"
"163","5f96301839be85178cb37e0a","Contact","Past","Blueberry","Rank","NotFocus","the brick","1","falling object"
"164","5f96301839be85178cb37e0a","Contact","Past","Blueberry","Rank","NotFocus","the blueberry","2","target object"
"165","5f96301839be85178cb37e0a","Contact","Present","Blueberry","Rank","Focus","the brick","2","falling object"
"166","5f96301839be85178cb37e0a","Contact","Present","Blueberry","Rank","Focus","the blueberry","1","target object"
"167","5f96301839be85178cb37e0a","Contact","Past","muffin","Rank","Focus","the brick","2","falling object"
"168","5f96301839be85178cb37e0a","Contact","Past","muffin","Rank","Focus","the muffin","1","target object"
"169","67d4981401167cf49f562c1f","Contact","Present","tomato","Rank","NotFocus","the brick","1","falling object"
"170","67d4981401167cf49f562c1f","Contact","Present","tomato","Rank","NotFocus","the tomato","2","target object"
"171","67d4981401167cf49f562c1f","Contact","Past","Blueberry","Rank","NotFocus","the brick","1","falling object"
"172","67d4981401167cf49f562c1f","Contact","Past","Blueberry","Rank","NotFocus","the blueberry","2","target object"
"173","67d4981401167cf49f562c1f","Contact","Present","tomato","Rank","Focus","the brick","2","falling object"
"174","67d4981401167cf49f562c1f","Contact","Present","tomato","Rank","Focus","the tomato","1","target object"
"175","67d4981401167cf49f562c1f","Contact","Past","muffin","Rank","Focus","the brick","1","falling object"
"176","67d4981401167cf49f562c1f","Contact","Past","muffin","Rank","Focus","the muffin","2","target object"
"177","67d75ec8f1077573db42a4d5","Contact","Present","Blueberry","Rank","NotFocus","the brick","2","falling object"
"178","67d75ec8f1077573db42a4d5","Contact","Present","Blueberry","Rank","NotFocus","the blueberry","1","target object"
"179","67d75ec8f1077573db42a4d5","Contact","Past","tomato","Rank","NotFocus","the brick","2","falling object"
"180","67d75ec8f1077573db42a4d5","Contact","Past","tomato","Rank","NotFocus","the tomato","1","target object"
"181","67d75ec8f1077573db42a4d5","Contact","Present","Blueberry","Rank","Focus","the brick","1","falling object"
"182","67d75ec8f1077573db42a4d5","Contact","Present","Blueberry","Rank","Focus","the blueberry","2","target object"
"183","67d75ec8f1077573db42a4d5","Contact","Past","tomato","Rank","Focus","the brick","2","falling object"
"184","67d75ec8f1077573db42a4d5","Contact","Past","tomato","Rank","Focus","the tomato","1","target object"
"185","66675c887a593976a91c4b68","Contact","Present","muffin","Rank","NotFocus","the brick","2","falling object"
"186","66675c887a593976a91c4b68","Contact","Present","muffin","Rank","NotFocus","the muffin","1","target object"
"187","66675c887a593976a91c4b68","Contact","Past","muffin","Rank","NotFocus","the brick","2","falling object"
"188","66675c887a593976a91c4b68","Contact","Past","muffin","Rank","NotFocus","the muffin","1","target object"
"189","66675c887a593976a91c4b68","Contact","Present","Blueberry","Rank","Focus","the brick","2","falling object"
"190","66675c887a593976a91c4b68","Contact","Present","Blueberry","Rank","Focus","the blueberry","1","target object"
"191","66675c887a593976a91c4b68","Contact","Past","muffin","Rank","Focus","the brick","1","falling object"
"192","66675c887a593976a91c4b68","Contact","Past","muffin","Rank","Focus","the muffin","2","target object"
"193","663fc12fe5319431ffed0a55","Contact","Present","Blueberry","Rank","NotFocus","the brick","2","falling object"
"194","663fc12fe5319431ffed0a55","Contact","Present","Blueberry","Rank","NotFocus","the blueberry","1","target object"
"195","663fc12fe5319431ffed0a55","Contact","Past","muffin","Rank","NotFocus","the brick","2","falling object"
"196","663fc12fe5319431ffed0a55","Contact","Past","muffin","Rank","NotFocus","the muffin","1","target object"
"197","663fc12fe5319431ffed0a55","Contact","Present","tomato","Rank","Focus","the brick","2","falling object"
"198","663fc12fe5319431ffed0a55","Contact","Present","tomato","Rank","Focus","the tomato","1","target object"
"199","663fc12fe5319431ffed0a55","Contact","Past","tomato","Rank","Focus","the brick","2","falling object"
"200","663fc12fe5319431ffed0a55","Contact","Past","tomato","Rank","Focus","the tomato","1","target object"
"201","67d97a36da5762bb5eff1cf3","Contact","Present","tomato","Rank","NotFocus","the brick","1","falling object"
"202","67d97a36da5762bb5eff1cf3","Contact","Present","tomato","Rank","NotFocus","the tomato","2","target object"
"203","67d97a36da5762bb5eff1cf3","Contact","Past","tomato","Rank","NotFocus","the brick","1","falling object"
"204","67d97a36da5762bb5eff1cf3","Contact","Past","tomato","Rank","NotFocus","the tomato","2","target object"
"205","67d97a36da5762bb5eff1cf3","Contact","Present","tomato","Rank","Focus","the brick","2","falling object"
"206","67d97a36da5762bb5eff1cf3","Contact","Present","tomato","Rank","Focus","the tomato","1","target object"
"207","67d97a36da5762bb5eff1cf3","Contact","Past","tomato","Rank","Focus","the brick","1","falling object"
"208","67d97a36da5762bb5eff1cf3","Contact","Past","tomato","Rank","Focus","the tomato","2","target object"
"209","67cf22751e29dde6e805f4b9","Contact","Present","tomato","Rank","NotFocus","the brick","1","falling object"
"210","67cf22751e29dde6e805f4b9","Contact","Present","tomato","Rank","NotFocus","the tomato","2","target object"
"211","67cf22751e29dde6e805f4b9","Contact","Past","tomato","Rank","NotFocus","the brick","1","falling object"
"212","67cf22751e29dde6e805f4b9","Contact","Past","tomato","Rank","NotFocus","the tomato","2","target object"
"213","67cf22751e29dde6e805f4b9","Contact","Present","tomato","Rank","Focus","the brick","2","falling object"
"214","67cf22751e29dde6e805f4b9","Contact","Present","tomato","Rank","Focus","the tomato","1","target object"
"215","67cf22751e29dde6e805f4b9","Contact","Past","Blueberry","Rank","Focus","the brick","2","falling object"
"216","67cf22751e29dde6e805f4b9","Contact","Past","Blueberry","Rank","Focus","the blueberry","1","target object"
"217","67d933a6939390178799a6b6","Contact","Present","tomato","Rank","NotFocus","the brick","1","falling object"
"218","67d933a6939390178799a6b6","Contact","Present","tomato","Rank","NotFocus","the tomato","2","target object"
"219","67d933a6939390178799a6b6","Contact","Past","Blueberry","Rank","NotFocus","the brick","1","falling object"
"220","67d933a6939390178799a6b6","Contact","Past","Blueberry","Rank","NotFocus","the blueberry","2","target object"
"221","67d933a6939390178799a6b6","Contact","Present","tomato","Rank","Focus","the brick","2","falling object"
"222","67d933a6939390178799a6b6","Contact","Present","tomato","Rank","Focus","the tomato","1","target object"
"223","67d933a6939390178799a6b6","Contact","Past","muffin","Rank","Focus","the brick","1","falling object"
"224","67d933a6939390178799a6b6","Contact","Past","muffin","Rank","Focus","the muffin","2","target object"
"225","67d9bf357226ad721472c55a","Contact","Present","muffin","Rank","NotFocus","the brick","1","falling object"
"226","67d9bf357226ad721472c55a","Contact","Present","muffin","Rank","NotFocus","the muffin","2","target object"
"227","67d9bf357226ad721472c55a","Contact","Past","muffin","Rank","NotFocus","the brick","1","falling object"
"228","67d9bf357226ad721472c55a","Contact","Past","muffin","Rank","NotFocus","the muffin","2","target object"
"229","67d9bf357226ad721472c55a","Contact","Present","muffin","Rank","Focus","the brick","2","falling object"
"230","67d9bf357226ad721472c55a","Contact","Present","muffin","Rank","Focus","the muffin","1","target object"
"231","67d9bf357226ad721472c55a","Contact","Past","tomato","Rank","Focus","the brick","2","falling object"
"232","67d9bf357226ad721472c55a","Contact","Past","tomato","Rank","Focus","the tomato","1","target object"
"233","66e9977b1c4319605e488650","Contact","Present","Blueberry","Rank","NotFocus","the brick","2","falling object"
"234","66e9977b1c4319605e488650","Contact","Present","Blueberry","Rank","NotFocus","the blueberry","1","target object"
"235","66e9977b1c4319605e488650","Contact","Past","tomato","Rank","NotFocus","the brick","1","falling object"
"236","66e9977b1c4319605e488650","Contact","Past","tomato","Rank","NotFocus","the tomato","2","target object"
"237","66e9977b1c4319605e488650","Contact","Present","muffin","Rank","Focus","the brick","1","falling object"
"238","66e9977b1c4319605e488650","Contact","Present","muffin","Rank","Focus","the muffin","2","target object"
"239","66e9977b1c4319605e488650","Contact","Past","Blueberry","Rank","Focus","the brick","1","falling object"
"240","66e9977b1c4319605e488650","Contact","Past","Blueberry","Rank","Focus","the blueberry","2","target object"
"241","67d726cab3e7de4688f238ac","Contact","Present","muffin","Rank","NotFocus","the brick","1","falling object"
"242","67d726cab3e7de4688f238ac","Contact","Present","muffin","Rank","NotFocus","the muffin","2","target object"
"243","67d726cab3e7de4688f238ac","Contact","Past","Blueberry","Rank","NotFocus","the brick","2","falling object"
"244","67d726cab3e7de4688f238ac","Contact","Past","Blueberry","Rank","NotFocus","the blueberry","1","target object"
"245","67d726cab3e7de4688f238ac","Contact","Present","Blueberry","Rank","Focus","the brick","1","falling object"
"246","67d726cab3e7de4688f238ac","Contact","Present","Blueberry","Rank","Focus","the blueberry","2","target object"
"247","67d726cab3e7de4688f238ac","Contact","Past","tomato","Rank","Focus","the brick","1","falling object"
"248","67d726cab3e7de4688f238ac","Contact","Past","tomato","Rank","Focus","the tomato","2","target object"
"249","67d86e0a4837bad071bbef3d","Contact","Present","muffin","Rank","NotFocus","the brick","2","falling object"
"250","67d86e0a4837bad071bbef3d","Contact","Present","muffin","Rank","NotFocus","the muffin","1","target object"
"251","67d86e0a4837bad071bbef3d","Contact","Past","Blueberry","Rank","NotFocus","the brick","2","falling object"
"252","67d86e0a4837bad071bbef3d","Contact","Past","Blueberry","Rank","NotFocus","the blueberry","1","target object"
"253","67d86e0a4837bad071bbef3d","Contact","Present","muffin","Rank","Focus","the brick","2","falling object"
"254","67d86e0a4837bad071bbef3d","Contact","Present","muffin","Rank","Focus","the muffin","1","target object"
"255","67d86e0a4837bad071bbef3d","Contact","Past","Blueberry","Rank","Focus","the brick","2","falling object"
"256","67d86e0a4837bad071bbef3d","Contact","Past","Blueberry","Rank","Focus","the blueberry","1","target object"
"257","67d904eb86974453d6e99638","Contact","Present","tomato","Rank","NotFocus","the brick","1","falling object"
"258","67d904eb86974453d6e99638","Contact","Present","tomato","Rank","NotFocus","the tomato","2","target object"
"259","67d904eb86974453d6e99638","Contact","Past","tomato","Rank","NotFocus","the brick","1","falling object"
"260","67d904eb86974453d6e99638","Contact","Past","tomato","Rank","NotFocus","the tomato","2","target object"
"261","67d904eb86974453d6e99638","Contact","Present","Blueberry","Rank","Focus","the brick","1","falling object"
"262","67d904eb86974453d6e99638","Contact","Present","Blueberry","Rank","Focus","the blueberry","2","target object"
"263","67d904eb86974453d6e99638","Contact","Past","Blueberry","Rank","Focus","the brick","2","falling object"
"264","67d904eb86974453d6e99638","Contact","Past","Blueberry","Rank","Focus","the blueberry","1","target object"
"265","5fff0eb8fa9eac64dfee12f0","Contact","Present","muffin","Rank","NotFocus","the brick","1","falling object"
"266","5fff0eb8fa9eac64dfee12f0","Contact","Present","muffin","Rank","NotFocus","the muffin","2","target object"
"267","5fff0eb8fa9eac64dfee12f0","Contact","Past","tomato","Rank","NotFocus","the brick","1","falling object"
"268","5fff0eb8fa9eac64dfee12f0","Contact","Past","tomato","Rank","NotFocus","the tomato","2","target object"
"269","5fff0eb8fa9eac64dfee12f0","Contact","Present","tomato","Rank","Focus","the brick","1","falling object"
"270","5fff0eb8fa9eac64dfee12f0","Contact","Present","tomato","Rank","Focus","the tomato","2","target object"
"271","5fff0eb8fa9eac64dfee12f0","Contact","Past","tomato","Rank","Focus","the brick","2","falling object"
"272","5fff0eb8fa9eac64dfee12f0","Contact","Past","tomato","Rank","Focus","the tomato","1","target object"
"273","6288557c67c5e08a1ebaf795","Contact","Present","tomato","Rank","NotFocus","the brick","1","falling object"
"274","6288557c67c5e08a1ebaf795","Contact","Present","tomato","Rank","NotFocus","the tomato","2","target object"
"275","6288557c67c5e08a1ebaf795","Contact","Past","muffin","Rank","NotFocus","the brick","1","falling object"
"276","6288557c67c5e08a1ebaf795","Contact","Past","muffin","Rank","NotFocus","the muffin","2","target object"
"277","6288557c67c5e08a1ebaf795","Contact","Present","tomato","Rank","Focus","the brick","1","falling object"
"278","6288557c67c5e08a1ebaf795","Contact","Present","tomato","Rank","Focus","the tomato","2","target object"
"279","6288557c67c5e08a1ebaf795","Contact","Past","muffin","Rank","Focus","the brick","1","falling object"
"280","6288557c67c5e08a1ebaf795","Contact","Past","muffin","Rank","Focus","the muffin","2","target object"
"281","66d64afc5c2188977812dead","Contact","Present","muffin","Rank","NotFocus","the brick","1","falling object"
"282","66d64afc5c2188977812dead","Contact","Present","muffin","Rank","NotFocus","the muffin","2","target object"
"283","66d64afc5c2188977812dead","Contact","Past","Blueberry","Rank","NotFocus","the brick","1","falling object"
"284","66d64afc5c2188977812dead","Contact","Past","Blueberry","Rank","NotFocus","the blueberry","2","target object"
"285","66d64afc5c2188977812dead","Contact","Present","muffin","Rank","Focus","the brick","2","falling object"
"286","66d64afc5c2188977812dead","Contact","Present","muffin","Rank","Focus","the muffin","1","target object"
"287","66d64afc5c2188977812dead","Contact","Past","Blueberry","Rank","Focus","the brick","1","falling object"
"288","66d64afc5c2188977812dead","Contact","Past","Blueberry","Rank","Focus","the blueberry","2","target object"
"289","5831f08ebfb3b400015a6ad4","Contact","Present","Blueberry","Rank","NotFocus","the brick","2","falling object"
"290","5831f08ebfb3b400015a6ad4","Contact","Present","Blueberry","Rank","NotFocus","the blueberry","1","target object"
"291","5831f08ebfb3b400015a6ad4","Contact","Past","muffin","Rank","NotFocus","the brick","2","falling object"
"292","5831f08ebfb3b400015a6ad4","Contact","Past","muffin","Rank","NotFocus","the muffin","1","target object"
"293","5831f08ebfb3b400015a6ad4","Contact","Present","muffin","Rank","Focus","the brick","1","falling object"
"294","5831f08ebfb3b400015a6ad4","Contact","Present","muffin","Rank","Focus","the muffin","2","target object"
"295","5831f08ebfb3b400015a6ad4","Contact","Past","Blueberry","Rank","Focus","the brick","2","falling object"
"296","5831f08ebfb3b400015a6ad4","Contact","Past","Blueberry","Rank","Focus","the blueberry","1","target object"
"297","663e3c2870a87bac315ac450","Contact","Present","Blueberry","Rank","NotFocus","the brick","2","falling object"
"298","663e3c2870a87bac315ac450","Contact","Present","Blueberry","Rank","NotFocus","the blueberry","1","target object"
"299","663e3c2870a87bac315ac450","Contact","Past","Blueberry","Rank","NotFocus","the brick","2","falling object"
"300","663e3c2870a87bac315ac450","Contact","Past","Blueberry","Rank","NotFocus","the blueberry","1","target object"
"301","663e3c2870a87bac315ac450","Contact","Present","tomato","Rank","Focus","the brick","2","falling object"
"302","663e3c2870a87bac315ac450","Contact","Present","tomato","Rank","Focus","the tomato","1","target object"
"303","663e3c2870a87bac315ac450","Contact","Past","muffin","Rank","Focus","the brick","2","falling object"
"304","663e3c2870a87bac315ac450","Contact","Past","muffin","Rank","Focus","the muffin","1","target object"
"305","5beccd423b6489000156596f","Contact","Present","muffin","Rank","NotFocus","the brick","1","falling object"
"306","5beccd423b6489000156596f","Contact","Present","muffin","Rank","NotFocus","the muffin","2","target object"
"307","5beccd423b6489000156596f","Contact","Past","tomato","Rank","NotFocus","the brick","2","falling object"
"308","5beccd423b6489000156596f","Contact","Past","tomato","Rank","NotFocus","the tomato","1","target object"
"309","5beccd423b6489000156596f","Contact","Present","tomato","Rank","Focus","the brick","2","falling object"
"310","5beccd423b6489000156596f","Contact","Present","tomato","Rank","Focus","the tomato","1","target object"
"311","5beccd423b6489000156596f","Contact","Past","Blueberry","Rank","Focus","the brick","1","falling object"
"312","5beccd423b6489000156596f","Contact","Past","Blueberry","Rank","Focus","the blueberry","2","target object"
"313","67d46c2bd2d799cc068a0342","Contact","Present","Blueberry","Rank","NotFocus","the brick","1","falling object"
"314","67d46c2bd2d799cc068a0342","Contact","Present","Blueberry","Rank","NotFocus","the blueberry","2","target object"
"315","67d46c2bd2d799cc068a0342","Contact","Past","muffin","Rank","NotFocus","the brick","1","falling object"
"316","67d46c2bd2d799cc068a0342","Contact","Past","muffin","Rank","NotFocus","the muffin","2","target object"
"317","67d46c2bd2d799cc068a0342","Contact","Present","Blueberry","Rank","Focus","the brick","2","falling object"
"318","67d46c2bd2d799cc068a0342","Contact","Present","Blueberry","Rank","Focus","the blueberry","1","target object"
"319","67d46c2bd2d799cc068a0342","Contact","Past","muffin","Rank","Focus","the brick","2","falling object"
"320","67d46c2bd2d799cc068a0342","Contact","Past","muffin","Rank","Focus","the muffin","1","target object"
"321","6740d30f66d8dde62f1c1a74","Contact","Present","Blueberry","Rank","NotFocus","the brick","2","falling object"
"322","6740d30f66d8dde62f1c1a74","Contact","Present","Blueberry","Rank","NotFocus","the blueberry","1","target object"
"323","6740d30f66d8dde62f1c1a74","Contact","Past","muffin","Rank","NotFocus","the brick","2","falling object"
"324","6740d30f66d8dde62f1c1a74","Contact","Past","muffin","Rank","NotFocus","the muffin","1","target object"
"325","6740d30f66d8dde62f1c1a74","Contact","Present","muffin","Rank","Focus","the brick","2","falling object"
"326","6740d30f66d8dde62f1c1a74","Contact","Present","muffin","Rank","Focus","the muffin","1","target object"
"327","6740d30f66d8dde62f1c1a74","Contact","Past","muffin","Rank","Focus","the brick","2","falling object"
"328","6740d30f66d8dde62f1c1a74","Contact","Past","muffin","Rank","Focus","the muffin","1","target object"
"329","66deeb0d5913bc50b5a5de26","Contact","Present","muffin","Rank","NotFocus","the brick","1","falling object"
"330","66deeb0d5913bc50b5a5de26","Contact","Present","muffin","Rank","NotFocus","the muffin","2","target object"
"331","66deeb0d5913bc50b5a5de26","Contact","Past","Blueberry","Rank","NotFocus","the brick","1","falling object"
"332","66deeb0d5913bc50b5a5de26","Contact","Past","Blueberry","Rank","NotFocus","the blueberry","2","target object"
"333","66deeb0d5913bc50b5a5de26","Contact","Present","Blueberry","Rank","Focus","the brick","2","falling object"
"334","66deeb0d5913bc50b5a5de26","Contact","Present","Blueberry","Rank","Focus","the blueberry","1","target object"
"335","66deeb0d5913bc50b5a5de26","Contact","Past","tomato","Rank","Focus","the brick","2","falling object"
"336","66deeb0d5913bc50b5a5de26","Contact","Past","tomato","Rank","Focus","the tomato","1","target object"
"337","67ce29b9e7b503290ef85551","Contact","Present","tomato","Rank","NotFocus","the brick","1","falling object"
"338","67ce29b9e7b503290ef85551","Contact","Present","tomato","Rank","NotFocus","the tomato","2","target object"
"339","67ce29b9e7b503290ef85551","Contact","Past","muffin","Rank","NotFocus","the brick","1","falling object"
"340","67ce29b9e7b503290ef85551","Contact","Past","muffin","Rank","NotFocus","the muffin","2","target object"
"341","67ce29b9e7b503290ef85551","Contact","Present","tomato","Rank","Focus","the brick","1","falling object"
"342","67ce29b9e7b503290ef85551","Contact","Present","tomato","Rank","Focus","the tomato","2","target object"
"343","67ce29b9e7b503290ef85551","Contact","Past","tomato","Rank","Focus","the brick","2","falling object"
"344","67ce29b9e7b503290ef85551","Contact","Past","tomato","Rank","Focus","the tomato","1","target object"
"345","67719250f26f89447c0c4d43","Contact","Present","muffin","Rank","NotFocus","the brick","2","falling object"
"346","67719250f26f89447c0c4d43","Contact","Present","muffin","Rank","NotFocus","the muffin","1","target object"
"347","67719250f26f89447c0c4d43","Contact","Past","tomato","Rank","NotFocus","the brick","1","falling object"
"348","67719250f26f89447c0c4d43","Contact","Past","tomato","Rank","NotFocus","the tomato","2","target object"
"349","67719250f26f89447c0c4d43","Contact","Present","Blueberry","Rank","Focus","the brick","2","falling object"
"350","67719250f26f89447c0c4d43","Contact","Present","Blueberry","Rank","Focus","the blueberry","1","target object"
"351","67719250f26f89447c0c4d43","Contact","Past","tomato","Rank","Focus","the brick","2","falling object"
"352","67719250f26f89447c0c4d43","Contact","Past","tomato","Rank","Focus","the tomato","1","target object"
"353","6738f22ad48db279c079570d","Contact","Present","Blueberry","Rank","NotFocus","the brick","1","falling object"
"354","6738f22ad48db279c079570d","Contact","Present","Blueberry","Rank","NotFocus","the blueberry","2","target object"
"355","6738f22ad48db279c079570d","Contact","Past","tomato","Rank","NotFocus","the brick","1","falling object"
"356","6738f22ad48db279c079570d","Contact","Past","tomato","Rank","NotFocus","the tomato","2","target object"
"357","6738f22ad48db279c079570d","Contact","Present","muffin","Rank","Focus","the brick","2","falling object"
"358","6738f22ad48db279c079570d","Contact","Present","muffin","Rank","Focus","the muffin","1","target object"
"359","6738f22ad48db279c079570d","Contact","Past","muffin","Rank","Focus","the brick","2","falling object"
"360","6738f22ad48db279c079570d","Contact","Past","muffin","Rank","Focus","the muffin","1","target object"
"361","65a708e73e47380843931ad8","Contact","Present","Blueberry","Rank","NotFocus","the brick","1","falling object"
"362","65a708e73e47380843931ad8","Contact","Present","Blueberry","Rank","NotFocus","the blueberry","2","target object"
"363","65a708e73e47380843931ad8","Contact","Past","tomato","Rank","NotFocus","the brick","1","falling object"
"364","65a708e73e47380843931ad8","Contact","Past","tomato","Rank","NotFocus","the tomato","2","target object"
"365","65a708e73e47380843931ad8","Contact","Present","muffin","Rank","Focus","the brick","2","falling object"
"366","65a708e73e47380843931ad8","Contact","Present","muffin","Rank","Focus","the muffin","1","target object"
"367","65a708e73e47380843931ad8","Contact","Past","Blueberry","Rank","Focus","the brick","2","falling object"
"368","65a708e73e47380843931ad8","Contact","Past","Blueberry","Rank","Focus","the blueberry","1","target object"
"369","65e7a4565d3bdb0624b6d060","Contact","Present","tomato","Rank","NotFocus","the brick","1","falling object"
"370","65e7a4565d3bdb0624b6d060","Contact","Present","tomato","Rank","NotFocus","the tomato","2","target object"
"371","65e7a4565d3bdb0624b6d060","Contact","Past","Blueberry","Rank","NotFocus","the brick","1","falling object"
"372","65e7a4565d3bdb0624b6d060","Contact","Past","Blueberry","Rank","NotFocus","the blueberry","2","target object"
"373","65e7a4565d3bdb0624b6d060","Contact","Present","tomato","Rank","Focus","the brick","1","falling object"
"374","65e7a4565d3bdb0624b6d060","Contact","Present","tomato","Rank","Focus","the tomato","2","target object"
"375","65e7a4565d3bdb0624b6d060","Contact","Past","Blueberry","Rank","Focus","the brick","1","falling object"
"376","65e7a4565d3bdb0624b6d060","Contact","Past","Blueberry","Rank","Focus","the blueberry","2","target object"
"377","657ed969b33b843f6ea841f1","Contact","Present","Blueberry","Rank","NotFocus","the brick","1","falling object"
"378","657ed969b33b843f6ea841f1","Contact","Present","Blueberry","Rank","NotFocus","the blueberry","2","target object"
"379","657ed969b33b843f6ea841f1","Contact","Past","tomato","Rank","NotFocus","the brick","1","falling object"
"380","657ed969b33b843f6ea841f1","Contact","Past","tomato","Rank","NotFocus","the tomato","2","target object"
"381","657ed969b33b843f6ea841f1","Contact","Present","Blueberry","Rank","Focus","the brick","2","falling object"
"382","657ed969b33b843f6ea841f1","Contact","Present","Blueberry","Rank","Focus","the blueberry","1","target object"
"383","657ed969b33b843f6ea841f1","Contact","Past","muffin","Rank","Focus","the brick","2","falling object"
"384","657ed969b33b843f6ea841f1","Contact","Past","muffin","Rank","Focus","the muffin","1","target object"
"385","67cf6dfb019a3a7d53e9dc7e","Contact","Present","muffin","Rank","NotFocus","the brick","1","falling object"
"386","67cf6dfb019a3a7d53e9dc7e","Contact","Present","muffin","Rank","NotFocus","the muffin","2","target object"
"387","67cf6dfb019a3a7d53e9dc7e","Contact","Past","Blueberry","Rank","NotFocus","the brick","2","falling object"
"388","67cf6dfb019a3a7d53e9dc7e","Contact","Past","Blueberry","Rank","NotFocus","the blueberry","1","target object"
"389","67cf6dfb019a3a7d53e9dc7e","Contact","Present","tomato","Rank","Focus","the brick","2","falling object"
"390","67cf6dfb019a3a7d53e9dc7e","Contact","Present","tomato","Rank","Focus","the tomato","1","target object"
"391","67cf6dfb019a3a7d53e9dc7e","Contact","Past","Blueberry","Rank","Focus","the brick","1","falling object"
"392","67cf6dfb019a3a7d53e9dc7e","Contact","Past","Blueberry","Rank","Focus","the blueberry","2","target object"
"393","669fb915167d6c4b8e71dbfb","Contact","Present","tomato","Rank","NotFocus","the brick","2","falling object"
"394","669fb915167d6c4b8e71dbfb","Contact","Present","tomato","Rank","NotFocus","the tomato","1","target object"
"395","669fb915167d6c4b8e71dbfb","Contact","Past","Blueberry","Rank","NotFocus","the brick","1","falling object"
"396","669fb915167d6c4b8e71dbfb","Contact","Past","Blueberry","Rank","NotFocus","the blueberry","2","target object"
"397","669fb915167d6c4b8e71dbfb","Contact","Present","Blueberry","Rank","Focus","the brick","1","falling object"
"398","669fb915167d6c4b8e71dbfb","Contact","Present","Blueberry","Rank","Focus","the blueberry","2","target object"
"399","669fb915167d6c4b8e71dbfb","Contact","Past","tomato","Rank","Focus","the brick","2","falling object"
"400","669fb915167d6c4b8e71dbfb","Contact","Past","tomato","Rank","Focus","the tomato","1","target object"
"401","678601bc84e8fe5db695b1fe","Contact","Present","muffin","Rank","NotFocus","the brick","1","falling object"
"402","678601bc84e8fe5db695b1fe","Contact","Present","muffin","Rank","NotFocus","the muffin","2","target object"
"403","678601bc84e8fe5db695b1fe","Contact","Past","muffin","Rank","NotFocus","the brick","1","falling object"
"404","678601bc84e8fe5db695b1fe","Contact","Past","muffin","Rank","NotFocus","the muffin","2","target object"
"405","678601bc84e8fe5db695b1fe","Contact","Present","tomato","Rank","Focus","the brick","1","falling object"
"406","678601bc84e8fe5db695b1fe","Contact","Present","tomato","Rank","Focus","the tomato","2","target object"
"407","678601bc84e8fe5db695b1fe","Contact","Past","tomato","Rank","Focus","the brick","1","falling object"
"408","678601bc84e8fe5db695b1fe","Contact","Past","tomato","Rank","Focus","the tomato","2","target object"
"409","67ad776e631677cfaa9959a2","Contact","Present","tomato","Rank","NotFocus","the brick","1","falling object"
"410","67ad776e631677cfaa9959a2","Contact","Present","tomato","Rank","NotFocus","the tomato","2","target object"
"411","67ad776e631677cfaa9959a2","Contact","Past","Blueberry","Rank","NotFocus","the brick","2","falling object"
"412","67ad776e631677cfaa9959a2","Contact","Past","Blueberry","Rank","NotFocus","the blueberry","1","target object"
"413","67ad776e631677cfaa9959a2","Contact","Present","Blueberry","Rank","Focus","the brick","2","falling object"
"414","67ad776e631677cfaa9959a2","Contact","Present","Blueberry","Rank","Focus","the blueberry","1","target object"
"415","67ad776e631677cfaa9959a2","Contact","Past","muffin","Rank","Focus","the brick","1","falling object"
"416","67ad776e631677cfaa9959a2","Contact","Past","muffin","Rank","Focus","the muffin","2","target object"
"417","66a398080da27efcc3e8ecef","Contact","Present","tomato","Rank","NotFocus","the brick","2","falling object"
"418","66a398080da27efcc3e8ecef","Contact","Present","tomato","Rank","NotFocus","the tomato","1","target object"
"419","66a398080da27efcc3e8ecef","Contact","Past","muffin","Rank","NotFocus","the brick","2","falling object"
"420","66a398080da27efcc3e8ecef","Contact","Past","muffin","Rank","NotFocus","the muffin","1","target object"
"421","66a398080da27efcc3e8ecef","Contact","Present","Blueberry","Rank","Focus","the brick","2","falling object"
"422","66a398080da27efcc3e8ecef","Contact","Present","Blueberry","Rank","Focus","the blueberry","1","target object"
"423","66a398080da27efcc3e8ecef","Contact","Past","tomato","Rank","Focus","the brick","2","falling object"
"424","66a398080da27efcc3e8ecef","Contact","Past","tomato","Rank","Focus","the tomato","1","target object"
"425","617617515ce25cbceccac37c","Contact","Present","Blueberry","Rank","NotFocus","the brick","2","falling object"
"426","617617515ce25cbceccac37c","Contact","Present","Blueberry","Rank","NotFocus","the blueberry","1","target object"
"427","617617515ce25cbceccac37c","Contact","Past","tomato","Rank","NotFocus","the brick","2","falling object"
"428","617617515ce25cbceccac37c","Contact","Past","tomato","Rank","NotFocus","the tomato","1","target object"
"429","617617515ce25cbceccac37c","Contact","Present","muffin","Rank","Focus","the brick","2","falling object"
"430","617617515ce25cbceccac37c","Contact","Present","muffin","Rank","Focus","the muffin","1","target object"
"431","617617515ce25cbceccac37c","Contact","Past","tomato","Rank","Focus","the brick","2","falling object"
"432","617617515ce25cbceccac37c","Contact","Past","tomato","Rank","Focus","the tomato","1","target object"
"433","67cee593bbd34744ae345102","Contact","Present","muffin","Rank","NotFocus","the brick","1","falling object"
"434","67cee593bbd34744ae345102","Contact","Present","muffin","Rank","NotFocus","the muffin","2","target object"
"435","67cee593bbd34744ae345102","Contact","Past","tomato","Rank","NotFocus","the brick","2","falling object"
"436","67cee593bbd34744ae345102","Contact","Past","tomato","Rank","NotFocus","the tomato","1","target object"
"437","67cee593bbd34744ae345102","Contact","Present","tomato","Rank","Focus","the brick","2","falling object"
"438","67cee593bbd34744ae345102","Contact","Present","tomato","Rank","Focus","the tomato","1","target object"
"439","67cee593bbd34744ae345102","Contact","Past","muffin","Rank","Focus","the brick","1","falling object"
"440","67cee593bbd34744ae345102","Contact","Past","muffin","Rank","Focus","the muffin","2","target object"
"441","638f99069b060e317a097e5d","Contact","Present","tomato","Rank","NotFocus","the brick","1","falling object"
"442","638f99069b060e317a097e5d","Contact","Present","tomato","Rank","NotFocus","the tomato","2","target object"
"443","638f99069b060e317a097e5d","Contact","Past","Blueberry","Rank","NotFocus","the brick","1","falling object"
"444","638f99069b060e317a097e5d","Contact","Past","Blueberry","Rank","NotFocus","the blueberry","2","target object"
"445","638f99069b060e317a097e5d","Contact","Present","Blueberry","Rank","Focus","the brick","2","falling object"
"446","638f99069b060e317a097e5d","Contact","Present","Blueberry","Rank","Focus","the blueberry","1","target object"
"447","638f99069b060e317a097e5d","Contact","Past","tomato","Rank","Focus","the brick","1","falling object"
"448","638f99069b060e317a097e5d","Contact","Past","tomato","Rank","Focus","the tomato","2","target object"
"449","5adf59e3dee8590001b05de4","Contact","Present","tomato","Rank","NotFocus","the brick","1","falling object"
"450","5adf59e3dee8590001b05de4","Contact","Present","tomato","Rank","NotFocus","the tomato","2","target object"
"451","5adf59e3dee8590001b05de4","Contact","Past","muffin","Rank","NotFocus","the brick","2","falling object"
"452","5adf59e3dee8590001b05de4","Contact","Past","muffin","Rank","NotFocus","the muffin","1","target object"
"453","5adf59e3dee8590001b05de4","Contact","Present","Blueberry","Rank","Focus","the brick","2","falling object"
"454","5adf59e3dee8590001b05de4","Contact","Present","Blueberry","Rank","Focus","the blueberry","1","target object"
"455","5adf59e3dee8590001b05de4","Contact","Past","muffin","Rank","Focus","the brick","1","falling object"
"456","5adf59e3dee8590001b05de4","Contact","Past","muffin","Rank","Focus","the muffin","2","target object"
"457","67d9bab0bd2a9d6d01f5fc28","Contact","Present","muffin","Rank","NotFocus","the brick","1","falling object"
"458","67d9bab0bd2a9d6d01f5fc28","Contact","Present","muffin","Rank","NotFocus","the muffin","2","target object"
"459","67d9bab0bd2a9d6d01f5fc28","Contact","Past","tomato","Rank","NotFocus","the brick","1","falling object"
"460","67d9bab0bd2a9d6d01f5fc28","Contact","Past","tomato","Rank","NotFocus","the tomato","2","target object"
"461","67d9bab0bd2a9d6d01f5fc28","Contact","Present","muffin","Rank","Focus","the brick","2","falling object"
"462","67d9bab0bd2a9d6d01f5fc28","Contact","Present","muffin","Rank","Focus","the muffin","1","target object"
"463","67d9bab0bd2a9d6d01f5fc28","Contact","Past","Blueberry","Rank","Focus","the brick","2","falling object"
"464","67d9bab0bd2a9d6d01f5fc28","Contact","Past","Blueberry","Rank","Focus","the blueberry","1","target object"
"465","67d24662f073e83cb7a1587a","Contact","Present","muffin","Rank","NotFocus","the brick","1","falling object"
"466","67d24662f073e83cb7a1587a","Contact","Present","muffin","Rank","NotFocus","the muffin","2","target object"
"467","67d24662f073e83cb7a1587a","Contact","Past","muffin","Rank","NotFocus","the brick","1","falling object"
"468","67d24662f073e83cb7a1587a","Contact","Past","muffin","Rank","NotFocus","the muffin","2","target object"
"469","67d24662f073e83cb7a1587a","Contact","Present","muffin","Rank","Focus","the brick","1","falling object"
"470","67d24662f073e83cb7a1587a","Contact","Present","muffin","Rank","Focus","the muffin","2","target object"
"471","67d24662f073e83cb7a1587a","Contact","Past","tomato","Rank","Focus","the brick","1","falling object"
"472","67d24662f073e83cb7a1587a","Contact","Past","tomato","Rank","Focus","the tomato","2","target object"
"473","67c8d161717ad38aa1bc9111","Contact","Present","Blueberry","Rank","NotFocus","the brick","1","falling object"
"474","67c8d161717ad38aa1bc9111","Contact","Present","Blueberry","Rank","NotFocus","the blueberry","2","target object"
"475","67c8d161717ad38aa1bc9111","Contact","Past","muffin","Rank","NotFocus","the brick","2","falling object"
"476","67c8d161717ad38aa1bc9111","Contact","Past","muffin","Rank","NotFocus","the muffin","1","target object"
"477","67c8d161717ad38aa1bc9111","Contact","Present","muffin","Rank","Focus","the brick","2","falling object"
"478","67c8d161717ad38aa1bc9111","Contact","Present","muffin","Rank","Focus","the muffin","1","target object"
"479","67c8d161717ad38aa1bc9111","Contact","Past","tomato","Rank","Focus","the brick","1","falling object"
"480","67c8d161717ad38aa1bc9111","Contact","Past","tomato","Rank","Focus","the tomato","2","target object"
"481","668da606f0f9ab6932be9d6b","Contact","Present","muffin","Rank","NotFocus","the brick","2","falling object"
"482","668da606f0f9ab6932be9d6b","Contact","Present","muffin","Rank","NotFocus","the muffin","1","target object"
"483","668da606f0f9ab6932be9d6b","Contact","Past","Blueberry","Rank","NotFocus","the brick","1","falling object"
"484","668da606f0f9ab6932be9d6b","Contact","Past","Blueberry","Rank","NotFocus","the blueberry","2","target object"
"485","668da606f0f9ab6932be9d6b","Contact","Present","muffin","Rank","Focus","the brick","2","falling object"
"486","668da606f0f9ab6932be9d6b","Contact","Present","muffin","Rank","Focus","the muffin","1","target object"
"487","668da606f0f9ab6932be9d6b","Contact","Past","muffin","Rank","Focus","the brick","2","falling object"
"488","668da606f0f9ab6932be9d6b","Contact","Past","muffin","Rank","Focus","the muffin","1","target object"
"489","67d89b6321f98e8e7a79f9dc","Contact","Present","tomato","Rank","NotFocus","the brick","2","falling object"
"490","67d89b6321f98e8e7a79f9dc","Contact","Present","tomato","Rank","NotFocus","the tomato","1","target object"
"491","67d89b6321f98e8e7a79f9dc","Contact","Past","Blueberry","Rank","NotFocus","the brick","2","falling object"
"492","67d89b6321f98e8e7a79f9dc","Contact","Past","Blueberry","Rank","NotFocus","the blueberry","1","target object"
"493","67d89b6321f98e8e7a79f9dc","Contact","Present","tomato","Rank","Focus","the brick","2","falling object"
"494","67d89b6321f98e8e7a79f9dc","Contact","Present","tomato","Rank","Focus","the tomato","1","target object"
"495","67d89b6321f98e8e7a79f9dc","Contact","Past","Blueberry","Rank","Focus","the brick","2","falling object"
"496","67d89b6321f98e8e7a79f9dc","Contact","Past","Blueberry","Rank","Focus","the blueberry","1","target object"
"497","6604a928d8cf814da951e2d8","Contact","Present","Blueberry","Rank","NotFocus","the brick","1","falling object"
"498","6604a928d8cf814da951e2d8","Contact","Present","Blueberry","Rank","NotFocus","the blueberry","2","target object"
"499","6604a928d8cf814da951e2d8","Contact","Past","muffin","Rank","NotFocus","the brick","2","falling object"
"500","6604a928d8cf814da951e2d8","Contact","Past","muffin","Rank","NotFocus","the muffin","1","target object"
"501","6604a928d8cf814da951e2d8","Contact","Present","Blueberry","Rank","Focus","the brick","2","falling object"
"502","6604a928d8cf814da951e2d8","Contact","Present","Blueberry","Rank","Focus","the blueberry","1","target object"
"503","6604a928d8cf814da951e2d8","Contact","Past","muffin","Rank","Focus","the brick","1","falling object"
"504","6604a928d8cf814da951e2d8","Contact","Past","muffin","Rank","Focus","the muffin","2","target object"
"505","66e44f7a00754b042072ba54","Contact","Present","tomato","Rank","NotFocus","the brick","2","falling object"
"506","66e44f7a00754b042072ba54","Contact","Present","tomato","Rank","NotFocus","the tomato","1","target object"
"507","66e44f7a00754b042072ba54","Contact","Past","tomato","Rank","NotFocus","the brick","1","falling object"
"508","66e44f7a00754b042072ba54","Contact","Past","tomato","Rank","NotFocus","the tomato","2","target object"
"509","66e44f7a00754b042072ba54","Contact","Present","Blueberry","Rank","Focus","the brick","1","falling object"
"510","66e44f7a00754b042072ba54","Contact","Present","Blueberry","Rank","Focus","the blueberry","2","target object"
"511","66e44f7a00754b042072ba54","Contact","Past","Blueberry","Rank","Focus","the brick","1","falling object"
"512","66e44f7a00754b042072ba54","Contact","Past","Blueberry","Rank","Focus","the blueberry","2","target object"
"513","67cb65e3e76f5440d744b7c9","Contact","Present","Blueberry","Rank","NotFocus","the brick","1","falling object"
"514","67cb65e3e76f5440d744b7c9","Contact","Present","Blueberry","Rank","NotFocus","the blueberry","2","target object"
"515","67cb65e3e76f5440d744b7c9","Contact","Past","Blueberry","Rank","NotFocus","the brick","1","falling object"
"516","67cb65e3e76f5440d744b7c9","Contact","Past","Blueberry","Rank","NotFocus","the blueberry","2","target object"
"517","67cb65e3e76f5440d744b7c9","Contact","Present","tomato","Rank","Focus","the brick","2","falling object"
"518","67cb65e3e76f5440d744b7c9","Contact","Present","tomato","Rank","Focus","the tomato","1","target object"
"519","67cb65e3e76f5440d744b7c9","Contact","Past","Blueberry","Rank","Focus","the brick","2","falling object"
"520","67cb65e3e76f5440d744b7c9","Contact","Past","Blueberry","Rank","Focus","the blueberry","1","target object"
"521","667c9f9c07cc857002729af5","Contact","Present","muffin","Rank","NotFocus","the brick","1","falling object"
"522","667c9f9c07cc857002729af5","Contact","Present","muffin","Rank","NotFocus","the muffin","2","target object"
"523","667c9f9c07cc857002729af5","Contact","Past","tomato","Rank","NotFocus","the brick","1","falling object"
"524","667c9f9c07cc857002729af5","Contact","Past","tomato","Rank","NotFocus","the tomato","2","target object"
"525","667c9f9c07cc857002729af5","Contact","Present","muffin","Rank","Focus","the brick","2","falling object"
"526","667c9f9c07cc857002729af5","Contact","Present","muffin","Rank","Focus","the muffin","1","target object"
"527","667c9f9c07cc857002729af5","Contact","Past","tomato","Rank","Focus","the brick","2","falling object"
"528","667c9f9c07cc857002729af5","Contact","Past","tomato","Rank","Focus","the tomato","1","target object"
"529","6593443d4000890470adb313","Contact","Present","Blueberry","Rank","NotFocus","the brick","1","falling object"
"530","6593443d4000890470adb313","Contact","Present","Blueberry","Rank","NotFocus","the blueberry","2","target object"
"531","6593443d4000890470adb313","Contact","Past","muffin","Rank","NotFocus","the brick","1","falling object"
"532","6593443d4000890470adb313","Contact","Past","muffin","Rank","NotFocus","the muffin","2","target object"
"533","6593443d4000890470adb313","Contact","Present","muffin","Rank","Focus","the brick","2","falling object"
"534","6593443d4000890470adb313","Contact","Present","muffin","Rank","Focus","the muffin","1","target object"
"535","6593443d4000890470adb313","Contact","Past","Blueberry","Rank","Focus","the brick","2","falling object"
"536","6593443d4000890470adb313","Contact","Past","Blueberry","Rank","Focus","the blueberry","1","target object"
"537","65c1501098be0f409188762f","Contact","Present","Blueberry","Rank","NotFocus","the brick","2","falling object"
"538","65c1501098be0f409188762f","Contact","Present","Blueberry","Rank","NotFocus","the blueberry","1","target object"
"539","65c1501098be0f409188762f","Contact","Past","Blueberry","Rank","NotFocus","the brick","2","falling object"
"540","65c1501098be0f409188762f","Contact","Past","Blueberry","Rank","NotFocus","the blueberry","1","target object"
"541","65c1501098be0f409188762f","Contact","Present","tomato","Rank","Focus","the brick","2","falling object"
"542","65c1501098be0f409188762f","Contact","Present","tomato","Rank","Focus","the tomato","1","target object"
"543","65c1501098be0f409188762f","Contact","Past","tomato","Rank","Focus","the brick","2","falling object"
"544","65c1501098be0f409188762f","Contact","Past","tomato","Rank","Focus","the tomato","1","target object"
"545","6732ab9b8627904cc6a8a524","Contact","Present","tomato","Rank","NotFocus","the brick","1","falling object"
"546","6732ab9b8627904cc6a8a524","Contact","Present","tomato","Rank","NotFocus","the tomato","2","target object"
"547","6732ab9b8627904cc6a8a524","Contact","Past","muffin","Rank","NotFocus","the brick","1","falling object"
"548","6732ab9b8627904cc6a8a524","Contact","Past","muffin","Rank","NotFocus","the muffin","2","target object"
"549","6732ab9b8627904cc6a8a524","Contact","Present","Blueberry","Rank","Focus","the brick","2","falling object"
"550","6732ab9b8627904cc6a8a524","Contact","Present","Blueberry","Rank","Focus","the blueberry","1","target object"
"551","6732ab9b8627904cc6a8a524","Contact","Past","Blueberry","Rank","Focus","the brick","1","falling object"
"552","6732ab9b8627904cc6a8a524","Contact","Past","Blueberry","Rank","Focus","the blueberry","2","target object"
"553","5d2fb8f7034d7d000164bd18","Contact","Present","muffin","Rank","NotFocus","the brick","1","falling object"
"554","5d2fb8f7034d7d000164bd18","Contact","Present","muffin","Rank","NotFocus","the muffin","2","target object"
"555","5d2fb8f7034d7d000164bd18","Contact","Past","tomato","Rank","NotFocus","the brick","2","falling object"
"556","5d2fb8f7034d7d000164bd18","Contact","Past","tomato","Rank","NotFocus","the tomato","1","target object"
"557","5d2fb8f7034d7d000164bd18","Contact","Present","tomato","Rank","Focus","the brick","2","falling object"
"558","5d2fb8f7034d7d000164bd18","Contact","Present","tomato","Rank","Focus","the tomato","1","target object"
"559","5d2fb8f7034d7d000164bd18","Contact","Past","tomato","Rank","Focus","the brick","2","falling object"
"560","5d2fb8f7034d7d000164bd18","Contact","Past","tomato","Rank","Focus","the tomato","1","target object"
"561","5eb6f666c792cd6143878d27","Contact","Present","Blueberry","Rank","NotFocus","the brick","2","falling object"
"562","5eb6f666c792cd6143878d27","Contact","Present","Blueberry","Rank","NotFocus","the blueberry","1","target object"
"563","5eb6f666c792cd6143878d27","Contact","Past","muffin","Rank","NotFocus","the brick","1","falling object"
"564","5eb6f666c792cd6143878d27","Contact","Past","muffin","Rank","NotFocus","the muffin","2","target object"
"565","5eb6f666c792cd6143878d27","Contact","Present","muffin","Rank","Focus","the brick","2","falling object"
"566","5eb6f666c792cd6143878d27","Contact","Present","muffin","Rank","Focus","the muffin","1","target object"
"567","5eb6f666c792cd6143878d27","Contact","Past","Blueberry","Rank","Focus","the brick","1","falling object"
"568","5eb6f666c792cd6143878d27","Contact","Past","Blueberry","Rank","Focus","the blueberry","2","target object"
"569","6754246c81ce61cb6ffe887f","Contact","Present","muffin","Rank","NotFocus","the brick","1","falling object"
"570","6754246c81ce61cb6ffe887f","Contact","Present","muffin","Rank","NotFocus","the muffin","2","target object"
"571","6754246c81ce61cb6ffe887f","Contact","Past","Blueberry","Rank","NotFocus","the brick","1","falling object"
"572","6754246c81ce61cb6ffe887f","Contact","Past","Blueberry","Rank","NotFocus","the blueberry","2","target object"
"573","6754246c81ce61cb6ffe887f","Contact","Present","Blueberry","Rank","Focus","the brick","2","falling object"
"574","6754246c81ce61cb6ffe887f","Contact","Present","Blueberry","Rank","Focus","the blueberry","1","target object"
"575","6754246c81ce61cb6ffe887f","Contact","Past","muffin","Rank","Focus","the brick","1","falling object"
"576","6754246c81ce61cb6ffe887f","Contact","Past","muffin","Rank","Focus","the muffin","2","target object"
"577","67d3093eb1f28733176d4f9e","Contact","Present","tomato","Rank","NotFocus","the brick","1","falling object"
"578","67d3093eb1f28733176d4f9e","Contact","Present","tomato","Rank","NotFocus","the tomato","2","target object"
"579","67d3093eb1f28733176d4f9e","Contact","Past","tomato","Rank","NotFocus","the brick","1","falling object"
"580","67d3093eb1f28733176d4f9e","Contact","Past","tomato","Rank","NotFocus","the tomato","2","target object"
"581","67d3093eb1f28733176d4f9e","Contact","Present","tomato","Rank","Focus","the brick","2","falling object"
"582","67d3093eb1f28733176d4f9e","Contact","Present","tomato","Rank","Focus","the tomato","1","target object"
"583","67d3093eb1f28733176d4f9e","Contact","Past","muffin","Rank","Focus","the brick","2","falling object"
"584","67d3093eb1f28733176d4f9e","Contact","Past","muffin","Rank","Focus","the muffin","1","target object"
"585","67d9e6debb6c6afe22d3cb2b","Contact","Present","tomato","Rank","NotFocus","the brick","2","falling object"
"586","67d9e6debb6c6afe22d3cb2b","Contact","Present","tomato","Rank","NotFocus","the tomato","1","target object"
"587","67d9e6debb6c6afe22d3cb2b","Contact","Past","tomato","Rank","NotFocus","the brick","2","falling object"
"588","67d9e6debb6c6afe22d3cb2b","Contact","Past","tomato","Rank","NotFocus","the tomato","1","target object"
"589","67d9e6debb6c6afe22d3cb2b","Contact","Present","muffin","Rank","Focus","the brick","1","falling object"
"590","67d9e6debb6c6afe22d3cb2b","Contact","Present","muffin","Rank","Focus","the muffin","2","target object"
"591","67d9e6debb6c6afe22d3cb2b","Contact","Past","Blueberry","Rank","Focus","the brick","2","falling object"
"592","67d9e6debb6c6afe22d3cb2b","Contact","Past","Blueberry","Rank","Focus","the blueberry","1","target object"
"593","67a4eb1ba542838834f75ada","Contact","Present","muffin","Rank","NotFocus","the brick","2","falling object"
"594","67a4eb1ba542838834f75ada","Contact","Present","muffin","Rank","NotFocus","the muffin","1","target object"
"595","67a4eb1ba542838834f75ada","Contact","Past","muffin","Rank","NotFocus","the brick","1","falling object"
"596","67a4eb1ba542838834f75ada","Contact","Past","muffin","Rank","NotFocus","the muffin","2","target object"
"597","67a4eb1ba542838834f75ada","Contact","Present","Blueberry","Rank","Focus","the brick","1","falling object"
"598","67a4eb1ba542838834f75ada","Contact","Present","Blueberry","Rank","Focus","the blueberry","2","target object"
"599","67a4eb1ba542838834f75ada","Contact","Past","muffin","Rank","Focus","the brick","2","falling object"
"600","67a4eb1ba542838834f75ada","Contact","Past","muffin","Rank","Focus","the muffin","1","target object"
"601","66d1d4ade30b7df1bf70728f","Drop","Present","Blueberry","Rank",NA,"you","3","you"
"602","66d1d4ade30b7df1bf70728f","Drop","Present","Blueberry","Rank",NA,"the bowling ball","1","falling object"
"603","66d1d4ade30b7df1bf70728f","Drop","Present","Blueberry","Rank",NA,"the blueberry","2","target object"
"604","66d1d4ade30b7df1bf70728f","Drop","Past","muffin","Rank",NA,"you","2","you"
"605","66d1d4ade30b7df1bf70728f","Drop","Past","muffin","Rank",NA,"the bowling ball","3","falling object"
"606","66d1d4ade30b7df1bf70728f","Drop","Past","muffin","Rank",NA,"the muffin","1","target object"
"607","66d1d4ade30b7df1bf70728f","Drop","Present","muffin","Rank",NA,"you","3","you"
"608","66d1d4ade30b7df1bf70728f","Drop","Present","muffin","Rank",NA,"the bowling ball","1","falling object"
"609","66d1d4ade30b7df1bf70728f","Drop","Present","muffin","Rank",NA,"the muffin","2","target object"
"610","66d1d4ade30b7df1bf70728f","Drop","Past","Blueberry","Rank",NA,"you","3","you"
"611","66d1d4ade30b7df1bf70728f","Drop","Past","Blueberry","Rank",NA,"the bowling ball","1","falling object"
"612","66d1d4ade30b7df1bf70728f","Drop","Past","Blueberry","Rank",NA,"the blueberry","2","target object"
"613","611138062881f502878eaa1f","Drop","Present","tomato","Rank",NA,"you","3","you"
"614","611138062881f502878eaa1f","Drop","Present","tomato","Rank",NA,"the bowling ball","2","falling object"
"615","611138062881f502878eaa1f","Drop","Present","tomato","Rank",NA,"the tomato","1","target object"
"616","611138062881f502878eaa1f","Drop","Past","Blueberry","Rank",NA,"you","3","you"
"617","611138062881f502878eaa1f","Drop","Past","Blueberry","Rank",NA,"the bowling ball","2","falling object"
"618","611138062881f502878eaa1f","Drop","Past","Blueberry","Rank",NA,"the blueberry","1","target object"
"619","66f6fa16339c2215add1d24b","Drop","Present","tomato","Rank",NA,"you","3","you"
"620","66f6fa16339c2215add1d24b","Drop","Present","tomato","Rank",NA,"the bowling ball","1","falling object"
"621","66f6fa16339c2215add1d24b","Drop","Present","tomato","Rank",NA,"the tomato","2","target object"
"622","66f6fa16339c2215add1d24b","Drop","Past","tomato","Rank",NA,"you","3","you"
"623","66f6fa16339c2215add1d24b","Drop","Past","tomato","Rank",NA,"the bowling ball","1","falling object"
"624","66f6fa16339c2215add1d24b","Drop","Past","tomato","Rank",NA,"the tomato","2","target object"
"625","67da3a092a34c8e3f47b7243","Drop","Present","muffin","Rank",NA,"you","3","you"
"626","67da3a092a34c8e3f47b7243","Drop","Present","muffin","Rank",NA,"the bowling ball","1","falling object"
"627","67da3a092a34c8e3f47b7243","Drop","Present","muffin","Rank",NA,"the muffin","2","target object"
"628","67da3a092a34c8e3f47b7243","Drop","Past","tomato","Rank",NA,"you","3","you"
"629","67da3a092a34c8e3f47b7243","Drop","Past","tomato","Rank",NA,"the bowling ball","2","falling object"
"630","67da3a092a34c8e3f47b7243","Drop","Past","tomato","Rank",NA,"the tomato","1","target object"
"631","655f9592d623b0eda5248835","Drop","Present","Blueberry","Rank",NA,"you","1","you"
"632","655f9592d623b0eda5248835","Drop","Present","Blueberry","Rank",NA,"the bowling ball","3","falling object"
"633","655f9592d623b0eda5248835","Drop","Present","Blueberry","Rank",NA,"the blueberry","2","target object"
"634","655f9592d623b0eda5248835","Drop","Past","muffin","Rank",NA,"you","2","you"
"635","655f9592d623b0eda5248835","Drop","Past","muffin","Rank",NA,"the bowling ball","3","falling object"
"636","655f9592d623b0eda5248835","Drop","Past","muffin","Rank",NA,"the muffin","1","target object"
"637","671d83b42ba7384f9b457c86","Drop","Present","Blueberry","Rank",NA,"you","1","you"
"638","671d83b42ba7384f9b457c86","Drop","Present","Blueberry","Rank",NA,"the bowling ball","2","falling object"
"639","671d83b42ba7384f9b457c86","Drop","Present","Blueberry","Rank",NA,"the blueberry","3","target object"
"640","671d83b42ba7384f9b457c86","Drop","Past","muffin","Rank",NA,"you","2","you"
"641","671d83b42ba7384f9b457c86","Drop","Past","muffin","Rank",NA,"the bowling ball","1","falling object"
"642","671d83b42ba7384f9b457c86","Drop","Past","muffin","Rank",NA,"the muffin","3","target object"
"643","67d85dcb0724435011a0629d","Drop","Present","Blueberry","Rank",NA,"you","3","you"
"644","67d85dcb0724435011a0629d","Drop","Present","Blueberry","Rank",NA,"the bowling ball","2","falling object"
"645","67d85dcb0724435011a0629d","Drop","Present","Blueberry","Rank",NA,"the blueberry","1","target object"
"646","67d85dcb0724435011a0629d","Drop","Past","tomato","Rank",NA,"you","3","you"
"647","67d85dcb0724435011a0629d","Drop","Past","tomato","Rank",NA,"the bowling ball","2","falling object"
"648","67d85dcb0724435011a0629d","Drop","Past","tomato","Rank",NA,"the tomato","1","target object"
"649","665a2cdd103e514a43e3d5fc","Drop","Present","tomato","Rank",NA,"you","3","you"
"650","665a2cdd103e514a43e3d5fc","Drop","Present","tomato","Rank",NA,"the bowling ball","2","falling object"
"651","665a2cdd103e514a43e3d5fc","Drop","Present","tomato","Rank",NA,"the tomato","1","target object"
"652","665a2cdd103e514a43e3d5fc","Drop","Past","Blueberry","Rank",NA,"you","3","you"
"653","665a2cdd103e514a43e3d5fc","Drop","Past","Blueberry","Rank",NA,"the bowling ball","2","falling object"
"654","665a2cdd103e514a43e3d5fc","Drop","Past","Blueberry","Rank",NA,"the blueberry","1","target object"
"655","62e097c92160176b0b9c2619","Drop","Present","tomato","Rank",NA,"you","3","you"
"656","62e097c92160176b0b9c2619","Drop","Present","tomato","Rank",NA,"the bowling ball","1","falling object"
"657","62e097c92160176b0b9c2619","Drop","Present","tomato","Rank",NA,"the tomato","2","target object"
"658","62e097c92160176b0b9c2619","Drop","Past","muffin","Rank",NA,"you","3","you"
"659","62e097c92160176b0b9c2619","Drop","Past","muffin","Rank",NA,"the bowling ball","2","falling object"
"660","62e097c92160176b0b9c2619","Drop","Past","muffin","Rank",NA,"the muffin","1","target object"
"661","6603412311cbee9e33dbf46e","Drop","Present","tomato","Rank",NA,"you","3","you"
"662","6603412311cbee9e33dbf46e","Drop","Present","tomato","Rank",NA,"the bowling ball","1","falling object"
"663","6603412311cbee9e33dbf46e","Drop","Present","tomato","Rank",NA,"the tomato","2","target object"
"664","6603412311cbee9e33dbf46e","Drop","Past","tomato","Rank",NA,"you","1","you"
"665","6603412311cbee9e33dbf46e","Drop","Past","tomato","Rank",NA,"the bowling ball","2","falling object"
"666","6603412311cbee9e33dbf46e","Drop","Past","tomato","Rank",NA,"the tomato","3","target object"
"667","66b66a093af457af36097219","Drop","Present","muffin","Rank",NA,"you","3","you"
"668","66b66a093af457af36097219","Drop","Present","muffin","Rank",NA,"the bowling ball","1","falling object"
"669","66b66a093af457af36097219","Drop","Present","muffin","Rank",NA,"the muffin","2","target object"
"670","66b66a093af457af36097219","Drop","Past","muffin","Rank",NA,"you","3","you"
"671","66b66a093af457af36097219","Drop","Past","muffin","Rank",NA,"the bowling ball","1","falling object"
"672","66b66a093af457af36097219","Drop","Past","muffin","Rank",NA,"the muffin","2","target object"
"673","660e0c2ea09eadd507d4af21","Drop","Present","tomato","Rank",NA,"you","2","you"
"674","660e0c2ea09eadd507d4af21","Drop","Present","tomato","Rank",NA,"the bowling ball","1","falling object"
"675","660e0c2ea09eadd507d4af21","Drop","Present","tomato","Rank",NA,"the tomato","3","target object"
"676","660e0c2ea09eadd507d4af21","Drop","Past","Blueberry","Rank",NA,"you","1","you"
"677","660e0c2ea09eadd507d4af21","Drop","Past","Blueberry","Rank",NA,"the bowling ball","2","falling object"
"678","660e0c2ea09eadd507d4af21","Drop","Past","Blueberry","Rank",NA,"the blueberry","3","target object"
"679","5d2787f7e9b2a00018221059","Drop","Present","muffin","Rank",NA,"you","3","you"
"680","5d2787f7e9b2a00018221059","Drop","Present","muffin","Rank",NA,"the bowling ball","1","falling object"
"681","5d2787f7e9b2a00018221059","Drop","Present","muffin","Rank",NA,"the muffin","2","target object"
"682","5d2787f7e9b2a00018221059","Drop","Past","tomato","Rank",NA,"you","3","you"
"683","5d2787f7e9b2a00018221059","Drop","Past","tomato","Rank",NA,"the bowling ball","1","falling object"
"684","5d2787f7e9b2a00018221059","Drop","Past","tomato","Rank",NA,"the tomato","2","target object"
"685","610013cef98672c7216d4eea","Drop","Present","muffin","Rank",NA,"you","3","you"
"686","610013cef98672c7216d4eea","Drop","Present","muffin","Rank",NA,"the bowling ball","1","falling object"
"687","610013cef98672c7216d4eea","Drop","Present","muffin","Rank",NA,"the muffin","2","target object"
"688","610013cef98672c7216d4eea","Drop","Past","tomato","Rank",NA,"you","3","you"
"689","610013cef98672c7216d4eea","Drop","Past","tomato","Rank",NA,"the bowling ball","1","falling object"
"690","610013cef98672c7216d4eea","Drop","Past","tomato","Rank",NA,"the tomato","2","target object"
"691","660463cc875a9e656e03734f","Drop","Present","muffin","Rank",NA,"you","3","you"
"692","660463cc875a9e656e03734f","Drop","Present","muffin","Rank",NA,"the bowling ball","1","falling object"
"693","660463cc875a9e656e03734f","Drop","Present","muffin","Rank",NA,"the muffin","2","target object"
"694","660463cc875a9e656e03734f","Drop","Past","Blueberry","Rank",NA,"you","3","you"
"695","660463cc875a9e656e03734f","Drop","Past","Blueberry","Rank",NA,"the bowling ball","1","falling object"
"696","660463cc875a9e656e03734f","Drop","Past","Blueberry","Rank",NA,"the blueberry","2","target object"
"697","65957950f4f15e01d04ff294","Drop","Present","Blueberry","Rank",NA,"you","1","you"
"698","65957950f4f15e01d04ff294","Drop","Present","Blueberry","Rank",NA,"the bowling ball","2","falling object"
"699","65957950f4f15e01d04ff294","Drop","Present","Blueberry","Rank",NA,"the blueberry","3","target object"
"700","65957950f4f15e01d04ff294","Drop","Past","tomato","Rank",NA,"you","3","you"
"701","65957950f4f15e01d04ff294","Drop","Past","tomato","Rank",NA,"the bowling ball","1","falling object"
"702","65957950f4f15e01d04ff294","Drop","Past","tomato","Rank",NA,"the tomato","2","target object"
"703","6646726f720d1baaa7e0a343","Drop","Present","Blueberry","Rank",NA,"you","3","you"
"704","6646726f720d1baaa7e0a343","Drop","Present","Blueberry","Rank",NA,"the bowling ball","2","falling object"
"705","6646726f720d1baaa7e0a343","Drop","Present","Blueberry","Rank",NA,"the blueberry","1","target object"
"706","6646726f720d1baaa7e0a343","Drop","Past","muffin","Rank",NA,"you","3","you"
"707","6646726f720d1baaa7e0a343","Drop","Past","muffin","Rank",NA,"the bowling ball","1","falling object"
"708","6646726f720d1baaa7e0a343","Drop","Past","muffin","Rank",NA,"the muffin","2","target object"
"709","667b577210c53a5b35f2d73e","Drop","Present","muffin","Rank",NA,"you","3","you"
"710","667b577210c53a5b35f2d73e","Drop","Present","muffin","Rank",NA,"the bowling ball","2","falling object"
"711","667b577210c53a5b35f2d73e","Drop","Present","muffin","Rank",NA,"the muffin","1","target object"
"712","667b577210c53a5b35f2d73e","Drop","Past","muffin","Rank",NA,"you","1","you"
"713","667b577210c53a5b35f2d73e","Drop","Past","muffin","Rank",NA,"the bowling ball","3","falling object"
"714","667b577210c53a5b35f2d73e","Drop","Past","muffin","Rank",NA,"the muffin","2","target object"
"715","67cf7a25da922e59502fd8d7","Drop","Present","muffin","Rank",NA,"you","2","you"
"716","67cf7a25da922e59502fd8d7","Drop","Present","muffin","Rank",NA,"the bowling ball","1","falling object"
"717","67cf7a25da922e59502fd8d7","Drop","Present","muffin","Rank",NA,"the muffin","3","target object"
"718","67cf7a25da922e59502fd8d7","Drop","Past","Blueberry","Rank",NA,"you","1","you"
"719","67cf7a25da922e59502fd8d7","Drop","Past","Blueberry","Rank",NA,"the bowling ball","3","falling object"
"720","67cf7a25da922e59502fd8d7","Drop","Past","Blueberry","Rank",NA,"the blueberry","2","target object"
"721","5f96301839be85178cb37e0a","Drop","Present","tomato","Rank",NA,"you","3","you"
"722","5f96301839be85178cb37e0a","Drop","Present","tomato","Rank",NA,"the bowling ball","1","falling object"
"723","5f96301839be85178cb37e0a","Drop","Present","tomato","Rank",NA,"the tomato","2","target object"
"724","5f96301839be85178cb37e0a","Drop","Past","Blueberry","Rank",NA,"you","3","you"
"725","5f96301839be85178cb37e0a","Drop","Past","Blueberry","Rank",NA,"the bowling ball","1","falling object"
"726","5f96301839be85178cb37e0a","Drop","Past","Blueberry","Rank",NA,"the blueberry","2","target object"
"727","67d4981401167cf49f562c1f","Drop","Present","tomato","Rank",NA,"you","1","you"
"728","67d4981401167cf49f562c1f","Drop","Present","tomato","Rank",NA,"the bowling ball","2","falling object"
"729","67d4981401167cf49f562c1f","Drop","Present","tomato","Rank",NA,"the tomato","3","target object"
"730","67d4981401167cf49f562c1f","Drop","Past","Blueberry","Rank",NA,"you","1","you"
"731","67d4981401167cf49f562c1f","Drop","Past","Blueberry","Rank",NA,"the bowling ball","2","falling object"
"732","67d4981401167cf49f562c1f","Drop","Past","Blueberry","Rank",NA,"the blueberry","3","target object"
"733","67d75ec8f1077573db42a4d5","Drop","Present","Blueberry","Rank",NA,"you","3","you"
"734","67d75ec8f1077573db42a4d5","Drop","Present","Blueberry","Rank",NA,"the bowling ball","1","falling object"
"735","67d75ec8f1077573db42a4d5","Drop","Present","Blueberry","Rank",NA,"the blueberry","2","target object"
"736","67d75ec8f1077573db42a4d5","Drop","Past","muffin","Rank",NA,"you","3","you"
"737","67d75ec8f1077573db42a4d5","Drop","Past","muffin","Rank",NA,"the bowling ball","1","falling object"
"738","67d75ec8f1077573db42a4d5","Drop","Past","muffin","Rank",NA,"the muffin","2","target object"
"739","66675c887a593976a91c4b68","Drop","Present","tomato","Rank",NA,"you","3","you"
"740","66675c887a593976a91c4b68","Drop","Present","tomato","Rank",NA,"the bowling ball","2","falling object"
"741","66675c887a593976a91c4b68","Drop","Present","tomato","Rank",NA,"the tomato","1","target object"
"742","66675c887a593976a91c4b68","Drop","Past","Blueberry","Rank",NA,"you","3","you"
"743","66675c887a593976a91c4b68","Drop","Past","Blueberry","Rank",NA,"the bowling ball","1","falling object"
"744","66675c887a593976a91c4b68","Drop","Past","Blueberry","Rank",NA,"the blueberry","2","target object"
"745","663fc12fe5319431ffed0a55","Drop","Present","Blueberry","Rank",NA,"you","3","you"
"746","663fc12fe5319431ffed0a55","Drop","Present","Blueberry","Rank",NA,"the bowling ball","2","falling object"
"747","663fc12fe5319431ffed0a55","Drop","Present","Blueberry","Rank",NA,"the blueberry","1","target object"
"748","663fc12fe5319431ffed0a55","Drop","Past","Blueberry","Rank",NA,"you","3","you"
"749","663fc12fe5319431ffed0a55","Drop","Past","Blueberry","Rank",NA,"the bowling ball","2","falling object"
"750","663fc12fe5319431ffed0a55","Drop","Past","Blueberry","Rank",NA,"the blueberry","1","target object"
"751","67d97a36da5762bb5eff1cf3","Drop","Present","tomato","Rank",NA,"you","1","you"
"752","67d97a36da5762bb5eff1cf3","Drop","Present","tomato","Rank",NA,"the bowling ball","2","falling object"
"753","67d97a36da5762bb5eff1cf3","Drop","Present","tomato","Rank",NA,"the tomato","3","target object"
"754","67d97a36da5762bb5eff1cf3","Drop","Past","tomato","Rank",NA,"you","1","you"
"755","67d97a36da5762bb5eff1cf3","Drop","Past","tomato","Rank",NA,"the bowling ball","2","falling object"
"756","67d97a36da5762bb5eff1cf3","Drop","Past","tomato","Rank",NA,"the tomato","3","target object"
"757","67cf22751e29dde6e805f4b9","Drop","Present","muffin","Rank",NA,"you","2","you"
"758","67cf22751e29dde6e805f4b9","Drop","Present","muffin","Rank",NA,"the bowling ball","1","falling object"
"759","67cf22751e29dde6e805f4b9","Drop","Present","muffin","Rank",NA,"the muffin","3","target object"
"760","67cf22751e29dde6e805f4b9","Drop","Past","tomato","Rank",NA,"you","2","you"
"761","67cf22751e29dde6e805f4b9","Drop","Past","tomato","Rank",NA,"the bowling ball","1","falling object"
"762","67cf22751e29dde6e805f4b9","Drop","Past","tomato","Rank",NA,"the tomato","3","target object"
"763","67d933a6939390178799a6b6","Drop","Present","Blueberry","Rank",NA,"you","3","you"
"764","67d933a6939390178799a6b6","Drop","Present","Blueberry","Rank",NA,"the bowling ball","2","falling object"
"765","67d933a6939390178799a6b6","Drop","Present","Blueberry","Rank",NA,"the blueberry","1","target object"
"766","67d933a6939390178799a6b6","Drop","Past","muffin","Rank",NA,"you","3","you"
"767","67d933a6939390178799a6b6","Drop","Past","muffin","Rank",NA,"the bowling ball","1","falling object"
"768","67d933a6939390178799a6b6","Drop","Past","muffin","Rank",NA,"the muffin","2","target object"
"769","67d9bf357226ad721472c55a","Drop","Present","tomato","Rank",NA,"you","1","you"
"770","67d9bf357226ad721472c55a","Drop","Present","tomato","Rank",NA,"the bowling ball","2","falling object"
"771","67d9bf357226ad721472c55a","Drop","Present","tomato","Rank",NA,"the tomato","3","target object"
"772","67d9bf357226ad721472c55a","Drop","Past","tomato","Rank",NA,"you","1","you"
"773","67d9bf357226ad721472c55a","Drop","Past","tomato","Rank",NA,"the bowling ball","2","falling object"
"774","67d9bf357226ad721472c55a","Drop","Past","tomato","Rank",NA,"the tomato","3","target object"
"775","66e9977b1c4319605e488650","Drop","Present","muffin","Rank",NA,"you","3","you"
"776","66e9977b1c4319605e488650","Drop","Present","muffin","Rank",NA,"the bowling ball","1","falling object"
"777","66e9977b1c4319605e488650","Drop","Present","muffin","Rank",NA,"the muffin","2","target object"
"778","66e9977b1c4319605e488650","Drop","Past","Blueberry","Rank",NA,"you","3","you"
"779","66e9977b1c4319605e488650","Drop","Past","Blueberry","Rank",NA,"the bowling ball","2","falling object"
"780","66e9977b1c4319605e488650","Drop","Past","Blueberry","Rank",NA,"the blueberry","1","target object"
"781","67d726cab3e7de4688f238ac","Drop","Present","Blueberry","Rank",NA,"you","1","you"
"782","67d726cab3e7de4688f238ac","Drop","Present","Blueberry","Rank",NA,"the bowling ball","3","falling object"
"783","67d726cab3e7de4688f238ac","Drop","Present","Blueberry","Rank",NA,"the blueberry","2","target object"
"784","67d726cab3e7de4688f238ac","Drop","Past","tomato","Rank",NA,"you","1","you"
"785","67d726cab3e7de4688f238ac","Drop","Past","tomato","Rank",NA,"the bowling ball","2","falling object"
"786","67d726cab3e7de4688f238ac","Drop","Past","tomato","Rank",NA,"the tomato","3","target object"
"787","67d86e0a4837bad071bbef3d","Drop","Present","muffin","Rank",NA,"you","3","you"
"788","67d86e0a4837bad071bbef3d","Drop","Present","muffin","Rank",NA,"the bowling ball","2","falling object"
"789","67d86e0a4837bad071bbef3d","Drop","Present","muffin","Rank",NA,"the muffin","1","target object"
"790","67d86e0a4837bad071bbef3d","Drop","Past","Blueberry","Rank",NA,"you","3","you"
"791","67d86e0a4837bad071bbef3d","Drop","Past","Blueberry","Rank",NA,"the bowling ball","2","falling object"
"792","67d86e0a4837bad071bbef3d","Drop","Past","Blueberry","Rank",NA,"the blueberry","1","target object"
"793","67d904eb86974453d6e99638","Drop","Present","tomato","Rank",NA,"you","1","you"
"794","67d904eb86974453d6e99638","Drop","Present","tomato","Rank",NA,"the bowling ball","2","falling object"
"795","67d904eb86974453d6e99638","Drop","Present","tomato","Rank",NA,"the tomato","3","target object"
"796","67d904eb86974453d6e99638","Drop","Past","tomato","Rank",NA,"you","3","you"
"797","67d904eb86974453d6e99638","Drop","Past","tomato","Rank",NA,"the bowling ball","1","falling object"
"798","67d904eb86974453d6e99638","Drop","Past","tomato","Rank",NA,"the tomato","2","target object"
"799","5fff0eb8fa9eac64dfee12f0","Drop","Present","tomato","Rank",NA,"you","3","you"
"800","5fff0eb8fa9eac64dfee12f0","Drop","Present","tomato","Rank",NA,"the bowling ball","1","falling object"
"801","5fff0eb8fa9eac64dfee12f0","Drop","Present","tomato","Rank",NA,"the tomato","2","target object"
"802","5fff0eb8fa9eac64dfee12f0","Drop","Past","tomato","Rank",NA,"you","3","you"
"803","5fff0eb8fa9eac64dfee12f0","Drop","Past","tomato","Rank",NA,"the bowling ball","1","falling object"
"804","5fff0eb8fa9eac64dfee12f0","Drop","Past","tomato","Rank",NA,"the tomato","2","target object"
"805","6288557c67c5e08a1ebaf795","Drop","Present","tomato","Rank",NA,"you","1","you"
"806","6288557c67c5e08a1ebaf795","Drop","Present","tomato","Rank",NA,"the bowling ball","2","falling object"
"807","6288557c67c5e08a1ebaf795","Drop","Present","tomato","Rank",NA,"the tomato","3","target object"
"808","6288557c67c5e08a1ebaf795","Drop","Past","muffin","Rank",NA,"you","3","you"
"809","6288557c67c5e08a1ebaf795","Drop","Past","muffin","Rank",NA,"the bowling ball","1","falling object"
"810","6288557c67c5e08a1ebaf795","Drop","Past","muffin","Rank",NA,"the muffin","2","target object"
"811","66d64afc5c2188977812dead","Drop","Present","Blueberry","Rank",NA,"you","1","you"
"812","66d64afc5c2188977812dead","Drop","Present","Blueberry","Rank",NA,"the bowling ball","2","falling object"
"813","66d64afc5c2188977812dead","Drop","Present","Blueberry","Rank",NA,"the blueberry","3","target object"
"814","66d64afc5c2188977812dead","Drop","Past","tomato","Rank",NA,"you","1","you"
"815","66d64afc5c2188977812dead","Drop","Past","tomato","Rank",NA,"the bowling ball","2","falling object"
"816","66d64afc5c2188977812dead","Drop","Past","tomato","Rank",NA,"the tomato","3","target object"
"817","5831f08ebfb3b400015a6ad4","Drop","Present","tomato","Rank",NA,"you","3","you"
"818","5831f08ebfb3b400015a6ad4","Drop","Present","tomato","Rank",NA,"the bowling ball","2","falling object"
"819","5831f08ebfb3b400015a6ad4","Drop","Present","tomato","Rank",NA,"the tomato","1","target object"
"820","5831f08ebfb3b400015a6ad4","Drop","Past","Blueberry","Rank",NA,"you","3","you"
"821","5831f08ebfb3b400015a6ad4","Drop","Past","Blueberry","Rank",NA,"the bowling ball","1","falling object"
"822","5831f08ebfb3b400015a6ad4","Drop","Past","Blueberry","Rank",NA,"the blueberry","2","target object"
"823","663e3c2870a87bac315ac450","Drop","Present","muffin","Rank",NA,"you","3","you"
"824","663e3c2870a87bac315ac450","Drop","Present","muffin","Rank",NA,"the bowling ball","2","falling object"
"825","663e3c2870a87bac315ac450","Drop","Present","muffin","Rank",NA,"the muffin","1","target object"
"826","663e3c2870a87bac315ac450","Drop","Past","Blueberry","Rank",NA,"you","3","you"
"827","663e3c2870a87bac315ac450","Drop","Past","Blueberry","Rank",NA,"the bowling ball","2","falling object"
"828","663e3c2870a87bac315ac450","Drop","Past","Blueberry","Rank",NA,"the blueberry","1","target object"
"829","5beccd423b6489000156596f","Drop","Present","muffin","Rank",NA,"you","3","you"
"830","5beccd423b6489000156596f","Drop","Present","muffin","Rank",NA,"the bowling ball","2","falling object"
"831","5beccd423b6489000156596f","Drop","Present","muffin","Rank",NA,"the muffin","1","target object"
"832","5beccd423b6489000156596f","Drop","Past","Blueberry","Rank",NA,"you","3","you"
"833","5beccd423b6489000156596f","Drop","Past","Blueberry","Rank",NA,"the bowling ball","1","falling object"
"834","5beccd423b6489000156596f","Drop","Past","Blueberry","Rank",NA,"the blueberry","2","target object"
"835","67d46c2bd2d799cc068a0342","Drop","Present","muffin","Rank",NA,"you","1","you"
"836","67d46c2bd2d799cc068a0342","Drop","Present","muffin","Rank",NA,"the bowling ball","3","falling object"
"837","67d46c2bd2d799cc068a0342","Drop","Present","muffin","Rank",NA,"the muffin","2","target object"
"838","67d46c2bd2d799cc068a0342","Drop","Past","Blueberry","Rank",NA,"you","1","you"
"839","67d46c2bd2d799cc068a0342","Drop","Past","Blueberry","Rank",NA,"the bowling ball","2","falling object"
"840","67d46c2bd2d799cc068a0342","Drop","Past","Blueberry","Rank",NA,"the blueberry","3","target object"
"841","6740d30f66d8dde62f1c1a74","Drop","Present","Blueberry","Rank",NA,"you","3","you"
"842","6740d30f66d8dde62f1c1a74","Drop","Present","Blueberry","Rank",NA,"the bowling ball","2","falling object"
"843","6740d30f66d8dde62f1c1a74","Drop","Present","Blueberry","Rank",NA,"the blueberry","1","target object"
"844","6740d30f66d8dde62f1c1a74","Drop","Past","tomato","Rank",NA,"you","3","you"
"845","6740d30f66d8dde62f1c1a74","Drop","Past","tomato","Rank",NA,"the bowling ball","2","falling object"
"846","6740d30f66d8dde62f1c1a74","Drop","Past","tomato","Rank",NA,"the tomato","1","target object"
"847","66deeb0d5913bc50b5a5de26","Drop","Present","tomato","Rank",NA,"you","1","you"
"848","66deeb0d5913bc50b5a5de26","Drop","Present","tomato","Rank",NA,"the bowling ball","2","falling object"
"849","66deeb0d5913bc50b5a5de26","Drop","Present","tomato","Rank",NA,"the tomato","3","target object"
"850","66deeb0d5913bc50b5a5de26","Drop","Past","muffin","Rank",NA,"you","1","you"
"851","66deeb0d5913bc50b5a5de26","Drop","Past","muffin","Rank",NA,"the bowling ball","2","falling object"
"852","66deeb0d5913bc50b5a5de26","Drop","Past","muffin","Rank",NA,"the muffin","3","target object"
"853","67ce29b9e7b503290ef85551","Drop","Present","Blueberry","Rank",NA,"you","1","you"
"854","67ce29b9e7b503290ef85551","Drop","Present","Blueberry","Rank",NA,"the bowling ball","2","falling object"
"855","67ce29b9e7b503290ef85551","Drop","Present","Blueberry","Rank",NA,"the blueberry","3","target object"
"856","67ce29b9e7b503290ef85551","Drop","Past","tomato","Rank",NA,"you","1","you"
"857","67ce29b9e7b503290ef85551","Drop","Past","tomato","Rank",NA,"the bowling ball","2","falling object"
"858","67ce29b9e7b503290ef85551","Drop","Past","tomato","Rank",NA,"the tomato","3","target object"
"859","67719250f26f89447c0c4d43","Drop","Present","Blueberry","Rank",NA,"you","3","you"
"860","67719250f26f89447c0c4d43","Drop","Present","Blueberry","Rank",NA,"the bowling ball","2","falling object"
"861","67719250f26f89447c0c4d43","Drop","Present","Blueberry","Rank",NA,"the blueberry","1","target object"
"862","67719250f26f89447c0c4d43","Drop","Past","muffin","Rank",NA,"you","3","you"
"863","67719250f26f89447c0c4d43","Drop","Past","muffin","Rank",NA,"the bowling ball","2","falling object"
"864","67719250f26f89447c0c4d43","Drop","Past","muffin","Rank",NA,"the muffin","1","target object"
"865","6738f22ad48db279c079570d","Drop","Present","tomato","Rank",NA,"you","3","you"
"866","6738f22ad48db279c079570d","Drop","Present","tomato","Rank",NA,"the bowling ball","1","falling object"
"867","6738f22ad48db279c079570d","Drop","Present","tomato","Rank",NA,"the tomato","2","target object"
"868","6738f22ad48db279c079570d","Drop","Past","muffin","Rank",NA,"you","3","you"
"869","6738f22ad48db279c079570d","Drop","Past","muffin","Rank",NA,"the bowling ball","2","falling object"
"870","6738f22ad48db279c079570d","Drop","Past","muffin","Rank",NA,"the muffin","1","target object"
"871","65a708e73e47380843931ad8","Drop","Present","muffin","Rank",NA,"you","3","you"
"872","65a708e73e47380843931ad8","Drop","Present","muffin","Rank",NA,"the bowling ball","1","falling object"
"873","65a708e73e47380843931ad8","Drop","Present","muffin","Rank",NA,"the muffin","2","target object"
"874","65a708e73e47380843931ad8","Drop","Past","Blueberry","Rank",NA,"you","3","you"
"875","65a708e73e47380843931ad8","Drop","Past","Blueberry","Rank",NA,"the bowling ball","1","falling object"
"876","65a708e73e47380843931ad8","Drop","Past","Blueberry","Rank",NA,"the blueberry","2","target object"
"877","65e7a4565d3bdb0624b6d060","Drop","Present","tomato","Rank",NA,"you","2","you"
"878","65e7a4565d3bdb0624b6d060","Drop","Present","tomato","Rank",NA,"the bowling ball","1","falling object"
"879","65e7a4565d3bdb0624b6d060","Drop","Present","tomato","Rank",NA,"the tomato","3","target object"
"880","65e7a4565d3bdb0624b6d060","Drop","Past","muffin","Rank",NA,"you","2","you"
"881","65e7a4565d3bdb0624b6d060","Drop","Past","muffin","Rank",NA,"the bowling ball","1","falling object"
"882","65e7a4565d3bdb0624b6d060","Drop","Past","muffin","Rank",NA,"the muffin","3","target object"
"883","657ed969b33b843f6ea841f1","Drop","Present","tomato","Rank",NA,"you","3","you"
"884","657ed969b33b843f6ea841f1","Drop","Present","tomato","Rank",NA,"the bowling ball","2","falling object"
"885","657ed969b33b843f6ea841f1","Drop","Present","tomato","Rank",NA,"the tomato","1","target object"
"886","657ed969b33b843f6ea841f1","Drop","Past","muffin","Rank",NA,"you","3","you"
"887","657ed969b33b843f6ea841f1","Drop","Past","muffin","Rank",NA,"the bowling ball","1","falling object"
"888","657ed969b33b843f6ea841f1","Drop","Past","muffin","Rank",NA,"the muffin","2","target object"
"889","67cf6dfb019a3a7d53e9dc7e","Drop","Present","Blueberry","Rank",NA,"you","1","you"
"890","67cf6dfb019a3a7d53e9dc7e","Drop","Present","Blueberry","Rank",NA,"the bowling ball","2","falling object"
"891","67cf6dfb019a3a7d53e9dc7e","Drop","Present","Blueberry","Rank",NA,"the blueberry","3","target object"
"892","67cf6dfb019a3a7d53e9dc7e","Drop","Past","muffin","Rank",NA,"you","3","you"
"893","67cf6dfb019a3a7d53e9dc7e","Drop","Past","muffin","Rank",NA,"the bowling ball","2","falling object"
"894","67cf6dfb019a3a7d53e9dc7e","Drop","Past","muffin","Rank",NA,"the muffin","1","target object"
"895","669fb915167d6c4b8e71dbfb","Drop","Present","muffin","Rank",NA,"you","3","you"
"896","669fb915167d6c4b8e71dbfb","Drop","Present","muffin","Rank",NA,"the bowling ball","1","falling object"
"897","669fb915167d6c4b8e71dbfb","Drop","Present","muffin","Rank",NA,"the muffin","2","target object"
"898","669fb915167d6c4b8e71dbfb","Drop","Past","tomato","Rank",NA,"you","3","you"
"899","669fb915167d6c4b8e71dbfb","Drop","Past","tomato","Rank",NA,"the bowling ball","2","falling object"
"900","669fb915167d6c4b8e71dbfb","Drop","Past","tomato","Rank",NA,"the tomato","1","target object"
"901","678601bc84e8fe5db695b1fe","Drop","Present","Blueberry","Rank",NA,"you","3","you"
"902","678601bc84e8fe5db695b1fe","Drop","Present","Blueberry","Rank",NA,"the bowling ball","1","falling object"
"903","678601bc84e8fe5db695b1fe","Drop","Present","Blueberry","Rank",NA,"the blueberry","2","target object"
"904","678601bc84e8fe5db695b1fe","Drop","Past","Blueberry","Rank",NA,"you","3","you"
"905","678601bc84e8fe5db695b1fe","Drop","Past","Blueberry","Rank",NA,"the bowling ball","1","falling object"
"906","678601bc84e8fe5db695b1fe","Drop","Past","Blueberry","Rank",NA,"the blueberry","2","target object"
"907","67ad776e631677cfaa9959a2","Drop","Present","muffin","Rank",NA,"you","1","you"
"908","67ad776e631677cfaa9959a2","Drop","Present","muffin","Rank",NA,"the bowling ball","2","falling object"
"909","67ad776e631677cfaa9959a2","Drop","Present","muffin","Rank",NA,"the muffin","3","target object"
"910","67ad776e631677cfaa9959a2","Drop","Past","tomato","Rank",NA,"you","1","you"
"911","67ad776e631677cfaa9959a2","Drop","Past","tomato","Rank",NA,"the bowling ball","2","falling object"
"912","67ad776e631677cfaa9959a2","Drop","Past","tomato","Rank",NA,"the tomato","3","target object"
"913","66a398080da27efcc3e8ecef","Drop","Present","tomato","Rank",NA,"you","3","you"
"914","66a398080da27efcc3e8ecef","Drop","Present","tomato","Rank",NA,"the bowling ball","2","falling object"
"915","66a398080da27efcc3e8ecef","Drop","Present","tomato","Rank",NA,"the tomato","1","target object"
"916","66a398080da27efcc3e8ecef","Drop","Past","tomato","Rank",NA,"you","3","you"
"917","66a398080da27efcc3e8ecef","Drop","Past","tomato","Rank",NA,"the bowling ball","2","falling object"
"918","66a398080da27efcc3e8ecef","Drop","Past","tomato","Rank",NA,"the tomato","1","target object"
"919","617617515ce25cbceccac37c","Drop","Present","Blueberry","Rank",NA,"you","1","you"
"920","617617515ce25cbceccac37c","Drop","Present","Blueberry","Rank",NA,"the bowling ball","2","falling object"
"921","617617515ce25cbceccac37c","Drop","Present","Blueberry","Rank",NA,"the blueberry","3","target object"
"922","617617515ce25cbceccac37c","Drop","Past","Blueberry","Rank",NA,"you","1","you"
"923","617617515ce25cbceccac37c","Drop","Past","Blueberry","Rank",NA,"the bowling ball","2","falling object"
"924","617617515ce25cbceccac37c","Drop","Past","Blueberry","Rank",NA,"the blueberry","3","target object"
"925","67cee593bbd34744ae345102","Drop","Present","muffin","Rank",NA,"you","3","you"
"926","67cee593bbd34744ae345102","Drop","Present","muffin","Rank",NA,"the bowling ball","2","falling object"
"927","67cee593bbd34744ae345102","Drop","Present","muffin","Rank",NA,"the muffin","1","target object"
"928","67cee593bbd34744ae345102","Drop","Past","tomato","Rank",NA,"you","3","you"
"929","67cee593bbd34744ae345102","Drop","Past","tomato","Rank",NA,"the bowling ball","1","falling object"
"930","67cee593bbd34744ae345102","Drop","Past","tomato","Rank",NA,"the tomato","2","target object"
"931","638f99069b060e317a097e5d","Drop","Present","muffin","Rank",NA,"you","1","you"
"932","638f99069b060e317a097e5d","Drop","Present","muffin","Rank",NA,"the bowling ball","2","falling object"
"933","638f99069b060e317a097e5d","Drop","Present","muffin","Rank",NA,"the muffin","3","target object"
"934","638f99069b060e317a097e5d","Drop","Past","muffin","Rank",NA,"you","1","you"
"935","638f99069b060e317a097e5d","Drop","Past","muffin","Rank",NA,"the bowling ball","2","falling object"
"936","638f99069b060e317a097e5d","Drop","Past","muffin","Rank",NA,"the muffin","3","target object"
"937","5adf59e3dee8590001b05de4","Drop","Present","tomato","Rank",NA,"you","1","you"
"938","5adf59e3dee8590001b05de4","Drop","Present","tomato","Rank",NA,"the bowling ball","2","falling object"
"939","5adf59e3dee8590001b05de4","Drop","Present","tomato","Rank",NA,"the tomato","3","target object"
"940","5adf59e3dee8590001b05de4","Drop","Past","Blueberry","Rank",NA,"you","2","you"
"941","5adf59e3dee8590001b05de4","Drop","Past","Blueberry","Rank",NA,"the bowling ball","1","falling object"
"942","5adf59e3dee8590001b05de4","Drop","Past","Blueberry","Rank",NA,"the blueberry","3","target object"
"943","67d9bab0bd2a9d6d01f5fc28","Drop","Present","Blueberry","Rank",NA,"you","3","you"
"944","67d9bab0bd2a9d6d01f5fc28","Drop","Present","Blueberry","Rank",NA,"the bowling ball","2","falling object"
"945","67d9bab0bd2a9d6d01f5fc28","Drop","Present","Blueberry","Rank",NA,"the blueberry","1","target object"
"946","67d9bab0bd2a9d6d01f5fc28","Drop","Past","Blueberry","Rank",NA,"you","3","you"
"947","67d9bab0bd2a9d6d01f5fc28","Drop","Past","Blueberry","Rank",NA,"the bowling ball","2","falling object"
"948","67d9bab0bd2a9d6d01f5fc28","Drop","Past","Blueberry","Rank",NA,"the blueberry","1","target object"
"949","67d24662f073e83cb7a1587a","Drop","Present","tomato","Rank",NA,"you","1","you"
"950","67d24662f073e83cb7a1587a","Drop","Present","tomato","Rank",NA,"the bowling ball","2","falling object"
"951","67d24662f073e83cb7a1587a","Drop","Present","tomato","Rank",NA,"the tomato","3","target object"
"952","67d24662f073e83cb7a1587a","Drop","Past","tomato","Rank",NA,"you","1","you"
"953","67d24662f073e83cb7a1587a","Drop","Past","tomato","Rank",NA,"the bowling ball","2","falling object"
"954","67d24662f073e83cb7a1587a","Drop","Past","tomato","Rank",NA,"the tomato","3","target object"
"955","67c8d161717ad38aa1bc9111","Drop","Present","muffin","Rank",NA,"you","1","you"
"956","67c8d161717ad38aa1bc9111","Drop","Present","muffin","Rank",NA,"the bowling ball","2","falling object"
"957","67c8d161717ad38aa1bc9111","Drop","Present","muffin","Rank",NA,"the muffin","3","target object"
"958","67c8d161717ad38aa1bc9111","Drop","Past","muffin","Rank",NA,"you","1","you"
"959","67c8d161717ad38aa1bc9111","Drop","Past","muffin","Rank",NA,"the bowling ball","2","falling object"
"960","67c8d161717ad38aa1bc9111","Drop","Past","muffin","Rank",NA,"the muffin","3","target object"
"961","668da606f0f9ab6932be9d6b","Drop","Present","tomato","Rank",NA,"you","1","you"
"962","668da606f0f9ab6932be9d6b","Drop","Present","tomato","Rank",NA,"the bowling ball","2","falling object"
"963","668da606f0f9ab6932be9d6b","Drop","Present","tomato","Rank",NA,"the tomato","3","target object"
"964","668da606f0f9ab6932be9d6b","Drop","Past","tomato","Rank",NA,"you","1","you"
"965","668da606f0f9ab6932be9d6b","Drop","Past","tomato","Rank",NA,"the bowling ball","2","falling object"
"966","668da606f0f9ab6932be9d6b","Drop","Past","tomato","Rank",NA,"the tomato","3","target object"
"967","67d89b6321f98e8e7a79f9dc","Drop","Present","muffin","Rank",NA,"you","1","you"
"968","67d89b6321f98e8e7a79f9dc","Drop","Present","muffin","Rank",NA,"the bowling ball","2","falling object"
"969","67d89b6321f98e8e7a79f9dc","Drop","Present","muffin","Rank",NA,"the muffin","3","target object"
"970","67d89b6321f98e8e7a79f9dc","Drop","Past","Blueberry","Rank",NA,"you","1","you"
"971","67d89b6321f98e8e7a79f9dc","Drop","Past","Blueberry","Rank",NA,"the bowling ball","3","falling object"
"972","67d89b6321f98e8e7a79f9dc","Drop","Past","Blueberry","Rank",NA,"the blueberry","2","target object"
"973","6604a928d8cf814da951e2d8","Drop","Present","Blueberry","Rank",NA,"you","3","you"
"974","6604a928d8cf814da951e2d8","Drop","Present","Blueberry","Rank",NA,"the bowling ball","1","falling object"
"975","6604a928d8cf814da951e2d8","Drop","Present","Blueberry","Rank",NA,"the blueberry","2","target object"
"976","6604a928d8cf814da951e2d8","Drop","Past","muffin","Rank",NA,"you","3","you"
"977","6604a928d8cf814da951e2d8","Drop","Past","muffin","Rank",NA,"the bowling ball","1","falling object"
"978","6604a928d8cf814da951e2d8","Drop","Past","muffin","Rank",NA,"the muffin","2","target object"
"979","66e44f7a00754b042072ba54","Drop","Present","Blueberry","Rank",NA,"you","3","you"
"980","66e44f7a00754b042072ba54","Drop","Present","Blueberry","Rank",NA,"the bowling ball","1","falling object"
"981","66e44f7a00754b042072ba54","Drop","Present","Blueberry","Rank",NA,"the blueberry","2","target object"
"982","66e44f7a00754b042072ba54","Drop","Past","muffin","Rank",NA,"you","3","you"
"983","66e44f7a00754b042072ba54","Drop","Past","muffin","Rank",NA,"the bowling ball","2","falling object"
"984","66e44f7a00754b042072ba54","Drop","Past","muffin","Rank",NA,"the muffin","1","target object"
"985","67cb65e3e76f5440d744b7c9","Drop","Present","muffin","Rank",NA,"you","1","you"
"986","67cb65e3e76f5440d744b7c9","Drop","Present","muffin","Rank",NA,"the bowling ball","2","falling object"
"987","67cb65e3e76f5440d744b7c9","Drop","Present","muffin","Rank",NA,"the muffin","3","target object"
"988","67cb65e3e76f5440d744b7c9","Drop","Past","muffin","Rank",NA,"you","1","you"
"989","67cb65e3e76f5440d744b7c9","Drop","Past","muffin","Rank",NA,"the bowling ball","2","falling object"
"990","67cb65e3e76f5440d744b7c9","Drop","Past","muffin","Rank",NA,"the muffin","3","target object"
"991","667c9f9c07cc857002729af5","Drop","Present","Blueberry","Rank",NA,"you","2","you"
"992","667c9f9c07cc857002729af5","Drop","Present","Blueberry","Rank",NA,"the bowling ball","1","falling object"
"993","667c9f9c07cc857002729af5","Drop","Present","Blueberry","Rank",NA,"the blueberry","3","target object"
"994","667c9f9c07cc857002729af5","Drop","Past","tomato","Rank",NA,"you","2","you"
"995","667c9f9c07cc857002729af5","Drop","Past","tomato","Rank",NA,"the bowling ball","1","falling object"
"996","667c9f9c07cc857002729af5","Drop","Past","tomato","Rank",NA,"the tomato","3","target object"
"997","6593443d4000890470adb313","Drop","Present","Blueberry","Rank",NA,"you","3","you"
"998","6593443d4000890470adb313","Drop","Present","Blueberry","Rank",NA,"the bowling ball","1","falling object"
"999","6593443d4000890470adb313","Drop","Present","Blueberry","Rank",NA,"the blueberry","2","target object"
"1000","6593443d4000890470adb313","Drop","Past","Blueberry","Rank",NA,"you","3","you"
"1001","6593443d4000890470adb313","Drop","Past","Blueberry","Rank",NA,"the bowling ball","1","falling object"
"1002","6593443d4000890470adb313","Drop","Past","Blueberry","Rank",NA,"the blueberry","2","target object"
"1003","65c1501098be0f409188762f","Drop","Present","Blueberry","Rank",NA,"you","3","you"
"1004","65c1501098be0f409188762f","Drop","Present","Blueberry","Rank",NA,"the bowling ball","2","falling object"
"1005","65c1501098be0f409188762f","Drop","Present","Blueberry","Rank",NA,"the blueberry","1","target object"
"1006","65c1501098be0f409188762f","Drop","Past","Blueberry","Rank",NA,"you","3","you"
"1007","65c1501098be0f409188762f","Drop","Past","Blueberry","Rank",NA,"the bowling ball","2","falling object"
"1008","65c1501098be0f409188762f","Drop","Past","Blueberry","Rank",NA,"the blueberry","1","target object"
"1009","6732ab9b8627904cc6a8a524","Drop","Present","muffin","Rank",NA,"you","3","you"
"1010","6732ab9b8627904cc6a8a524","Drop","Present","muffin","Rank",NA,"the bowling ball","1","falling object"
"1011","6732ab9b8627904cc6a8a524","Drop","Present","muffin","Rank",NA,"the muffin","2","target object"
"1012","6732ab9b8627904cc6a8a524","Drop","Past","muffin","Rank",NA,"you","3","you"
"1013","6732ab9b8627904cc6a8a524","Drop","Past","muffin","Rank",NA,"the bowling ball","1","falling object"
"1014","6732ab9b8627904cc6a8a524","Drop","Past","muffin","Rank",NA,"the muffin","2","target object"
"1015","5d2fb8f7034d7d000164bd18","Drop","Present","tomato","Rank",NA,"you","3","you"
"1016","5d2fb8f7034d7d000164bd18","Drop","Present","tomato","Rank",NA,"the bowling ball","2","falling object"
"1017","5d2fb8f7034d7d000164bd18","Drop","Present","tomato","Rank",NA,"the tomato","1","target object"
"1018","5d2fb8f7034d7d000164bd18","Drop","Past","tomato","Rank",NA,"you","3","you"
"1019","5d2fb8f7034d7d000164bd18","Drop","Past","tomato","Rank",NA,"the bowling ball","2","falling object"
"1020","5d2fb8f7034d7d000164bd18","Drop","Past","tomato","Rank",NA,"the tomato","1","target object"
"1021","5eb6f666c792cd6143878d27","Drop","Present","muffin","Rank",NA,"you","1","you"
"1022","5eb6f666c792cd6143878d27","Drop","Present","muffin","Rank",NA,"the bowling ball","2","falling object"
"1023","5eb6f666c792cd6143878d27","Drop","Present","muffin","Rank",NA,"the muffin","3","target object"
"1024","5eb6f666c792cd6143878d27","Drop","Past","muffin","Rank",NA,"you","3","you"
"1025","5eb6f666c792cd6143878d27","Drop","Past","muffin","Rank",NA,"the bowling ball","1","falling object"
"1026","5eb6f666c792cd6143878d27","Drop","Past","muffin","Rank",NA,"the muffin","2","target object"
"1027","6754246c81ce61cb6ffe887f","Drop","Present","Blueberry","Rank",NA,"you","1","you"
"1028","6754246c81ce61cb6ffe887f","Drop","Present","Blueberry","Rank",NA,"the bowling ball","2","falling object"
"1029","6754246c81ce61cb6ffe887f","Drop","Present","Blueberry","Rank",NA,"the blueberry","3","target object"
"1030","6754246c81ce61cb6ffe887f","Drop","Past","tomato","Rank",NA,"you","1","you"
"1031","6754246c81ce61cb6ffe887f","Drop","Past","tomato","Rank",NA,"the bowling ball","2","falling object"
"1032","6754246c81ce61cb6ffe887f","Drop","Past","tomato","Rank",NA,"the tomato","3","target object"
"1033","67d3093eb1f28733176d4f9e","Drop","Present","tomato","Rank",NA,"you","3","you"
"1034","67d3093eb1f28733176d4f9e","Drop","Present","tomato","Rank",NA,"the bowling ball","1","falling object"
"1035","67d3093eb1f28733176d4f9e","Drop","Present","tomato","Rank",NA,"the tomato","2","target object"
"1036","67d3093eb1f28733176d4f9e","Drop","Past","Blueberry","Rank",NA,"you","3","you"
"1037","67d3093eb1f28733176d4f9e","Drop","Past","Blueberry","Rank",NA,"the bowling ball","1","falling object"
"1038","67d3093eb1f28733176d4f9e","Drop","Past","Blueberry","Rank",NA,"the blueberry","2","target object"
"1039","67d9e6debb6c6afe22d3cb2b","Drop","Present","muffin","Rank",NA,"you","1","you"
"1040","67d9e6debb6c6afe22d3cb2b","Drop","Present","muffin","Rank",NA,"the bowling ball","3","falling object"
"1041","67d9e6debb6c6afe22d3cb2b","Drop","Present","muffin","Rank",NA,"the muffin","2","target object"
"1042","67d9e6debb6c6afe22d3cb2b","Drop","Past","Blueberry","Rank",NA,"you","1","you"
"1043","67d9e6debb6c6afe22d3cb2b","Drop","Past","Blueberry","Rank",NA,"the bowling ball","2","falling object"
"1044","67d9e6debb6c6afe22d3cb2b","Drop","Past","Blueberry","Rank",NA,"the blueberry","3","target object"
"1045","67a4eb1ba542838834f75ada","Drop","Present","tomato","Rank",NA,"you","1","you"
"1046","67a4eb1ba542838834f75ada","Drop","Present","tomato","Rank",NA,"the bowling ball","3","falling object"
"1047","67a4eb1ba542838834f75ada","Drop","Present","tomato","Rank",NA,"the tomato","2","target object"
"1048","67a4eb1ba542838834f75ada","Drop","Past","muffin","Rank",NA,"you","1","you"
"1049","67a4eb1ba542838834f75ada","Drop","Past","muffin","Rank",NA,"the bowling ball","3","falling object"
"1050","67a4eb1ba542838834f75ada","Drop","Past","muffin","Rank",NA,"the muffin","2","target object"
