"","id","Score","verb","tense","target_object","question","subject","focus"
"1","5f85a51cadc3ff03ac5e395f",0,"Drop","Present","muffin","Before","Null",NA
"2","5f85a51cadc3ff03ac5e395f",80,"Drop","Present","muffin","After","Null",NA
"3","5f85a51cadc3ff03ac5e395f",71,"Drop","Present","muffin","Imply","Null",NA
"4","5f85a51cadc3ff03ac5e395f",0,"Drop","Present","muffin","Before","Explicit",NA
"5","5f85a51cadc3ff03ac5e395f",80,"Drop","Present","muffin","After","Explicit",NA
"6","5f85a51cadc3ff03ac5e395f",70,"Drop","Present","muffin","Imply","Explicit",NA
"7","5f85a51cadc3ff03ac5e395f",0,"Drop","Past","Blueberry","Before","Null",NA
"8","5f85a51cadc3ff03ac5e395f",100,"Drop","Past","Blueberry","After","Null",NA
"9","5f85a51cadc3ff03ac5e395f",80,"Drop","Past","Blueberry","Imply","Null",NA
"10","5f85a51cadc3ff03ac5e395f",0,"Drop","Past","Blueberry","Before","Explicit",NA
"11","5f85a51cadc3ff03ac5e395f",100,"Drop","Past","Blueberry","After","Explicit",NA
"12","5f85a51cadc3ff03ac5e395f",80,"Drop","Past","Blueberry","Imply","Explicit",NA
"13","614235732a911ae28559d9c3",0,"Drop","Present","Blueberry","Before","Null",NA
"14","614235732a911ae28559d9c3",100,"Drop","Present","Blueberry","After","Null",NA
"15","614235732a911ae28559d9c3",85,"Drop","Present","Blueberry","Imply","Null",NA
"16","614235732a911ae28559d9c3",0,"Drop","Present","Blueberry","Before","Explicit",NA
"17","614235732a911ae28559d9c3",100,"Drop","Present","Blueberry","After","Explicit",NA
"18","614235732a911ae28559d9c3",100,"Drop","Present","Blueberry","Imply","Explicit",NA
"19","614235732a911ae28559d9c3",0,"Drop","Past","tomato","Before","Null",NA
"20","614235732a911ae28559d9c3",100,"Drop","Past","tomato","After","Null",NA
"21","614235732a911ae28559d9c3",100,"Drop","Past","tomato","Imply","Null",NA
"22","614235732a911ae28559d9c3",0,"Drop","Past","muffin","Before","Explicit",NA
"23","614235732a911ae28559d9c3",82,"Drop","Past","muffin","After","Explicit",NA
"24","614235732a911ae28559d9c3",77,"Drop","Past","muffin","Imply","Explicit",NA
"25","5fff3183426b8c6c2474c831",0,"Drop","Present","tomato","Before","Null",NA
"26","5fff3183426b8c6c2474c831",100,"Drop","Present","tomato","After","Null",NA
"27","5fff3183426b8c6c2474c831",100,"Drop","Present","tomato","Imply","Null",NA
"28","5fff3183426b8c6c2474c831",100,"Drop","Present","tomato","Before","Explicit",NA
"29","5fff3183426b8c6c2474c831",100,"Drop","Present","tomato","Imply","Explicit",NA
"30","5fff3183426b8c6c2474c831",0,"Drop","Past","Blueberry","Before","Null",NA
"31","5fff3183426b8c6c2474c831",100,"Drop","Past","Blueberry","After","Null",NA
"32","5fff3183426b8c6c2474c831",100,"Drop","Past","Blueberry","Imply","Null",NA
"33","5fff3183426b8c6c2474c831",0,"Drop","Past","tomato","Before","Explicit",NA
"34","5fff3183426b8c6c2474c831",100,"Drop","Past","tomato","After","Explicit",NA
"35","5fff3183426b8c6c2474c831",100,"Drop","Past","tomato","Imply","Explicit",NA
"36","6145dddfa6fcfd396e1f4f1a",0,"Drop","Present","tomato","Before","Null",NA
"37","6145dddfa6fcfd396e1f4f1a",100,"Drop","Present","tomato","After","Null",NA
"38","6145dddfa6fcfd396e1f4f1a",100,"Drop","Present","tomato","Imply","Null",NA
"39","6145dddfa6fcfd396e1f4f1a",100,"Drop","Present","tomato","Before","Explicit",NA
"40","6145dddfa6fcfd396e1f4f1a",80,"Drop","Present","tomato","Imply","Explicit",NA
"41","6145dddfa6fcfd396e1f4f1a",20,"Drop","Past","muffin","Before","Null",NA
"42","6145dddfa6fcfd396e1f4f1a",92,"Drop","Past","muffin","After","Null",NA
"43","6145dddfa6fcfd396e1f4f1a",94,"Drop","Past","muffin","Imply","Null",NA
"44","6145dddfa6fcfd396e1f4f1a",17,"Drop","Past","Blueberry","Before","Explicit",NA
"45","6145dddfa6fcfd396e1f4f1a",100,"Drop","Past","Blueberry","After","Explicit",NA
"46","6145dddfa6fcfd396e1f4f1a",71,"Drop","Past","Blueberry","Imply","Explicit",NA
"47","5f9ee9286057414b687627cd",0,"Drop","Present","muffin","Before","Null",NA
"48","5f9ee9286057414b687627cd",100,"Drop","Present","muffin","After","Null",NA
"49","5f9ee9286057414b687627cd",95,"Drop","Present","muffin","Imply","Null",NA
"50","5f9ee9286057414b687627cd",100,"Drop","Present","tomato","Before","Explicit",NA
"51","5f9ee9286057414b687627cd",85,"Drop","Present","tomato","Imply","Explicit",NA
"52","5f9ee9286057414b687627cd",0,"Drop","Past","muffin","Before","Null",NA
"53","5f9ee9286057414b687627cd",100,"Drop","Past","muffin","After","Null",NA
"54","5f9ee9286057414b687627cd",90,"Drop","Past","muffin","Imply","Null",NA
"55","5f9ee9286057414b687627cd",0,"Drop","Past","muffin","Before","Explicit",NA
"56","5f9ee9286057414b687627cd",100,"Drop","Past","muffin","After","Explicit",NA
"57","5f9ee9286057414b687627cd",100,"Drop","Past","muffin","Imply","Explicit",NA
"58","5f823478cab272361106d26a",0,"Drop","Present","Blueberry","Before","Null",NA
"59","5f823478cab272361106d26a",100,"Drop","Present","Blueberry","After","Null",NA
"60","5f823478cab272361106d26a",100,"Drop","Present","Blueberry","Imply","Null",NA
"61","5f823478cab272361106d26a",0,"Drop","Present","muffin","Before","Explicit",NA
"62","5f823478cab272361106d26a",100,"Drop","Present","muffin","After","Explicit",NA
"63","5f823478cab272361106d26a",100,"Drop","Present","muffin","Imply","Explicit",NA
"64","5f823478cab272361106d26a",0,"Drop","Past","Blueberry","Before","Null",NA
"65","5f823478cab272361106d26a",100,"Drop","Past","Blueberry","After","Null",NA
"66","5f823478cab272361106d26a",100,"Drop","Past","Blueberry","Imply","Null",NA
"67","5f823478cab272361106d26a",0,"Drop","Past","tomato","Before","Explicit",NA
"68","5f823478cab272361106d26a",100,"Drop","Past","tomato","After","Explicit",NA
"69","5f823478cab272361106d26a",100,"Drop","Past","tomato","Imply","Explicit",NA
"70","6140ef8d27499e70e8740918",0,"Drop","Present","muffin","Before","Null",NA
"71","6140ef8d27499e70e8740918",87,"Drop","Present","muffin","After","Null",NA
"72","6140ef8d27499e70e8740918",87,"Drop","Present","muffin","Imply","Null",NA
"73","6140ef8d27499e70e8740918",0,"Drop","Present","muffin","Before","Explicit",NA
"74","6140ef8d27499e70e8740918",88,"Drop","Present","muffin","After","Explicit",NA
"75","6140ef8d27499e70e8740918",90,"Drop","Present","muffin","Imply","Explicit",NA
"76","6140ef8d27499e70e8740918",0,"Drop","Past","tomato","Before","Null",NA
"77","6140ef8d27499e70e8740918",100,"Drop","Past","tomato","After","Null",NA
"78","6140ef8d27499e70e8740918",100,"Drop","Past","tomato","Imply","Null",NA
"79","6140ef8d27499e70e8740918",0,"Drop","Past","Blueberry","Before","Explicit",NA
"80","6140ef8d27499e70e8740918",100,"Drop","Past","Blueberry","After","Explicit",NA
"81","6140ef8d27499e70e8740918",89,"Drop","Past","Blueberry","Imply","Explicit",NA
"82","6150ca3f37e1fe330f70311d",0,"Drop","Present","Blueberry","Before","Null",NA
"83","6150ca3f37e1fe330f70311d",100,"Drop","Present","Blueberry","After","Null",NA
"84","6150ca3f37e1fe330f70311d",100,"Drop","Present","Blueberry","Imply","Null",NA
"85","6150ca3f37e1fe330f70311d",0,"Drop","Present","Blueberry","Before","Explicit",NA
"86","6150ca3f37e1fe330f70311d",100,"Drop","Present","Blueberry","After","Explicit",NA
"87","6150ca3f37e1fe330f70311d",100,"Drop","Present","Blueberry","Imply","Explicit",NA
"88","6150ca3f37e1fe330f70311d",0,"Drop","Past","muffin","Before","Null",NA
"89","6150ca3f37e1fe330f70311d",70,"Drop","Past","muffin","After","Null",NA
"90","6150ca3f37e1fe330f70311d",100,"Drop","Past","muffin","Imply","Null",NA
"91","6150ca3f37e1fe330f70311d",0,"Drop","Past","muffin","Before","Explicit",NA
"92","6150ca3f37e1fe330f70311d",77,"Drop","Past","muffin","After","Explicit",NA
"93","6150ca3f37e1fe330f70311d",100,"Drop","Past","muffin","Imply","Explicit",NA
"94","6171312b4f75ea6a71c23125",0,"Drop","Present","Blueberry","Before","Null",NA
"95","6171312b4f75ea6a71c23125",100,"Drop","Present","Blueberry","After","Null",NA
"96","6171312b4f75ea6a71c23125",100,"Drop","Present","Blueberry","Imply","Null",NA
"97","6171312b4f75ea6a71c23125",0,"Drop","Present","muffin","Before","Explicit",NA
"98","6171312b4f75ea6a71c23125",100,"Drop","Present","muffin","After","Explicit",NA
"99","6171312b4f75ea6a71c23125",74,"Drop","Present","muffin","Imply","Explicit",NA
"100","6171312b4f75ea6a71c23125",0,"Drop","Past","Blueberry","Before","Null",NA
"101","6171312b4f75ea6a71c23125",100,"Drop","Past","Blueberry","After","Null",NA
"102","6171312b4f75ea6a71c23125",100,"Drop","Past","Blueberry","Imply","Null",NA
"103","6171312b4f75ea6a71c23125",0,"Drop","Past","tomato","Before","Explicit",NA
"104","6171312b4f75ea6a71c23125",100,"Drop","Past","tomato","After","Explicit",NA
"105","6171312b4f75ea6a71c23125",60,"Drop","Past","tomato","Imply","Explicit",NA
"106","60dae7c2730e385327295c3c",0,"Drop","Present","tomato","Before","Null",NA
"107","60dae7c2730e385327295c3c",90,"Drop","Present","tomato","After","Null",NA
"108","60dae7c2730e385327295c3c",93,"Drop","Present","tomato","Imply","Null",NA
"109","60dae7c2730e385327295c3c",0,"Drop","Present","muffin","Before","Explicit",NA
"110","60dae7c2730e385327295c3c",70,"Drop","Present","muffin","After","Explicit",NA
"111","60dae7c2730e385327295c3c",85,"Drop","Present","muffin","Imply","Explicit",NA
"112","60dae7c2730e385327295c3c",0,"Drop","Past","tomato","Before","Null",NA
"113","60dae7c2730e385327295c3c",97,"Drop","Past","tomato","After","Null",NA
"114","60dae7c2730e385327295c3c",96,"Drop","Past","tomato","Imply","Null",NA
"115","60dae7c2730e385327295c3c",0,"Drop","Past","Blueberry","Before","Explicit",NA
"116","60dae7c2730e385327295c3c",100,"Drop","Past","Blueberry","After","Explicit",NA
"117","60dae7c2730e385327295c3c",100,"Drop","Past","Blueberry","Imply","Explicit",NA
"118","609a7d5287ca8fb83e0780d4",0,"Drop","Present","muffin","Before","Null",NA
"119","609a7d5287ca8fb83e0780d4",100,"Drop","Present","muffin","After","Null",NA
"120","609a7d5287ca8fb83e0780d4",100,"Drop","Present","muffin","Imply","Null",NA
"121","609a7d5287ca8fb83e0780d4",0,"Drop","Present","Blueberry","Before","Explicit",NA
"122","609a7d5287ca8fb83e0780d4",100,"Drop","Present","Blueberry","After","Explicit",NA
"123","609a7d5287ca8fb83e0780d4",100,"Drop","Present","Blueberry","Imply","Explicit",NA
"124","609a7d5287ca8fb83e0780d4",0,"Drop","Past","Blueberry","Before","Null",NA
"125","609a7d5287ca8fb83e0780d4",100,"Drop","Past","Blueberry","After","Null",NA
"126","609a7d5287ca8fb83e0780d4",100,"Drop","Past","Blueberry","Imply","Null",NA
"127","609a7d5287ca8fb83e0780d4",0,"Drop","Past","Blueberry","Before","Explicit",NA
"128","609a7d5287ca8fb83e0780d4",100,"Drop","Past","Blueberry","After","Explicit",NA
"129","609a7d5287ca8fb83e0780d4",100,"Drop","Past","Blueberry","Imply","Explicit",NA
"130","5f2af8a288f11d4765bb31d0",0,"Drop","Present","tomato","Before","Null",NA
"131","5f2af8a288f11d4765bb31d0",100,"Drop","Present","tomato","After","Null",NA
"132","5f2af8a288f11d4765bb31d0",0,"Drop","Present","tomato","Imply","Null",NA
"133","5f2af8a288f11d4765bb31d0",0,"Drop","Present","Blueberry","Before","Explicit",NA
"134","5f2af8a288f11d4765bb31d0",100,"Drop","Present","Blueberry","After","Explicit",NA
"135","5f2af8a288f11d4765bb31d0",0,"Drop","Present","Blueberry","Imply","Explicit",NA
"136","5f2af8a288f11d4765bb31d0",0,"Drop","Past","muffin","Before","Null",NA
"137","5f2af8a288f11d4765bb31d0",100,"Drop","Past","muffin","After","Null",NA
"138","5f2af8a288f11d4765bb31d0",0,"Drop","Past","muffin","Imply","Null",NA
"139","5f2af8a288f11d4765bb31d0",0,"Drop","Past","muffin","Before","Explicit",NA
"140","5f2af8a288f11d4765bb31d0",100,"Drop","Past","muffin","After","Explicit",NA
"141","5f2af8a288f11d4765bb31d0",0,"Drop","Past","muffin","Imply","Explicit",NA
"142","606c7d27f4f3ae688332a55d",0,"Drop","Present","tomato","Before","Null",NA
"143","606c7d27f4f3ae688332a55d",100,"Drop","Present","tomato","After","Null",NA
"144","606c7d27f4f3ae688332a55d",100,"Drop","Present","tomato","Imply","Null",NA
"145","606c7d27f4f3ae688332a55d",0,"Drop","Present","muffin","Before","Explicit",NA
"146","606c7d27f4f3ae688332a55d",100,"Drop","Present","muffin","After","Explicit",NA
"147","606c7d27f4f3ae688332a55d",60,"Drop","Present","muffin","Imply","Explicit",NA
"148","606c7d27f4f3ae688332a55d",0,"Drop","Past","tomato","Before","Null",NA
"149","606c7d27f4f3ae688332a55d",100,"Drop","Past","tomato","After","Null",NA
"150","606c7d27f4f3ae688332a55d",100,"Drop","Past","tomato","Imply","Null",NA
"151","606c7d27f4f3ae688332a55d",0,"Drop","Past","tomato","Before","Explicit",NA
"152","606c7d27f4f3ae688332a55d",100,"Drop","Past","tomato","After","Explicit",NA
"153","606c7d27f4f3ae688332a55d",100,"Drop","Past","tomato","Imply","Explicit",NA
"154","5f9d4a9335e325252a9715a4",0,"Drop","Present","muffin","Before","Null",NA
"155","5f9d4a9335e325252a9715a4",90,"Drop","Present","muffin","After","Null",NA
"156","5f9d4a9335e325252a9715a4",80,"Drop","Present","muffin","Imply","Null",NA
"157","5f9d4a9335e325252a9715a4",0,"Drop","Present","Blueberry","Before","Explicit",NA
"158","5f9d4a9335e325252a9715a4",100,"Drop","Present","Blueberry","After","Explicit",NA
"159","5f9d4a9335e325252a9715a4",80,"Drop","Present","Blueberry","Imply","Explicit",NA
"160","5f9d4a9335e325252a9715a4",0,"Drop","Past","Blueberry","Before","Null",NA
"161","5f9d4a9335e325252a9715a4",100,"Drop","Past","Blueberry","After","Null",NA
"162","5f9d4a9335e325252a9715a4",80,"Drop","Past","Blueberry","Imply","Null",NA
"163","5f9d4a9335e325252a9715a4",0,"Drop","Past","muffin","Before","Explicit",NA
"164","5f9d4a9335e325252a9715a4",95,"Drop","Past","muffin","After","Explicit",NA
"165","5f9d4a9335e325252a9715a4",80,"Drop","Past","muffin","Imply","Explicit",NA
"166","5d16539382c22b00155d9254",0,"Drop","Present","muffin","Before","Null",NA
"167","5d16539382c22b00155d9254",100,"Drop","Present","muffin","After","Null",NA
"168","5d16539382c22b00155d9254",100,"Drop","Present","muffin","Imply","Null",NA
"169","5d16539382c22b00155d9254",0,"Drop","Present","muffin","Before","Explicit",NA
"170","5d16539382c22b00155d9254",100,"Drop","Present","muffin","After","Explicit",NA
"171","5d16539382c22b00155d9254",100,"Drop","Present","muffin","Imply","Explicit",NA
"172","5d16539382c22b00155d9254",0,"Drop","Past","tomato","Before","Null",NA
"173","5d16539382c22b00155d9254",100,"Drop","Past","tomato","After","Null",NA
"174","5d16539382c22b00155d9254",100,"Drop","Past","tomato","Imply","Null",NA
"175","5d16539382c22b00155d9254",0,"Drop","Past","tomato","Before","Explicit",NA
"176","5d16539382c22b00155d9254",100,"Drop","Past","tomato","After","Explicit",NA
"177","5d16539382c22b00155d9254",100,"Drop","Past","tomato","Imply","Explicit",NA
"178","5dd46163c0823f4503b59566",0,"Drop","Present","tomato","Before","Null",NA
"179","5dd46163c0823f4503b59566",90,"Drop","Present","tomato","After","Null",NA
"180","5dd46163c0823f4503b59566",50,"Drop","Present","tomato","Imply","Null",NA
"181","5dd46163c0823f4503b59566",0,"Drop","Present","muffin","Before","Explicit",NA
"182","5dd46163c0823f4503b59566",100,"Drop","Present","muffin","After","Explicit",NA
"183","5dd46163c0823f4503b59566",50,"Drop","Present","muffin","Imply","Explicit",NA
"184","5dd46163c0823f4503b59566",0,"Drop","Past","muffin","Before","Null",NA
"185","5dd46163c0823f4503b59566",100,"Drop","Past","muffin","After","Null",NA
"186","5dd46163c0823f4503b59566",50,"Drop","Past","muffin","Imply","Null",NA
"187","5dd46163c0823f4503b59566",0,"Drop","Past","muffin","Before","Explicit",NA
"188","5dd46163c0823f4503b59566",100,"Drop","Past","muffin","After","Explicit",NA
"189","5dd46163c0823f4503b59566",50,"Drop","Past","muffin","Imply","Explicit",NA
"190","604f61b6c342bcf27f6f0027",0,"Drop","Present","Blueberry","Before","Null",NA
"191","604f61b6c342bcf27f6f0027",100,"Drop","Present","Blueberry","After","Null",NA
"192","604f61b6c342bcf27f6f0027",71,"Drop","Present","Blueberry","Imply","Null",NA
"193","604f61b6c342bcf27f6f0027",100,"Drop","Present","tomato","Before","Explicit",NA
"194","604f61b6c342bcf27f6f0027",70,"Drop","Present","tomato","Imply","Explicit",NA
"195","604f61b6c342bcf27f6f0027",0,"Drop","Past","tomato","Before","Null",NA
"196","604f61b6c342bcf27f6f0027",100,"Drop","Past","tomato","After","Null",NA
"197","604f61b6c342bcf27f6f0027",71,"Drop","Past","tomato","Imply","Null",NA
"198","604f61b6c342bcf27f6f0027",0,"Drop","Past","Blueberry","Before","Explicit",NA
"199","604f61b6c342bcf27f6f0027",100,"Drop","Past","Blueberry","After","Explicit",NA
"200","604f61b6c342bcf27f6f0027",70,"Drop","Past","Blueberry","Imply","Explicit",NA
"201","5f03993af1a82a5c4988eabf",0,"Drop","Present","tomato","Before","Null",NA
"202","5f03993af1a82a5c4988eabf",100,"Drop","Present","tomato","After","Null",NA
"203","5f03993af1a82a5c4988eabf",100,"Drop","Present","tomato","Imply","Null",NA
"204","5f03993af1a82a5c4988eabf",100,"Drop","Present","tomato","Before","Explicit",NA
"205","5f03993af1a82a5c4988eabf",100,"Drop","Present","tomato","Imply","Explicit",NA
"206","5f03993af1a82a5c4988eabf",0,"Drop","Past","Blueberry","Before","Null",NA
"207","5f03993af1a82a5c4988eabf",100,"Drop","Past","Blueberry","After","Null",NA
"208","5f03993af1a82a5c4988eabf",100,"Drop","Past","Blueberry","Imply","Null",NA
"209","5f03993af1a82a5c4988eabf",10,"Drop","Past","tomato","Before","Explicit",NA
"210","5f03993af1a82a5c4988eabf",100,"Drop","Past","tomato","After","Explicit",NA
"211","5f03993af1a82a5c4988eabf",100,"Drop","Past","tomato","Imply","Explicit",NA
"212","5cdb0b34c5acb3000136c907",0,"Drop","Present","muffin","Before","Null",NA
"213","5cdb0b34c5acb3000136c907",89,"Drop","Present","muffin","After","Null",NA
"214","5cdb0b34c5acb3000136c907",87,"Drop","Present","muffin","Imply","Null",NA
"215","5cdb0b34c5acb3000136c907",0,"Drop","Present","muffin","Before","Explicit",NA
"216","5cdb0b34c5acb3000136c907",92,"Drop","Present","muffin","After","Explicit",NA
"217","5cdb0b34c5acb3000136c907",87,"Drop","Present","muffin","Imply","Explicit",NA
"218","5cdb0b34c5acb3000136c907",0,"Drop","Past","Blueberry","Before","Null",NA
"219","5cdb0b34c5acb3000136c907",85,"Drop","Past","Blueberry","After","Null",NA
"220","5cdb0b34c5acb3000136c907",89,"Drop","Past","Blueberry","Imply","Null",NA
"221","5cdb0b34c5acb3000136c907",0,"Drop","Past","tomato","Before","Explicit",NA
"222","5cdb0b34c5acb3000136c907",84,"Drop","Past","tomato","After","Explicit",NA
"223","5cdb0b34c5acb3000136c907",73,"Drop","Past","tomato","Imply","Explicit",NA
"224","6111619298b13af4d44cf090",0,"Drop","Present","muffin","Before","Null",NA
"225","6111619298b13af4d44cf090",100,"Drop","Present","muffin","After","Null",NA
"226","6111619298b13af4d44cf090",100,"Drop","Present","muffin","Imply","Null",NA
"227","6111619298b13af4d44cf090",0,"Drop","Present","Blueberry","Before","Explicit",NA
"228","6111619298b13af4d44cf090",100,"Drop","Present","Blueberry","After","Explicit",NA
"229","6111619298b13af4d44cf090",100,"Drop","Present","Blueberry","Imply","Explicit",NA
"230","6111619298b13af4d44cf090",0,"Drop","Past","Blueberry","Before","Null",NA
"231","6111619298b13af4d44cf090",100,"Drop","Past","Blueberry","After","Null",NA
"232","6111619298b13af4d44cf090",100,"Drop","Past","Blueberry","Imply","Null",NA
"233","6111619298b13af4d44cf090",0,"Drop","Past","muffin","Before","Explicit",NA
"234","6111619298b13af4d44cf090",100,"Drop","Past","muffin","After","Explicit",NA
"235","6111619298b13af4d44cf090",100,"Drop","Past","muffin","Imply","Explicit",NA
"236","5acb63b2fa3b4e000173ad98",0,"Drop","Present","Blueberry","Before","Null",NA
"237","5acb63b2fa3b4e000173ad98",100,"Drop","Present","Blueberry","After","Null",NA
"238","5acb63b2fa3b4e000173ad98",100,"Drop","Present","Blueberry","Imply","Null",NA
"239","5acb63b2fa3b4e000173ad98",0,"Drop","Present","muffin","Before","Explicit",NA
"240","5acb63b2fa3b4e000173ad98",100,"Drop","Present","muffin","After","Explicit",NA
"241","5acb63b2fa3b4e000173ad98",100,"Drop","Present","muffin","Imply","Explicit",NA
"242","5acb63b2fa3b4e000173ad98",0,"Drop","Past","muffin","Before","Null",NA
"243","5acb63b2fa3b4e000173ad98",100,"Drop","Past","muffin","After","Null",NA
"244","5acb63b2fa3b4e000173ad98",100,"Drop","Past","muffin","Imply","Null",NA
"245","5acb63b2fa3b4e000173ad98",0,"Drop","Past","tomato","Before","Explicit",NA
"246","5acb63b2fa3b4e000173ad98",100,"Drop","Past","tomato","After","Explicit",NA
"247","5acb63b2fa3b4e000173ad98",100,"Drop","Past","tomato","Imply","Explicit",NA
"248","60c4a49f823e3faceb51be96",0,"Drop","Present","tomato","Before","Null",NA
"249","60c4a49f823e3faceb51be96",71,"Drop","Present","tomato","After","Null",NA
"250","60c4a49f823e3faceb51be96",34,"Drop","Present","tomato","Imply","Null",NA
"251","60c4a49f823e3faceb51be96",100,"Drop","Present","tomato","Before","Explicit",NA
"252","60c4a49f823e3faceb51be96",35,"Drop","Present","tomato","Imply","Explicit",NA
"253","60c4a49f823e3faceb51be96",0,"Drop","Past","tomato","Before","Null",NA
"254","60c4a49f823e3faceb51be96",73,"Drop","Past","tomato","After","Null",NA
"255","60c4a49f823e3faceb51be96",34,"Drop","Past","tomato","Imply","Null",NA
"256","60c4a49f823e3faceb51be96",0,"Drop","Past","muffin","Before","Explicit",NA
"257","60c4a49f823e3faceb51be96",80,"Drop","Past","muffin","After","Explicit",NA
"258","60c4a49f823e3faceb51be96",34,"Drop","Past","muffin","Imply","Explicit",NA
"259","6050def7e8e7c6c1efb45fac",0,"Drop","Present","Blueberry","Before","Null",NA
"260","6050def7e8e7c6c1efb45fac",100,"Drop","Present","Blueberry","After","Null",NA
"261","6050def7e8e7c6c1efb45fac",100,"Drop","Present","Blueberry","Imply","Null",NA
"262","6050def7e8e7c6c1efb45fac",0,"Drop","Present","Blueberry","Before","Explicit",NA
"263","6050def7e8e7c6c1efb45fac",100,"Drop","Present","Blueberry","After","Explicit",NA
"264","6050def7e8e7c6c1efb45fac",100,"Drop","Present","Blueberry","Imply","Explicit",NA
"265","6050def7e8e7c6c1efb45fac",0,"Drop","Past","Blueberry","Before","Null",NA
"266","6050def7e8e7c6c1efb45fac",100,"Drop","Past","Blueberry","After","Null",NA
"267","6050def7e8e7c6c1efb45fac",100,"Drop","Past","Blueberry","Imply","Null",NA
"268","6050def7e8e7c6c1efb45fac",0,"Drop","Past","Blueberry","Before","Explicit",NA
"269","6050def7e8e7c6c1efb45fac",100,"Drop","Past","Blueberry","After","Explicit",NA
"270","6050def7e8e7c6c1efb45fac",100,"Drop","Past","Blueberry","Imply","Explicit",NA
"271","614f8321333460db43b7f229",8,"Drop","Present","muffin","Before","Null",NA
"272","614f8321333460db43b7f229",92,"Drop","Present","muffin","After","Null",NA
"273","614f8321333460db43b7f229",81,"Drop","Present","muffin","Imply","Null",NA
"274","614f8321333460db43b7f229",18,"Drop","Present","muffin","Before","Explicit",NA
"275","614f8321333460db43b7f229",92,"Drop","Present","muffin","After","Explicit",NA
"276","614f8321333460db43b7f229",91,"Drop","Present","muffin","Imply","Explicit",NA
"277","614f8321333460db43b7f229",10,"Drop","Past","tomato","Before","Null",NA
"278","614f8321333460db43b7f229",81,"Drop","Past","tomato","After","Null",NA
"279","614f8321333460db43b7f229",82,"Drop","Past","tomato","Imply","Null",NA
"280","614f8321333460db43b7f229",19,"Drop","Past","muffin","Before","Explicit",NA
"281","614f8321333460db43b7f229",80,"Drop","Past","muffin","After","Explicit",NA
"282","614f8321333460db43b7f229",83,"Drop","Past","muffin","Imply","Explicit",NA
"283","582a0f48429e67000168cef9",0,"Drop","Present","muffin","Before","Null",NA
"284","582a0f48429e67000168cef9",50,"Drop","Present","muffin","After","Null",NA
"285","582a0f48429e67000168cef9",1,"Drop","Present","muffin","Imply","Null",NA
"286","582a0f48429e67000168cef9",100,"Drop","Present","tomato","Before","Explicit",NA
"287","582a0f48429e67000168cef9",0,"Drop","Present","tomato","Imply","Explicit",NA
"288","582a0f48429e67000168cef9",0,"Drop","Past","muffin","Before","Null",NA
"289","582a0f48429e67000168cef9",100,"Drop","Past","muffin","After","Null",NA
"290","582a0f48429e67000168cef9",10,"Drop","Past","muffin","Imply","Null",NA
"291","582a0f48429e67000168cef9",0,"Drop","Past","tomato","Before","Explicit",NA
"292","582a0f48429e67000168cef9",100,"Drop","Past","tomato","After","Explicit",NA
"293","582a0f48429e67000168cef9",0,"Drop","Past","tomato","Imply","Explicit",NA
"294","5eaf3e142627076426921b1b",35,"Drop","Present","tomato","Before","Null",NA
"295","5eaf3e142627076426921b1b",80,"Drop","Present","tomato","After","Null",NA
"296","5eaf3e142627076426921b1b",91,"Drop","Present","tomato","Imply","Null",NA
"297","5eaf3e142627076426921b1b",88,"Drop","Present","tomato","Before","Explicit",NA
"298","5eaf3e142627076426921b1b",96,"Drop","Present","tomato","Imply","Explicit",NA
"299","5eaf3e142627076426921b1b",26,"Drop","Past","muffin","Before","Null",NA
"300","5eaf3e142627076426921b1b",63,"Drop","Past","muffin","After","Null",NA
"301","5eaf3e142627076426921b1b",89,"Drop","Past","muffin","Imply","Null",NA
"302","5eaf3e142627076426921b1b",45,"Drop","Past","Blueberry","Before","Explicit",NA
"303","5eaf3e142627076426921b1b",95,"Drop","Past","Blueberry","After","Explicit",NA
"304","5eaf3e142627076426921b1b",98,"Drop","Past","Blueberry","Imply","Explicit",NA
"305","5c549c6372fd9000018b5968",0,"Drop","Present","Blueberry","Before","Null",NA
"306","5c549c6372fd9000018b5968",100,"Drop","Present","Blueberry","After","Null",NA
"307","5c549c6372fd9000018b5968",100,"Drop","Present","Blueberry","Imply","Null",NA
"308","5c549c6372fd9000018b5968",0,"Drop","Present","Blueberry","Before","Explicit",NA
"309","5c549c6372fd9000018b5968",100,"Drop","Present","Blueberry","After","Explicit",NA
"310","5c549c6372fd9000018b5968",100,"Drop","Present","Blueberry","Imply","Explicit",NA
"311","5c549c6372fd9000018b5968",0,"Drop","Past","Blueberry","Before","Null",NA
"312","5c549c6372fd9000018b5968",100,"Drop","Past","Blueberry","After","Null",NA
"313","5c549c6372fd9000018b5968",100,"Drop","Past","Blueberry","Imply","Null",NA
"314","5c549c6372fd9000018b5968",0,"Drop","Past","Blueberry","Before","Explicit",NA
"315","5c549c6372fd9000018b5968",100,"Drop","Past","Blueberry","After","Explicit",NA
"316","5c549c6372fd9000018b5968",100,"Drop","Past","Blueberry","Imply","Explicit",NA
"317","5ef48ebd234db60612e99516",0,"Drop","Present","muffin","Before","Null",NA
"318","5ef48ebd234db60612e99516",100,"Drop","Present","muffin","After","Null",NA
"319","5ef48ebd234db60612e99516",50,"Drop","Present","muffin","Imply","Null",NA
"320","5ef48ebd234db60612e99516",0,"Drop","Present","muffin","Before","Explicit",NA
"321","5ef48ebd234db60612e99516",80,"Drop","Present","muffin","After","Explicit",NA
"322","5ef48ebd234db60612e99516",50,"Drop","Present","muffin","Imply","Explicit",NA
"323","5ef48ebd234db60612e99516",0,"Drop","Past","tomato","Before","Null",NA
"324","5ef48ebd234db60612e99516",100,"Drop","Past","tomato","After","Null",NA
"325","5ef48ebd234db60612e99516",50,"Drop","Past","tomato","Imply","Null",NA
"326","5ef48ebd234db60612e99516",0,"Drop","Past","muffin","Before","Explicit",NA
"327","5ef48ebd234db60612e99516",100,"Drop","Past","muffin","After","Explicit",NA
"328","5ef48ebd234db60612e99516",50,"Drop","Past","muffin","Imply","Explicit",NA
"329","60512fdbba1a7d95abaab18c",100,"Drop","Present","Blueberry","Before","Null",NA
"330","60512fdbba1a7d95abaab18c",100,"Drop","Present","Blueberry","After","Null",NA
"331","60512fdbba1a7d95abaab18c",100,"Drop","Present","Blueberry","Imply","Null",NA
"332","60512fdbba1a7d95abaab18c",80,"Drop","Present","muffin","Before","Explicit",NA
"333","60512fdbba1a7d95abaab18c",80,"Drop","Present","muffin","After","Explicit",NA
"334","60512fdbba1a7d95abaab18c",86,"Drop","Present","muffin","Imply","Explicit",NA
"335","60512fdbba1a7d95abaab18c",82,"Drop","Past","tomato","Before","Null",NA
"336","60512fdbba1a7d95abaab18c",80,"Drop","Past","tomato","After","Null",NA
"337","60512fdbba1a7d95abaab18c",82,"Drop","Past","tomato","Imply","Null",NA
"338","60512fdbba1a7d95abaab18c",79,"Drop","Past","tomato","Before","Explicit",NA
"339","60512fdbba1a7d95abaab18c",81,"Drop","Past","tomato","After","Explicit",NA
"340","60512fdbba1a7d95abaab18c",72,"Drop","Past","tomato","Imply","Explicit",NA
"341","5cf8012a542f5400196a1493",0,"Drop","Present","tomato","Before","Null",NA
"342","5cf8012a542f5400196a1493",100,"Drop","Present","tomato","After","Null",NA
"343","5cf8012a542f5400196a1493",100,"Drop","Present","tomato","Imply","Null",NA
"344","5cf8012a542f5400196a1493",0,"Drop","Present","muffin","Before","Explicit",NA
"345","5cf8012a542f5400196a1493",76,"Drop","Present","muffin","After","Explicit",NA
"346","5cf8012a542f5400196a1493",50,"Drop","Present","muffin","Imply","Explicit",NA
"347","5cf8012a542f5400196a1493",0,"Drop","Past","muffin","Before","Null",NA
"348","5cf8012a542f5400196a1493",100,"Drop","Past","muffin","After","Null",NA
"349","5cf8012a542f5400196a1493",100,"Drop","Past","muffin","Imply","Null",NA
"350","5cf8012a542f5400196a1493",0,"Drop","Past","muffin","Before","Explicit",NA
"351","5cf8012a542f5400196a1493",100,"Drop","Past","muffin","After","Explicit",NA
"352","5cf8012a542f5400196a1493",100,"Drop","Past","muffin","Imply","Explicit",NA
"353","5ec2c68c3542420e2de60387",0,"Drop","Present","Blueberry","Before","Null",NA
"354","5ec2c68c3542420e2de60387",100,"Drop","Present","Blueberry","After","Null",NA
"355","5ec2c68c3542420e2de60387",0,"Drop","Present","Blueberry","Imply","Null",NA
"356","5ec2c68c3542420e2de60387",0,"Drop","Present","muffin","Before","Explicit",NA
"357","5ec2c68c3542420e2de60387",100,"Drop","Present","muffin","After","Explicit",NA
"358","5ec2c68c3542420e2de60387",0,"Drop","Present","muffin","Imply","Explicit",NA
"359","5ec2c68c3542420e2de60387",0,"Drop","Past","muffin","Before","Null",NA
"360","5ec2c68c3542420e2de60387",100,"Drop","Past","muffin","After","Null",NA
"361","5ec2c68c3542420e2de60387",0,"Drop","Past","muffin","Imply","Null",NA
"362","5ec2c68c3542420e2de60387",0,"Drop","Past","Blueberry","Before","Explicit",NA
"363","5ec2c68c3542420e2de60387",100,"Drop","Past","Blueberry","After","Explicit",NA
"364","5ec2c68c3542420e2de60387",0,"Drop","Past","Blueberry","Imply","Explicit",NA
"365","6069f5c6549775665716f04c",0,"Drop","Present","tomato","Before","Null",NA
"366","6069f5c6549775665716f04c",100,"Drop","Present","tomato","After","Null",NA
"367","6069f5c6549775665716f04c",100,"Drop","Present","tomato","Imply","Null",NA
"368","6069f5c6549775665716f04c",0,"Drop","Present","muffin","Before","Explicit",NA
"369","6069f5c6549775665716f04c",100,"Drop","Present","muffin","After","Explicit",NA
"370","6069f5c6549775665716f04c",100,"Drop","Present","muffin","Imply","Explicit",NA
"371","6069f5c6549775665716f04c",0,"Drop","Past","tomato","Before","Null",NA
"372","6069f5c6549775665716f04c",100,"Drop","Past","tomato","After","Null",NA
"373","6069f5c6549775665716f04c",100,"Drop","Past","tomato","Imply","Null",NA
"374","6069f5c6549775665716f04c",0,"Drop","Past","Blueberry","Before","Explicit",NA
"375","6069f5c6549775665716f04c",100,"Drop","Past","Blueberry","After","Explicit",NA
"376","6069f5c6549775665716f04c",100,"Drop","Past","Blueberry","Imply","Explicit",NA
"377","5ffcc820426b8c19e80f397a",0,"Drop","Present","Blueberry","Before","Null",NA
"378","5ffcc820426b8c19e80f397a",100,"Drop","Present","Blueberry","After","Null",NA
"379","5ffcc820426b8c19e80f397a",100,"Drop","Present","Blueberry","Imply","Null",NA
"380","5ffcc820426b8c19e80f397a",0,"Drop","Present","Blueberry","Before","Explicit",NA
"381","5ffcc820426b8c19e80f397a",100,"Drop","Present","Blueberry","After","Explicit",NA
"382","5ffcc820426b8c19e80f397a",100,"Drop","Present","Blueberry","Imply","Explicit",NA
"383","5ffcc820426b8c19e80f397a",0,"Drop","Past","Blueberry","Before","Null",NA
"384","5ffcc820426b8c19e80f397a",100,"Drop","Past","Blueberry","After","Null",NA
"385","5ffcc820426b8c19e80f397a",100,"Drop","Past","Blueberry","Imply","Null",NA
"386","5ffcc820426b8c19e80f397a",0,"Drop","Past","tomato","Before","Explicit",NA
"387","5ffcc820426b8c19e80f397a",100,"Drop","Past","tomato","After","Explicit",NA
"388","5ffcc820426b8c19e80f397a",100,"Drop","Past","tomato","Imply","Explicit",NA
"389","5ea5a9df788bae58eb1bb32f",0,"Drop","Present","muffin","Before","Null",NA
"390","5ea5a9df788bae58eb1bb32f",100,"Drop","Present","muffin","After","Null",NA
"391","5ea5a9df788bae58eb1bb32f",100,"Drop","Present","muffin","Imply","Null",NA
"392","5ea5a9df788bae58eb1bb32f",0,"Drop","Present","Blueberry","Before","Explicit",NA
"393","5ea5a9df788bae58eb1bb32f",100,"Drop","Present","Blueberry","After","Explicit",NA
"394","5ea5a9df788bae58eb1bb32f",100,"Drop","Present","Blueberry","Imply","Explicit",NA
"395","5ea5a9df788bae58eb1bb32f",0,"Drop","Past","muffin","Before","Null",NA
"396","5ea5a9df788bae58eb1bb32f",100,"Drop","Past","muffin","After","Null",NA
"397","5ea5a9df788bae58eb1bb32f",95,"Drop","Past","muffin","Imply","Null",NA
"398","5ea5a9df788bae58eb1bb32f",0,"Drop","Past","Blueberry","Before","Explicit",NA
"399","5ea5a9df788bae58eb1bb32f",100,"Drop","Past","Blueberry","After","Explicit",NA
"400","5ea5a9df788bae58eb1bb32f",100,"Drop","Past","Blueberry","Imply","Explicit",NA
"401","5f285902166da3151b01faf2",0,"Drop","Present","tomato","Before","Null",NA
"402","5f285902166da3151b01faf2",100,"Drop","Present","tomato","After","Null",NA
"403","5f285902166da3151b01faf2",100,"Drop","Present","tomato","Imply","Null",NA
"404","5f285902166da3151b01faf2",0,"Drop","Present","Blueberry","Before","Explicit",NA
"405","5f285902166da3151b01faf2",100,"Drop","Present","Blueberry","After","Explicit",NA
"406","5f285902166da3151b01faf2",100,"Drop","Present","Blueberry","Imply","Explicit",NA
"407","5f285902166da3151b01faf2",0,"Drop","Past","Blueberry","Before","Null",NA
"408","5f285902166da3151b01faf2",100,"Drop","Past","Blueberry","After","Null",NA
"409","5f285902166da3151b01faf2",100,"Drop","Past","Blueberry","Imply","Null",NA
"410","5f285902166da3151b01faf2",0,"Drop","Past","muffin","Before","Explicit",NA
"411","5f285902166da3151b01faf2",100,"Drop","Past","muffin","After","Explicit",NA
"412","5f285902166da3151b01faf2",100,"Drop","Past","muffin","Imply","Explicit",NA
"413","61742bd3cd78a9f853168cef",0,"Drop","Present","Blueberry","Before","Null",NA
"414","61742bd3cd78a9f853168cef",61,"Drop","Present","Blueberry","After","Null",NA
"415","61742bd3cd78a9f853168cef",71,"Drop","Present","Blueberry","Imply","Null",NA
"416","61742bd3cd78a9f853168cef",71,"Drop","Present","tomato","Before","Explicit",NA
"417","61742bd3cd78a9f853168cef",85,"Drop","Present","tomato","Imply","Explicit",NA
"418","61742bd3cd78a9f853168cef",0,"Drop","Past","tomato","Before","Null",NA
"419","61742bd3cd78a9f853168cef",65,"Drop","Past","tomato","After","Null",NA
"420","61742bd3cd78a9f853168cef",84,"Drop","Past","tomato","Imply","Null",NA
"421","61742bd3cd78a9f853168cef",0,"Drop","Past","tomato","Before","Explicit",NA
"422","61742bd3cd78a9f853168cef",81,"Drop","Past","tomato","After","Explicit",NA
"423","61742bd3cd78a9f853168cef",82,"Drop","Past","tomato","Imply","Explicit",NA
"424","5d6a40c065a26e001731509a",0,"Drop","Present","muffin","Before","Null",NA
"425","5d6a40c065a26e001731509a",100,"Drop","Present","muffin","After","Null",NA
"426","5d6a40c065a26e001731509a",90,"Drop","Present","muffin","Imply","Null",NA
"427","5d6a40c065a26e001731509a",0,"Drop","Present","muffin","Before","Explicit",NA
"428","5d6a40c065a26e001731509a",100,"Drop","Present","muffin","After","Explicit",NA
"429","5d6a40c065a26e001731509a",90,"Drop","Present","muffin","Imply","Explicit",NA
"430","5d6a40c065a26e001731509a",0,"Drop","Past","tomato","Before","Null",NA
"431","5d6a40c065a26e001731509a",100,"Drop","Past","tomato","After","Null",NA
"432","5d6a40c065a26e001731509a",100,"Drop","Past","tomato","Imply","Null",NA
"433","5d6a40c065a26e001731509a",0,"Drop","Past","muffin","Before","Explicit",NA
"434","5d6a40c065a26e001731509a",100,"Drop","Past","muffin","After","Explicit",NA
"435","5d6a40c065a26e001731509a",90,"Drop","Past","muffin","Imply","Explicit",NA
"436","5eefd6f33fe1d00dd32739d9",0,"Drop","Present","tomato","Before","Null",NA
"437","5eefd6f33fe1d00dd32739d9",100,"Drop","Present","tomato","After","Null",NA
"438","5eefd6f33fe1d00dd32739d9",100,"Drop","Present","tomato","Imply","Null",NA
"439","5eefd6f33fe1d00dd32739d9",100,"Drop","Present","tomato","Before","Explicit",NA
"440","5eefd6f33fe1d00dd32739d9",100,"Drop","Present","tomato","Imply","Explicit",NA
"441","5eefd6f33fe1d00dd32739d9",0,"Drop","Past","muffin","Before","Null",NA
"442","5eefd6f33fe1d00dd32739d9",100,"Drop","Past","muffin","After","Null",NA
"443","5eefd6f33fe1d00dd32739d9",100,"Drop","Past","muffin","Imply","Null",NA
"444","5eefd6f33fe1d00dd32739d9",0,"Drop","Past","tomato","Before","Explicit",NA
"445","5eefd6f33fe1d00dd32739d9",100,"Drop","Past","tomato","After","Explicit",NA
"446","5eefd6f33fe1d00dd32739d9",100,"Drop","Past","tomato","Imply","Explicit",NA
"447","605641bb59792eaba4b3abe5",0,"Drop","Present","tomato","Before","Null",NA
"448","605641bb59792eaba4b3abe5",60,"Drop","Present","tomato","After","Null",NA
"449","605641bb59792eaba4b3abe5",77,"Drop","Present","tomato","Imply","Null",NA
"450","605641bb59792eaba4b3abe5",0,"Drop","Present","muffin","Before","Explicit",NA
"451","605641bb59792eaba4b3abe5",90,"Drop","Present","muffin","After","Explicit",NA
"452","605641bb59792eaba4b3abe5",46,"Drop","Present","muffin","Imply","Explicit",NA
"453","605641bb59792eaba4b3abe5",7,"Drop","Past","Blueberry","Before","Null",NA
"454","605641bb59792eaba4b3abe5",99,"Drop","Past","Blueberry","After","Null",NA
"455","605641bb59792eaba4b3abe5",48,"Drop","Past","Blueberry","Imply","Null",NA
"456","605641bb59792eaba4b3abe5",0,"Drop","Past","Blueberry","Before","Explicit",NA
"457","605641bb59792eaba4b3abe5",100,"Drop","Past","Blueberry","After","Explicit",NA
"458","605641bb59792eaba4b3abe5",62,"Drop","Past","Blueberry","Imply","Explicit",NA
"459","60a2c7d2f13744a90856149c",0,"Drop","Present","Blueberry","Before","Null",NA
"460","60a2c7d2f13744a90856149c",100,"Drop","Present","Blueberry","After","Null",NA
"461","60a2c7d2f13744a90856149c",68,"Drop","Present","Blueberry","Imply","Null",NA
"462","60a2c7d2f13744a90856149c",100,"Drop","Present","tomato","Before","Explicit",NA
"463","60a2c7d2f13744a90856149c",68,"Drop","Present","tomato","Imply","Explicit",NA
"464","60a2c7d2f13744a90856149c",0,"Drop","Past","muffin","Before","Null",NA
"465","60a2c7d2f13744a90856149c",100,"Drop","Past","muffin","After","Null",NA
"466","60a2c7d2f13744a90856149c",66,"Drop","Past","muffin","Imply","Null",NA
"467","60a2c7d2f13744a90856149c",0,"Drop","Past","Blueberry","Before","Explicit",NA
"468","60a2c7d2f13744a90856149c",100,"Drop","Past","Blueberry","After","Explicit",NA
"469","60a2c7d2f13744a90856149c",73,"Drop","Past","Blueberry","Imply","Explicit",NA
"470","613ceea33c37d70e87c5232e",0,"Drop","Present","muffin","Before","Null",NA
"471","613ceea33c37d70e87c5232e",100,"Drop","Present","muffin","After","Null",NA
"472","613ceea33c37d70e87c5232e",72,"Drop","Present","muffin","Imply","Null",NA
"473","613ceea33c37d70e87c5232e",81,"Drop","Present","tomato","Before","Explicit",NA
"474","613ceea33c37d70e87c5232e",69,"Drop","Present","tomato","Imply","Explicit",NA
"475","613ceea33c37d70e87c5232e",0,"Drop","Past","tomato","Before","Null",NA
"476","613ceea33c37d70e87c5232e",100,"Drop","Past","tomato","After","Null",NA
"477","613ceea33c37d70e87c5232e",84,"Drop","Past","tomato","Imply","Null",NA
"478","613ceea33c37d70e87c5232e",21,"Drop","Past","muffin","Before","Explicit",NA
"479","613ceea33c37d70e87c5232e",91,"Drop","Past","muffin","After","Explicit",NA
"480","613ceea33c37d70e87c5232e",70,"Drop","Past","muffin","Imply","Explicit",NA
"481","608358e1207f8ace90267025",0,"Drop","Present","muffin","Before","Null",NA
"482","608358e1207f8ace90267025",100,"Drop","Present","muffin","After","Null",NA
"483","608358e1207f8ace90267025",81,"Drop","Present","muffin","Imply","Null",NA
"484","608358e1207f8ace90267025",0,"Drop","Present","muffin","Before","Explicit",NA
"485","608358e1207f8ace90267025",100,"Drop","Present","muffin","After","Explicit",NA
"486","608358e1207f8ace90267025",92,"Drop","Present","muffin","Imply","Explicit",NA
"487","608358e1207f8ace90267025",0,"Drop","Past","Blueberry","Before","Null",NA
"488","608358e1207f8ace90267025",100,"Drop","Past","Blueberry","After","Null",NA
"489","608358e1207f8ace90267025",84,"Drop","Past","Blueberry","Imply","Null",NA
"490","608358e1207f8ace90267025",0,"Drop","Past","tomato","Before","Explicit",NA
"491","608358e1207f8ace90267025",100,"Drop","Past","tomato","After","Explicit",NA
"492","608358e1207f8ace90267025",81,"Drop","Past","tomato","Imply","Explicit",NA
"493","566dedbd57f93300112d0ee2",0,"Drop","Present","Blueberry","Before","Null",NA
"494","566dedbd57f93300112d0ee2",100,"Drop","Present","Blueberry","After","Null",NA
"495","566dedbd57f93300112d0ee2",100,"Drop","Present","Blueberry","Imply","Null",NA
"496","566dedbd57f93300112d0ee2",0,"Drop","Present","Blueberry","Before","Explicit",NA
"497","566dedbd57f93300112d0ee2",100,"Drop","Present","Blueberry","After","Explicit",NA
"498","566dedbd57f93300112d0ee2",87,"Drop","Present","Blueberry","Imply","Explicit",NA
"499","566dedbd57f93300112d0ee2",0,"Drop","Past","muffin","Before","Null",NA
"500","566dedbd57f93300112d0ee2",100,"Drop","Past","muffin","After","Null",NA
"501","566dedbd57f93300112d0ee2",100,"Drop","Past","muffin","Imply","Null",NA
"502","566dedbd57f93300112d0ee2",0,"Drop","Past","muffin","Before","Explicit",NA
"503","566dedbd57f93300112d0ee2",100,"Drop","Past","muffin","After","Explicit",NA
"504","566dedbd57f93300112d0ee2",82,"Drop","Past","muffin","Imply","Explicit",NA
"505","5df6304773d724428a9cff45",0,"Drop","Present","tomato","Before","Null",NA
"506","5df6304773d724428a9cff45",76,"Drop","Present","tomato","After","Null",NA
"507","5df6304773d724428a9cff45",86,"Drop","Present","tomato","Imply","Null",NA
"508","5df6304773d724428a9cff45",98,"Drop","Present","tomato","Before","Explicit",NA
"509","5df6304773d724428a9cff45",94,"Drop","Present","tomato","Imply","Explicit",NA
"510","5df6304773d724428a9cff45",0,"Drop","Past","tomato","Before","Null",NA
"511","5df6304773d724428a9cff45",78,"Drop","Past","tomato","After","Null",NA
"512","5df6304773d724428a9cff45",73,"Drop","Past","tomato","Imply","Null",NA
"513","5df6304773d724428a9cff45",0,"Drop","Past","Blueberry","Before","Explicit",NA
"514","5df6304773d724428a9cff45",96,"Drop","Past","Blueberry","After","Explicit",NA
"515","5df6304773d724428a9cff45",92,"Drop","Past","Blueberry","Imply","Explicit",NA
"516","5c5dc5125eceaa0001d49e27",0,"Drop","Present","muffin","Before","Null",NA
"517","5c5dc5125eceaa0001d49e27",90,"Drop","Present","muffin","After","Null",NA
"518","5c5dc5125eceaa0001d49e27",85,"Drop","Present","muffin","Imply","Null",NA
"519","5c5dc5125eceaa0001d49e27",0,"Drop","Present","Blueberry","Before","Explicit",NA
"520","5c5dc5125eceaa0001d49e27",100,"Drop","Present","Blueberry","After","Explicit",NA
"521","5c5dc5125eceaa0001d49e27",100,"Drop","Present","Blueberry","Imply","Explicit",NA
"522","5c5dc5125eceaa0001d49e27",0,"Drop","Past","Blueberry","Before","Null",NA
"523","5c5dc5125eceaa0001d49e27",100,"Drop","Past","Blueberry","After","Null",NA
"524","5c5dc5125eceaa0001d49e27",100,"Drop","Past","Blueberry","Imply","Null",NA
"525","5c5dc5125eceaa0001d49e27",0,"Drop","Past","tomato","Before","Explicit",NA
"526","5c5dc5125eceaa0001d49e27",20,"Drop","Past","tomato","After","Explicit",NA
"527","5c5dc5125eceaa0001d49e27",40,"Drop","Past","tomato","Imply","Explicit",NA
"528","61170774ac0279df55dd786e",0,"Drop","Present","tomato","Before","Null",NA
"529","61170774ac0279df55dd786e",90,"Drop","Present","tomato","After","Null",NA
"530","61170774ac0279df55dd786e",95,"Drop","Present","tomato","Imply","Null",NA
"531","61170774ac0279df55dd786e",90,"Drop","Present","tomato","Before","Explicit",NA
"532","61170774ac0279df55dd786e",95,"Drop","Present","tomato","Imply","Explicit",NA
"533","61170774ac0279df55dd786e",0,"Drop","Past","muffin","Before","Null",NA
"534","61170774ac0279df55dd786e",90,"Drop","Past","muffin","After","Null",NA
"535","61170774ac0279df55dd786e",95,"Drop","Past","muffin","Imply","Null",NA
"536","61170774ac0279df55dd786e",0,"Drop","Past","Blueberry","Before","Explicit",NA
"537","61170774ac0279df55dd786e",100,"Drop","Past","Blueberry","After","Explicit",NA
"538","61170774ac0279df55dd786e",90,"Drop","Past","Blueberry","Imply","Explicit",NA
"539","5d65e493c9ec690019760664",0,"Drop","Present","Blueberry","Before","Null",NA
"540","5d65e493c9ec690019760664",100,"Drop","Present","Blueberry","After","Null",NA
"541","5d65e493c9ec690019760664",100,"Drop","Present","Blueberry","Imply","Null",NA
"542","5d65e493c9ec690019760664",0,"Drop","Present","muffin","Before","Explicit",NA
"543","5d65e493c9ec690019760664",100,"Drop","Present","muffin","After","Explicit",NA
"544","5d65e493c9ec690019760664",100,"Drop","Present","muffin","Imply","Explicit",NA
"545","5d65e493c9ec690019760664",0,"Drop","Past","Blueberry","Before","Null",NA
"546","5d65e493c9ec690019760664",100,"Drop","Past","Blueberry","After","Null",NA
"547","5d65e493c9ec690019760664",100,"Drop","Past","Blueberry","Imply","Null",NA
"548","5d65e493c9ec690019760664",0,"Drop","Past","muffin","Before","Explicit",NA
"549","5d65e493c9ec690019760664",100,"Drop","Past","muffin","After","Explicit",NA
"550","5d65e493c9ec690019760664",100,"Drop","Past","muffin","Imply","Explicit",NA
"551","5865dd647fbbcd00013973b8",0,"Drop","Present","muffin","Before","Null",NA
"552","5865dd647fbbcd00013973b8",81,"Drop","Present","muffin","After","Null",NA
"553","5865dd647fbbcd00013973b8",99,"Drop","Present","muffin","Imply","Null",NA
"554","5865dd647fbbcd00013973b8",0,"Drop","Present","Blueberry","Before","Explicit",NA
"555","5865dd647fbbcd00013973b8",100,"Drop","Present","Blueberry","After","Explicit",NA
"556","5865dd647fbbcd00013973b8",100,"Drop","Present","Blueberry","Imply","Explicit",NA
"557","5865dd647fbbcd00013973b8",0,"Drop","Past","tomato","Before","Null",NA
"558","5865dd647fbbcd00013973b8",100,"Drop","Past","tomato","After","Null",NA
"559","5865dd647fbbcd00013973b8",99,"Drop","Past","tomato","Imply","Null",NA
"560","5865dd647fbbcd00013973b8",0,"Drop","Past","tomato","Before","Explicit",NA
"561","5865dd647fbbcd00013973b8",100,"Drop","Past","tomato","After","Explicit",NA
"562","5865dd647fbbcd00013973b8",98,"Drop","Past","tomato","Imply","Explicit",NA
"563","5e3b5fa9255e7a37bc841135",7,"Drop","Present","tomato","Before","Null",NA
"564","5e3b5fa9255e7a37bc841135",92,"Drop","Present","tomato","After","Null",NA
"565","5e3b5fa9255e7a37bc841135",94,"Drop","Present","tomato","Imply","Null",NA
"566","5e3b5fa9255e7a37bc841135",0,"Drop","Present","Blueberry","Before","Explicit",NA
"567","5e3b5fa9255e7a37bc841135",100,"Drop","Present","Blueberry","After","Explicit",NA
"568","5e3b5fa9255e7a37bc841135",90,"Drop","Present","Blueberry","Imply","Explicit",NA
"569","5e3b5fa9255e7a37bc841135",10,"Drop","Past","tomato","Before","Null",NA
"570","5e3b5fa9255e7a37bc841135",96,"Drop","Past","tomato","After","Null",NA
"571","5e3b5fa9255e7a37bc841135",91,"Drop","Past","tomato","Imply","Null",NA
"572","5e3b5fa9255e7a37bc841135",7,"Drop","Past","tomato","Before","Explicit",NA
"573","5e3b5fa9255e7a37bc841135",96,"Drop","Past","tomato","After","Explicit",NA
"574","5e3b5fa9255e7a37bc841135",91,"Drop","Past","tomato","Imply","Explicit",NA
"575","60625ed75d51101099ea62df",0,"Drop","Present","Blueberry","Before","Null",NA
"576","60625ed75d51101099ea62df",100,"Drop","Present","Blueberry","After","Null",NA
"577","60625ed75d51101099ea62df",80,"Drop","Present","Blueberry","Imply","Null",NA
"578","60625ed75d51101099ea62df",0,"Drop","Present","muffin","Before","Explicit",NA
"579","60625ed75d51101099ea62df",75,"Drop","Present","muffin","After","Explicit",NA
"580","60625ed75d51101099ea62df",70,"Drop","Present","muffin","Imply","Explicit",NA
"581","60625ed75d51101099ea62df",0,"Drop","Past","Blueberry","Before","Null",NA
"582","60625ed75d51101099ea62df",100,"Drop","Past","Blueberry","After","Null",NA
"583","60625ed75d51101099ea62df",80,"Drop","Past","Blueberry","Imply","Null",NA
"584","60625ed75d51101099ea62df",0,"Drop","Past","Blueberry","Before","Explicit",NA
"585","60625ed75d51101099ea62df",100,"Drop","Past","Blueberry","After","Explicit",NA
"586","60625ed75d51101099ea62df",80,"Drop","Past","Blueberry","Imply","Explicit",NA
"587","615484378ed6e9e648ce3ff9",0,"Drop","Present","muffin","Before","Null",NA
"588","615484378ed6e9e648ce3ff9",100,"Drop","Present","muffin","After","Null",NA
"589","615484378ed6e9e648ce3ff9",100,"Drop","Present","muffin","Imply","Null",NA
"590","615484378ed6e9e648ce3ff9",0,"Drop","Present","muffin","Before","Explicit",NA
"591","615484378ed6e9e648ce3ff9",100,"Drop","Present","muffin","After","Explicit",NA
"592","615484378ed6e9e648ce3ff9",100,"Drop","Present","muffin","Imply","Explicit",NA
"593","615484378ed6e9e648ce3ff9",0,"Drop","Past","muffin","Before","Null",NA
"594","615484378ed6e9e648ce3ff9",100,"Drop","Past","muffin","After","Null",NA
"595","615484378ed6e9e648ce3ff9",100,"Drop","Past","muffin","Imply","Null",NA
"596","615484378ed6e9e648ce3ff9",0,"Drop","Past","muffin","Before","Explicit",NA
"597","615484378ed6e9e648ce3ff9",100,"Drop","Past","muffin","After","Explicit",NA
"598","615484378ed6e9e648ce3ff9",100,"Drop","Past","muffin","Imply","Explicit",NA
"599","6148bfc30aaff83ef4e878b1",0,"Drop","Present","Blueberry","Before","Null",NA
"600","6148bfc30aaff83ef4e878b1",100,"Drop","Present","Blueberry","After","Null",NA
"601","6148bfc30aaff83ef4e878b1",90,"Drop","Present","Blueberry","Imply","Null",NA
"602","6148bfc30aaff83ef4e878b1",95,"Drop","Present","tomato","Before","Explicit",NA
"603","6148bfc30aaff83ef4e878b1",80,"Drop","Present","tomato","Imply","Explicit",NA
"604","6148bfc30aaff83ef4e878b1",0,"Drop","Past","muffin","Before","Null",NA
"605","6148bfc30aaff83ef4e878b1",80,"Drop","Past","muffin","After","Null",NA
"606","6148bfc30aaff83ef4e878b1",65,"Drop","Past","muffin","Imply","Null",NA
"607","6148bfc30aaff83ef4e878b1",0,"Drop","Past","muffin","Before","Explicit",NA
"608","6148bfc30aaff83ef4e878b1",60,"Drop","Past","muffin","After","Explicit",NA
"609","6148bfc30aaff83ef4e878b1",60,"Drop","Past","muffin","Imply","Explicit",NA
"610","5e9317f16914d115371902bd",0,"Drop","Present","tomato","Before","Null",NA
"611","5e9317f16914d115371902bd",100,"Drop","Present","tomato","After","Null",NA
"612","5e9317f16914d115371902bd",100,"Drop","Present","tomato","Imply","Null",NA
"613","5e9317f16914d115371902bd",100,"Drop","Present","tomato","Before","Explicit",NA
"614","5e9317f16914d115371902bd",100,"Drop","Present","tomato","Imply","Explicit",NA
"615","5e9317f16914d115371902bd",0,"Drop","Past","Blueberry","Before","Null",NA
"616","5e9317f16914d115371902bd",100,"Drop","Past","Blueberry","After","Null",NA
"617","5e9317f16914d115371902bd",100,"Drop","Past","Blueberry","Imply","Null",NA
"618","5e9317f16914d115371902bd",0,"Drop","Past","tomato","Before","Explicit",NA
"619","5e9317f16914d115371902bd",100,"Drop","Past","tomato","After","Explicit",NA
"620","5e9317f16914d115371902bd",100,"Drop","Past","tomato","Imply","Explicit",NA
"621","5ff81ab8d6f3fa546efbad4e",0,"Drop","Present","muffin","Before","Null",NA
"622","5ff81ab8d6f3fa546efbad4e",99,"Drop","Present","muffin","After","Null",NA
"623","5ff81ab8d6f3fa546efbad4e",99,"Drop","Present","muffin","Imply","Null",NA
"624","5ff81ab8d6f3fa546efbad4e",100,"Drop","Present","tomato","Before","Explicit",NA
"625","5ff81ab8d6f3fa546efbad4e",99,"Drop","Present","tomato","Imply","Explicit",NA
"626","5ff81ab8d6f3fa546efbad4e",0,"Drop","Past","tomato","Before","Null",NA
"627","5ff81ab8d6f3fa546efbad4e",99,"Drop","Past","tomato","After","Null",NA
"628","5ff81ab8d6f3fa546efbad4e",99,"Drop","Past","tomato","Imply","Null",NA
"629","5ff81ab8d6f3fa546efbad4e",0,"Drop","Past","Blueberry","Before","Explicit",NA
"630","5ff81ab8d6f3fa546efbad4e",100,"Drop","Past","Blueberry","After","Explicit",NA
"631","5ff81ab8d6f3fa546efbad4e",99,"Drop","Past","Blueberry","Imply","Explicit",NA
"632","5cb71fcd98a1f100011c56fb",7,"Drop","Present","tomato","Before","Null",NA
"633","5cb71fcd98a1f100011c56fb",71,"Drop","Present","tomato","After","Null",NA
"634","5cb71fcd98a1f100011c56fb",50,"Drop","Present","tomato","Imply","Null",NA
"635","5cb71fcd98a1f100011c56fb",0,"Drop","Present","Blueberry","Before","Explicit",NA
"636","5cb71fcd98a1f100011c56fb",93,"Drop","Present","Blueberry","After","Explicit",NA
"637","5cb71fcd98a1f100011c56fb",92,"Drop","Present","Blueberry","Imply","Explicit",NA
"638","5cb71fcd98a1f100011c56fb",9,"Drop","Past","muffin","Before","Null",NA
"639","5cb71fcd98a1f100011c56fb",71,"Drop","Past","muffin","After","Null",NA
"640","5cb71fcd98a1f100011c56fb",40,"Drop","Past","muffin","Imply","Null",NA
"641","5cb71fcd98a1f100011c56fb",0,"Drop","Past","Blueberry","Before","Explicit",NA
"642","5cb71fcd98a1f100011c56fb",92,"Drop","Past","Blueberry","After","Explicit",NA
"643","5cb71fcd98a1f100011c56fb",82,"Drop","Past","Blueberry","Imply","Explicit",NA
"644","60338f35010951035cca4a91",0,"Drop","Present","Blueberry","Before","Null",NA
"645","60338f35010951035cca4a91",100,"Drop","Present","Blueberry","After","Null",NA
"646","60338f35010951035cca4a91",100,"Drop","Present","Blueberry","Imply","Null",NA
"647","60338f35010951035cca4a91",100,"Drop","Present","tomato","Before","Explicit",NA
"648","60338f35010951035cca4a91",100,"Drop","Present","tomato","Imply","Explicit",NA
"649","60338f35010951035cca4a91",0,"Drop","Past","tomato","Before","Null",NA
"650","60338f35010951035cca4a91",100,"Drop","Past","tomato","After","Null",NA
"651","60338f35010951035cca4a91",100,"Drop","Past","tomato","Imply","Null",NA
"652","60338f35010951035cca4a91",0,"Drop","Past","muffin","Before","Explicit",NA
"653","60338f35010951035cca4a91",100,"Drop","Past","muffin","After","Explicit",NA
"654","60338f35010951035cca4a91",100,"Drop","Past","muffin","Imply","Explicit",NA
"655","6159e5f964d5b78cedb9c192",24,"Drop","Present","tomato","Before","Null",NA
"656","6159e5f964d5b78cedb9c192",70,"Drop","Present","tomato","After","Null",NA
"657","6159e5f964d5b78cedb9c192",66,"Drop","Present","tomato","Imply","Null",NA
"658","6159e5f964d5b78cedb9c192",58,"Drop","Present","Blueberry","Before","Explicit",NA
"659","6159e5f964d5b78cedb9c192",62,"Drop","Present","Blueberry","After","Explicit",NA
"660","6159e5f964d5b78cedb9c192",72,"Drop","Present","Blueberry","Imply","Explicit",NA
"661","6159e5f964d5b78cedb9c192",21,"Drop","Past","Blueberry","Before","Null",NA
"662","6159e5f964d5b78cedb9c192",76,"Drop","Past","Blueberry","After","Null",NA
"663","6159e5f964d5b78cedb9c192",24,"Drop","Past","Blueberry","Imply","Null",NA
"664","6159e5f964d5b78cedb9c192",68,"Drop","Past","tomato","Before","Explicit",NA
"665","6159e5f964d5b78cedb9c192",71,"Drop","Past","tomato","After","Explicit",NA
"666","6159e5f964d5b78cedb9c192",36,"Drop","Past","tomato","Imply","Explicit",NA
"667","5e89e89bf025be000c01eead",13,"Drop","Present","Blueberry","Before","Null",NA
"668","5e89e89bf025be000c01eead",98,"Drop","Present","Blueberry","After","Null",NA
"669","5e89e89bf025be000c01eead",88,"Drop","Present","Blueberry","Imply","Null",NA
"670","5e89e89bf025be000c01eead",6,"Drop","Present","muffin","Before","Explicit",NA
"671","5e89e89bf025be000c01eead",94,"Drop","Present","muffin","After","Explicit",NA
"672","5e89e89bf025be000c01eead",72,"Drop","Present","muffin","Imply","Explicit",NA
"673","5e89e89bf025be000c01eead",9,"Drop","Past","tomato","Before","Null",NA
"674","5e89e89bf025be000c01eead",99,"Drop","Past","tomato","After","Null",NA
"675","5e89e89bf025be000c01eead",78,"Drop","Past","tomato","Imply","Null",NA
"676","5e89e89bf025be000c01eead",0,"Drop","Past","muffin","Before","Explicit",NA
"677","5e89e89bf025be000c01eead",78,"Drop","Past","muffin","After","Explicit",NA
"678","5e89e89bf025be000c01eead",85,"Drop","Past","muffin","Imply","Explicit",NA
"679","5a8adbd3f1408d000176a8d5",0,"Drop","Present","muffin","Before","Null",NA
"680","5a8adbd3f1408d000176a8d5",100,"Drop","Present","muffin","After","Null",NA
"681","5a8adbd3f1408d000176a8d5",100,"Drop","Present","muffin","Imply","Null",NA
"682","5a8adbd3f1408d000176a8d5",0,"Drop","Present","muffin","Before","Explicit",NA
"683","5a8adbd3f1408d000176a8d5",100,"Drop","Present","muffin","After","Explicit",NA
"684","5a8adbd3f1408d000176a8d5",100,"Drop","Present","muffin","Imply","Explicit",NA
"685","5a8adbd3f1408d000176a8d5",0,"Drop","Past","muffin","Before","Null",NA
"686","5a8adbd3f1408d000176a8d5",100,"Drop","Past","muffin","After","Null",NA
"687","5a8adbd3f1408d000176a8d5",100,"Drop","Past","muffin","Imply","Null",NA
"688","5a8adbd3f1408d000176a8d5",0,"Drop","Past","tomato","Before","Explicit",NA
"689","5a8adbd3f1408d000176a8d5",90,"Drop","Past","tomato","After","Explicit",NA
"690","5a8adbd3f1408d000176a8d5",90,"Drop","Past","tomato","Imply","Explicit",NA
"691","5d3b0da8a884020001881773",0,"Drop","Present","Blueberry","Before","Null",NA
"692","5d3b0da8a884020001881773",100,"Drop","Present","Blueberry","After","Null",NA
"693","5d3b0da8a884020001881773",100,"Drop","Present","Blueberry","Imply","Null",NA
"694","5d3b0da8a884020001881773",90,"Drop","Present","tomato","Before","Explicit",NA
"695","5d3b0da8a884020001881773",90,"Drop","Present","tomato","Imply","Explicit",NA
"696","5d3b0da8a884020001881773",0,"Drop","Past","Blueberry","Before","Null",NA
"697","5d3b0da8a884020001881773",100,"Drop","Past","Blueberry","After","Null",NA
"698","5d3b0da8a884020001881773",100,"Drop","Past","Blueberry","Imply","Null",NA
"699","5d3b0da8a884020001881773",0,"Drop","Past","Blueberry","Before","Explicit",NA
"700","5d3b0da8a884020001881773",100,"Drop","Past","Blueberry","After","Explicit",NA
"701","5d3b0da8a884020001881773",100,"Drop","Past","Blueberry","Imply","Explicit",NA
"702","58da74c7f94de20001fbd4af",0,"Drop","Present","muffin","Before","Null",NA
"703","58da74c7f94de20001fbd4af",100,"Drop","Present","muffin","After","Null",NA
"704","58da74c7f94de20001fbd4af",100,"Drop","Present","muffin","Imply","Null",NA
"705","58da74c7f94de20001fbd4af",0,"Drop","Present","muffin","Before","Explicit",NA
"706","58da74c7f94de20001fbd4af",100,"Drop","Present","muffin","After","Explicit",NA
"707","58da74c7f94de20001fbd4af",100,"Drop","Present","muffin","Imply","Explicit",NA
"708","58da74c7f94de20001fbd4af",0,"Drop","Past","muffin","Before","Null",NA
"709","58da74c7f94de20001fbd4af",100,"Drop","Past","muffin","After","Null",NA
"710","58da74c7f94de20001fbd4af",77,"Drop","Past","muffin","Imply","Null",NA
"711","58da74c7f94de20001fbd4af",0,"Drop","Past","Blueberry","Before","Explicit",NA
"712","58da74c7f94de20001fbd4af",100,"Drop","Past","Blueberry","After","Explicit",NA
"713","58da74c7f94de20001fbd4af",99,"Drop","Past","Blueberry","Imply","Explicit",NA
"714","608c11f91f51a4297ce3b213",0,"Drop","Present","tomato","Before","Null",NA
"715","608c11f91f51a4297ce3b213",100,"Drop","Present","tomato","After","Null",NA
"716","608c11f91f51a4297ce3b213",64,"Drop","Present","tomato","Imply","Null",NA
"717","608c11f91f51a4297ce3b213",99,"Drop","Present","tomato","Before","Explicit",NA
"718","608c11f91f51a4297ce3b213",59,"Drop","Present","tomato","Imply","Explicit",NA
"719","608c11f91f51a4297ce3b213",0,"Drop","Past","Blueberry","Before","Null",NA
"720","608c11f91f51a4297ce3b213",100,"Drop","Past","Blueberry","After","Null",NA
"721","608c11f91f51a4297ce3b213",69,"Drop","Past","Blueberry","Imply","Null",NA
"722","608c11f91f51a4297ce3b213",0,"Drop","Past","tomato","Before","Explicit",NA
"723","608c11f91f51a4297ce3b213",100,"Drop","Past","tomato","After","Explicit",NA
"724","608c11f91f51a4297ce3b213",60,"Drop","Past","tomato","Imply","Explicit",NA
"725","600a9ab59e9b701db49fbec1",0,"Drop","Present","muffin","Before","Null",NA
"726","600a9ab59e9b701db49fbec1",100,"Drop","Present","muffin","After","Null",NA
"727","600a9ab59e9b701db49fbec1",100,"Drop","Present","muffin","Imply","Null",NA
"728","600a9ab59e9b701db49fbec1",0,"Drop","Present","muffin","Before","Explicit",NA
"729","600a9ab59e9b701db49fbec1",100,"Drop","Present","muffin","After","Explicit",NA
"730","600a9ab59e9b701db49fbec1",100,"Drop","Present","muffin","Imply","Explicit",NA
"731","600a9ab59e9b701db49fbec1",0,"Drop","Past","tomato","Before","Null",NA
"732","600a9ab59e9b701db49fbec1",100,"Drop","Past","tomato","After","Null",NA
"733","600a9ab59e9b701db49fbec1",100,"Drop","Past","tomato","Imply","Null",NA
"734","600a9ab59e9b701db49fbec1",0,"Drop","Past","muffin","Before","Explicit",NA
"735","600a9ab59e9b701db49fbec1",100,"Drop","Past","muffin","After","Explicit",NA
"736","600a9ab59e9b701db49fbec1",100,"Drop","Past","muffin","Imply","Explicit",NA
"737","5e5ba8c45cd2ad38c93ca999",0,"Drop","Present","tomato","Before","Null",NA
"738","5e5ba8c45cd2ad38c93ca999",100,"Drop","Present","tomato","After","Null",NA
"739","5e5ba8c45cd2ad38c93ca999",100,"Drop","Present","tomato","Imply","Null",NA
"740","5e5ba8c45cd2ad38c93ca999",0,"Drop","Present","Blueberry","Before","Explicit",NA
"741","5e5ba8c45cd2ad38c93ca999",100,"Drop","Present","Blueberry","After","Explicit",NA
"742","5e5ba8c45cd2ad38c93ca999",100,"Drop","Present","Blueberry","Imply","Explicit",NA
"743","5e5ba8c45cd2ad38c93ca999",0,"Drop","Past","tomato","Before","Null",NA
"744","5e5ba8c45cd2ad38c93ca999",100,"Drop","Past","tomato","After","Null",NA
"745","5e5ba8c45cd2ad38c93ca999",100,"Drop","Past","tomato","Imply","Null",NA
"746","5e5ba8c45cd2ad38c93ca999",0,"Drop","Past","Blueberry","Before","Explicit",NA
"747","5e5ba8c45cd2ad38c93ca999",100,"Drop","Past","Blueberry","After","Explicit",NA
"748","5e5ba8c45cd2ad38c93ca999",100,"Drop","Past","Blueberry","Imply","Explicit",NA
"749","5f3714657b2a7d18f42f7316",0,"Drop","Present","Blueberry","Before","Null",NA
"750","5f3714657b2a7d18f42f7316",100,"Drop","Present","Blueberry","After","Null",NA
"751","5f3714657b2a7d18f42f7316",100,"Drop","Present","Blueberry","Imply","Null",NA
"752","5f3714657b2a7d18f42f7316",0,"Drop","Present","muffin","Before","Explicit",NA
"753","5f3714657b2a7d18f42f7316",100,"Drop","Present","muffin","After","Explicit",NA
"754","5f3714657b2a7d18f42f7316",100,"Drop","Present","muffin","Imply","Explicit",NA
"755","5f3714657b2a7d18f42f7316",0,"Drop","Past","Blueberry","Before","Null",NA
"756","5f3714657b2a7d18f42f7316",100,"Drop","Past","Blueberry","After","Null",NA
"757","5f3714657b2a7d18f42f7316",100,"Drop","Past","Blueberry","Imply","Null",NA
"758","5f3714657b2a7d18f42f7316",0,"Drop","Past","muffin","Before","Explicit",NA
"759","5f3714657b2a7d18f42f7316",100,"Drop","Past","muffin","After","Explicit",NA
"760","5f3714657b2a7d18f42f7316",100,"Drop","Past","muffin","Imply","Explicit",NA
"761","609a54b96c38edbbf5e48251",0,"Drop","Present","Blueberry","Before","Null",NA
"762","609a54b96c38edbbf5e48251",100,"Drop","Present","Blueberry","After","Null",NA
"763","609a54b96c38edbbf5e48251",0,"Drop","Present","Blueberry","Imply","Null",NA
"764","609a54b96c38edbbf5e48251",0,"Drop","Present","muffin","Before","Explicit",NA
"765","609a54b96c38edbbf5e48251",100,"Drop","Present","muffin","After","Explicit",NA
"766","609a54b96c38edbbf5e48251",19,"Drop","Present","muffin","Imply","Explicit",NA
"767","609a54b96c38edbbf5e48251",0,"Drop","Past","muffin","Before","Null",NA
"768","609a54b96c38edbbf5e48251",100,"Drop","Past","muffin","After","Null",NA
"769","609a54b96c38edbbf5e48251",0,"Drop","Past","muffin","Imply","Null",NA
"770","609a54b96c38edbbf5e48251",0,"Drop","Past","tomato","Before","Explicit",NA
"771","609a54b96c38edbbf5e48251",90,"Drop","Past","tomato","After","Explicit",NA
"772","609a54b96c38edbbf5e48251",13,"Drop","Past","tomato","Imply","Explicit",NA
"773","5fdc9a58c0e40a22b2592664",0,"Drop","Present","tomato","Before","Null",NA
"774","5fdc9a58c0e40a22b2592664",100,"Drop","Present","tomato","After","Null",NA
"775","5fdc9a58c0e40a22b2592664",60,"Drop","Present","tomato","Imply","Null",NA
"776","5fdc9a58c0e40a22b2592664",0,"Drop","Present","muffin","Before","Explicit",NA
"777","5fdc9a58c0e40a22b2592664",100,"Drop","Present","muffin","After","Explicit",NA
"778","5fdc9a58c0e40a22b2592664",71,"Drop","Present","muffin","Imply","Explicit",NA
"779","5fdc9a58c0e40a22b2592664",0,"Drop","Past","tomato","Before","Null",NA
"780","5fdc9a58c0e40a22b2592664",100,"Drop","Past","tomato","After","Null",NA
"781","5fdc9a58c0e40a22b2592664",84,"Drop","Past","tomato","Imply","Null",NA
"782","5fdc9a58c0e40a22b2592664",0,"Drop","Past","Blueberry","Before","Explicit",NA
"783","5fdc9a58c0e40a22b2592664",100,"Drop","Past","Blueberry","After","Explicit",NA
"784","5fdc9a58c0e40a22b2592664",76,"Drop","Past","Blueberry","Imply","Explicit",NA
"785","616411663192409b311ae909",0,"Drop","Present","muffin","Before","Null",NA
"786","616411663192409b311ae909",70,"Drop","Present","muffin","After","Null",NA
"787","616411663192409b311ae909",70,"Drop","Present","muffin","Imply","Null",NA
"788","616411663192409b311ae909",100,"Drop","Present","tomato","Before","Explicit",NA
"789","616411663192409b311ae909",100,"Drop","Present","tomato","Imply","Explicit",NA
"790","616411663192409b311ae909",0,"Drop","Past","muffin","Before","Null",NA
"791","616411663192409b311ae909",70,"Drop","Past","muffin","After","Null",NA
"792","616411663192409b311ae909",70,"Drop","Past","muffin","Imply","Null",NA
"793","616411663192409b311ae909",0,"Drop","Past","tomato","Before","Explicit",NA
"794","616411663192409b311ae909",100,"Drop","Past","tomato","After","Explicit",NA
"795","616411663192409b311ae909",100,"Drop","Past","tomato","Imply","Explicit",NA
"796","5db9877aee6f57000b1487c5",10,"Drop","Present","tomato","Before","Null",NA
"797","5db9877aee6f57000b1487c5",100,"Drop","Present","tomato","After","Null",NA
"798","5db9877aee6f57000b1487c5",91,"Drop","Present","tomato","Imply","Null",NA
"799","5db9877aee6f57000b1487c5",100,"Drop","Present","tomato","Before","Explicit",NA
"800","5db9877aee6f57000b1487c5",82,"Drop","Present","tomato","Imply","Explicit",NA
"801","5db9877aee6f57000b1487c5",1,"Drop","Past","Blueberry","Before","Null",NA
"802","5db9877aee6f57000b1487c5",100,"Drop","Past","Blueberry","After","Null",NA
"803","5db9877aee6f57000b1487c5",92,"Drop","Past","Blueberry","Imply","Null",NA
"804","5db9877aee6f57000b1487c5",0,"Drop","Past","muffin","Before","Explicit",NA
"805","5db9877aee6f57000b1487c5",100,"Drop","Past","muffin","After","Explicit",NA
"806","5db9877aee6f57000b1487c5",86,"Drop","Past","muffin","Imply","Explicit",NA
"807","5b28c29b2bc7780001c23000",10,"Drop","Present","Blueberry","Before","Null",NA
"808","5b28c29b2bc7780001c23000",75,"Drop","Present","Blueberry","After","Null",NA
"809","5b28c29b2bc7780001c23000",75,"Drop","Present","Blueberry","Imply","Null",NA
"810","5b28c29b2bc7780001c23000",5,"Drop","Present","muffin","Before","Explicit",NA
"811","5b28c29b2bc7780001c23000",86,"Drop","Present","muffin","After","Explicit",NA
"812","5b28c29b2bc7780001c23000",86,"Drop","Present","muffin","Imply","Explicit",NA
"813","5b28c29b2bc7780001c23000",7,"Drop","Past","Blueberry","Before","Null",NA
"814","5b28c29b2bc7780001c23000",100,"Drop","Past","Blueberry","After","Null",NA
"815","5b28c29b2bc7780001c23000",100,"Drop","Past","Blueberry","Imply","Null",NA
"816","5b28c29b2bc7780001c23000",6,"Drop","Past","Blueberry","Before","Explicit",NA
"817","5b28c29b2bc7780001c23000",70,"Drop","Past","Blueberry","After","Explicit",NA
"818","5b28c29b2bc7780001c23000",70,"Drop","Past","Blueberry","Imply","Explicit",NA
"819","5dfb75507caa1e89ad5df828",3,"Drop","Present","Blueberry","Before","Null",NA
"820","5dfb75507caa1e89ad5df828",100,"Drop","Present","Blueberry","After","Null",NA
"821","5dfb75507caa1e89ad5df828",6,"Drop","Present","Blueberry","Imply","Null",NA
"822","5dfb75507caa1e89ad5df828",1,"Drop","Present","Blueberry","Before","Explicit",NA
"823","5dfb75507caa1e89ad5df828",100,"Drop","Present","Blueberry","After","Explicit",NA
"824","5dfb75507caa1e89ad5df828",2,"Drop","Present","Blueberry","Imply","Explicit",NA
"825","5dfb75507caa1e89ad5df828",2,"Drop","Past","tomato","Before","Null",NA
"826","5dfb75507caa1e89ad5df828",80,"Drop","Past","tomato","After","Null",NA
"827","5dfb75507caa1e89ad5df828",2,"Drop","Past","tomato","Imply","Null",NA
"828","5dfb75507caa1e89ad5df828",0,"Drop","Past","tomato","Before","Explicit",NA
"829","5dfb75507caa1e89ad5df828",90,"Drop","Past","tomato","After","Explicit",NA
"830","5dfb75507caa1e89ad5df828",10,"Drop","Past","tomato","Imply","Explicit",NA
"831","5968b8040e679d0001fabd89",0,"Drop","Present","muffin","Before","Null",NA
"832","5968b8040e679d0001fabd89",100,"Drop","Present","muffin","After","Null",NA
"833","5968b8040e679d0001fabd89",70,"Drop","Present","muffin","Imply","Null",NA
"834","5968b8040e679d0001fabd89",100,"Drop","Present","tomato","Before","Explicit",NA
"835","5968b8040e679d0001fabd89",70,"Drop","Present","tomato","Imply","Explicit",NA
"836","5968b8040e679d0001fabd89",0,"Drop","Past","muffin","Before","Null",NA
"837","5968b8040e679d0001fabd89",100,"Drop","Past","muffin","After","Null",NA
"838","5968b8040e679d0001fabd89",40,"Drop","Past","muffin","Imply","Null",NA
"839","5968b8040e679d0001fabd89",0,"Drop","Past","muffin","Before","Explicit",NA
"840","5968b8040e679d0001fabd89",100,"Drop","Past","muffin","After","Explicit",NA
"841","5968b8040e679d0001fabd89",70,"Drop","Past","muffin","Imply","Explicit",NA
"842","5c7c3909042bf900012ab4d1",0,"Drop","Present","muffin","Before","Null",NA
"843","5c7c3909042bf900012ab4d1",83,"Drop","Present","muffin","After","Null",NA
"844","5c7c3909042bf900012ab4d1",79,"Drop","Present","muffin","Imply","Null",NA
"845","5c7c3909042bf900012ab4d1",93,"Drop","Present","tomato","Before","Explicit",NA
"846","5c7c3909042bf900012ab4d1",82,"Drop","Present","tomato","Imply","Explicit",NA
"847","5c7c3909042bf900012ab4d1",3,"Drop","Past","Blueberry","Before","Null",NA
"848","5c7c3909042bf900012ab4d1",87,"Drop","Past","Blueberry","After","Null",NA
"849","5c7c3909042bf900012ab4d1",75,"Drop","Past","Blueberry","Imply","Null",NA
"850","5c7c3909042bf900012ab4d1",8,"Drop","Past","muffin","Before","Explicit",NA
"851","5c7c3909042bf900012ab4d1",87,"Drop","Past","muffin","After","Explicit",NA
"852","5c7c3909042bf900012ab4d1",78,"Drop","Past","muffin","Imply","Explicit",NA
"853","5ce2a924feca320001f93ee7",0,"Drop","Present","muffin","Before","Null",NA
"854","5ce2a924feca320001f93ee7",100,"Drop","Present","muffin","After","Null",NA
"855","5ce2a924feca320001f93ee7",100,"Drop","Present","muffin","Imply","Null",NA
"856","5ce2a924feca320001f93ee7",0,"Drop","Present","muffin","Before","Explicit",NA
"857","5ce2a924feca320001f93ee7",100,"Drop","Present","muffin","After","Explicit",NA
"858","5ce2a924feca320001f93ee7",100,"Drop","Present","muffin","Imply","Explicit",NA
"859","5ce2a924feca320001f93ee7",0,"Drop","Past","muffin","Before","Null",NA
"860","5ce2a924feca320001f93ee7",100,"Drop","Past","muffin","After","Null",NA
"861","5ce2a924feca320001f93ee7",100,"Drop","Past","muffin","Imply","Null",NA
"862","5ce2a924feca320001f93ee7",0,"Drop","Past","tomato","Before","Explicit",NA
"863","5ce2a924feca320001f93ee7",100,"Drop","Past","tomato","After","Explicit",NA
"864","5ce2a924feca320001f93ee7",100,"Drop","Past","tomato","Imply","Explicit",NA
"865","5f85a51cadc3ff03ac5e395f",0,"Contact","Present","tomato","Before",NA,"NotFocus"
"866","5f85a51cadc3ff03ac5e395f",100,"Contact","Present","tomato","After",NA,"NotFocus"
"867","5f85a51cadc3ff03ac5e395f",80,"Contact","Present","tomato","Imply",NA,"NotFocus"
"868","5f85a51cadc3ff03ac5e395f",0,"Contact","Past","tomato","Before",NA,"NotFocus"
"869","5f85a51cadc3ff03ac5e395f",100,"Contact","Past","tomato","After",NA,"NotFocus"
"870","5f85a51cadc3ff03ac5e395f",80,"Contact","Past","tomato","Imply",NA,"NotFocus"
"871","5f85a51cadc3ff03ac5e395f",0,"Contact","Present","tomato","Before",NA,"Focus"
"872","5f85a51cadc3ff03ac5e395f",100,"Contact","Present","tomato","After",NA,"Focus"
"873","5f85a51cadc3ff03ac5e395f",80,"Contact","Present","tomato","Imply",NA,"Focus"
"874","5f85a51cadc3ff03ac5e395f",0,"Contact","Past","muffin","Before",NA,"Focus"
"875","5f85a51cadc3ff03ac5e395f",100,"Contact","Past","muffin","After",NA,"Focus"
"876","5f85a51cadc3ff03ac5e395f",80,"Contact","Past","muffin","Imply",NA,"Focus"
"877","614235732a911ae28559d9c3",0,"Contact","Present","Blueberry","Before",NA,"NotFocus"
"878","614235732a911ae28559d9c3",100,"Contact","Present","Blueberry","After",NA,"NotFocus"
"879","614235732a911ae28559d9c3",100,"Contact","Present","Blueberry","Imply",NA,"NotFocus"
"880","614235732a911ae28559d9c3",0,"Contact","Past","Blueberry","Before",NA,"NotFocus"
"881","614235732a911ae28559d9c3",79,"Contact","Past","Blueberry","After",NA,"NotFocus"
"882","614235732a911ae28559d9c3",80,"Contact","Past","Blueberry","Imply",NA,"NotFocus"
"883","614235732a911ae28559d9c3",0,"Contact","Present","muffin","Before",NA,"Focus"
"884","614235732a911ae28559d9c3",88,"Contact","Present","muffin","After",NA,"Focus"
"885","614235732a911ae28559d9c3",91,"Contact","Present","muffin","Imply",NA,"Focus"
"886","614235732a911ae28559d9c3",84,"Contact","Past","muffin","Before",NA,"Focus"
"887","614235732a911ae28559d9c3",100,"Contact","Past","muffin","After",NA,"Focus"
"888","614235732a911ae28559d9c3",84,"Contact","Past","muffin","Imply",NA,"Focus"
"889","5fff3183426b8c6c2474c831",0,"Contact","Present","muffin","Before",NA,"NotFocus"
"890","5fff3183426b8c6c2474c831",75,"Contact","Present","muffin","After",NA,"NotFocus"
"891","5fff3183426b8c6c2474c831",75,"Contact","Present","muffin","Imply",NA,"NotFocus"
"892","5fff3183426b8c6c2474c831",0,"Contact","Past","muffin","Before",NA,"NotFocus"
"893","5fff3183426b8c6c2474c831",75,"Contact","Past","muffin","After",NA,"NotFocus"
"894","5fff3183426b8c6c2474c831",75,"Contact","Past","muffin","Imply",NA,"NotFocus"
"895","5fff3183426b8c6c2474c831",0,"Contact","Present","Blueberry","Before",NA,"Focus"
"896","5fff3183426b8c6c2474c831",50,"Contact","Present","Blueberry","After",NA,"Focus"
"897","5fff3183426b8c6c2474c831",50,"Contact","Present","Blueberry","Imply",NA,"Focus"
"898","5fff3183426b8c6c2474c831",0,"Contact","Past","tomato","Before",NA,"Focus"
"899","5fff3183426b8c6c2474c831",50,"Contact","Past","tomato","After",NA,"Focus"
"900","5fff3183426b8c6c2474c831",50,"Contact","Past","tomato","Imply",NA,"Focus"
"901","6145dddfa6fcfd396e1f4f1a",10,"Contact","Present","tomato","Before",NA,"NotFocus"
"902","6145dddfa6fcfd396e1f4f1a",90,"Contact","Present","tomato","After",NA,"NotFocus"
"903","6145dddfa6fcfd396e1f4f1a",60,"Contact","Present","tomato","Imply",NA,"NotFocus"
"904","6145dddfa6fcfd396e1f4f1a",14,"Contact","Past","tomato","Before",NA,"NotFocus"
"905","6145dddfa6fcfd396e1f4f1a",100,"Contact","Past","tomato","After",NA,"NotFocus"
"906","6145dddfa6fcfd396e1f4f1a",83,"Contact","Past","tomato","Imply",NA,"NotFocus"
"907","6145dddfa6fcfd396e1f4f1a",19,"Contact","Present","tomato","Before",NA,"Focus"
"908","6145dddfa6fcfd396e1f4f1a",80,"Contact","Present","tomato","After",NA,"Focus"
"909","6145dddfa6fcfd396e1f4f1a",60,"Contact","Present","tomato","Imply",NA,"Focus"
"910","6145dddfa6fcfd396e1f4f1a",19,"Contact","Past","Blueberry","Before",NA,"Focus"
"911","6145dddfa6fcfd396e1f4f1a",81,"Contact","Past","Blueberry","After",NA,"Focus"
"912","6145dddfa6fcfd396e1f4f1a",76,"Contact","Past","Blueberry","Imply",NA,"Focus"
"913","5f9ee9286057414b687627cd",0,"Contact","Present","tomato","Before",NA,"NotFocus"
"914","5f9ee9286057414b687627cd",100,"Contact","Present","tomato","After",NA,"NotFocus"
"915","5f9ee9286057414b687627cd",85,"Contact","Present","tomato","Imply",NA,"NotFocus"
"916","5f9ee9286057414b687627cd",0,"Contact","Past","tomato","Before",NA,"NotFocus"
"917","5f9ee9286057414b687627cd",100,"Contact","Past","tomato","After",NA,"NotFocus"
"918","5f9ee9286057414b687627cd",70,"Contact","Past","tomato","Imply",NA,"NotFocus"
"919","5f9ee9286057414b687627cd",20,"Contact","Present","tomato","Before",NA,"Focus"
"920","5f9ee9286057414b687627cd",60,"Contact","Present","tomato","After",NA,"Focus"
"921","5f9ee9286057414b687627cd",60,"Contact","Present","tomato","Imply",NA,"Focus"
"922","5f9ee9286057414b687627cd",20,"Contact","Past","muffin","Before",NA,"Focus"
"923","5f9ee9286057414b687627cd",90,"Contact","Past","muffin","After",NA,"Focus"
"924","5f9ee9286057414b687627cd",85,"Contact","Past","muffin","Imply",NA,"Focus"
"925","5f823478cab272361106d26a",0,"Contact","Present","Blueberry","Before",NA,"NotFocus"
"926","5f823478cab272361106d26a",100,"Contact","Present","Blueberry","After",NA,"NotFocus"
"927","5f823478cab272361106d26a",100,"Contact","Present","Blueberry","Imply",NA,"NotFocus"
"928","5f823478cab272361106d26a",0,"Contact","Past","muffin","Before",NA,"NotFocus"
"929","5f823478cab272361106d26a",100,"Contact","Past","muffin","After",NA,"NotFocus"
"930","5f823478cab272361106d26a",100,"Contact","Past","muffin","Imply",NA,"NotFocus"
"931","5f823478cab272361106d26a",0,"Contact","Present","muffin","Before",NA,"Focus"
"932","5f823478cab272361106d26a",100,"Contact","Present","muffin","After",NA,"Focus"
"933","5f823478cab272361106d26a",60,"Contact","Present","muffin","Imply",NA,"Focus"
"934","5f823478cab272361106d26a",0,"Contact","Past","Blueberry","Before",NA,"Focus"
"935","5f823478cab272361106d26a",100,"Contact","Past","Blueberry","After",NA,"Focus"
"936","5f823478cab272361106d26a",72,"Contact","Past","Blueberry","Imply",NA,"Focus"
"937","6140ef8d27499e70e8740918",0,"Contact","Present","muffin","Before",NA,"NotFocus"
"938","6140ef8d27499e70e8740918",87,"Contact","Present","muffin","After",NA,"NotFocus"
"939","6140ef8d27499e70e8740918",78,"Contact","Present","muffin","Imply",NA,"NotFocus"
"940","6140ef8d27499e70e8740918",0,"Contact","Past","Blueberry","Before",NA,"NotFocus"
"941","6140ef8d27499e70e8740918",100,"Contact","Past","Blueberry","After",NA,"NotFocus"
"942","6140ef8d27499e70e8740918",94,"Contact","Past","Blueberry","Imply",NA,"NotFocus"
"943","6140ef8d27499e70e8740918",0,"Contact","Present","Blueberry","Before",NA,"Focus"
"944","6140ef8d27499e70e8740918",76,"Contact","Present","Blueberry","After",NA,"Focus"
"945","6140ef8d27499e70e8740918",64,"Contact","Present","Blueberry","Imply",NA,"Focus"
"946","6140ef8d27499e70e8740918",0,"Contact","Past","tomato","Before",NA,"Focus"
"947","6140ef8d27499e70e8740918",60,"Contact","Past","tomato","After",NA,"Focus"
"948","6140ef8d27499e70e8740918",50,"Contact","Past","tomato","Imply",NA,"Focus"
"949","6150ca3f37e1fe330f70311d",0,"Contact","Present","tomato","Before",NA,"NotFocus"
"950","6150ca3f37e1fe330f70311d",100,"Contact","Present","tomato","After",NA,"NotFocus"
"951","6150ca3f37e1fe330f70311d",79,"Contact","Present","tomato","Imply",NA,"NotFocus"
"952","6150ca3f37e1fe330f70311d",0,"Contact","Past","muffin","Before",NA,"NotFocus"
"953","6150ca3f37e1fe330f70311d",50,"Contact","Past","muffin","After",NA,"NotFocus"
"954","6150ca3f37e1fe330f70311d",52,"Contact","Past","muffin","Imply",NA,"NotFocus"
"955","6150ca3f37e1fe330f70311d",0,"Contact","Present","Blueberry","Before",NA,"Focus"
"956","6150ca3f37e1fe330f70311d",95,"Contact","Present","Blueberry","After",NA,"Focus"
"957","6150ca3f37e1fe330f70311d",44,"Contact","Present","Blueberry","Imply",NA,"Focus"
"958","6150ca3f37e1fe330f70311d",0,"Contact","Past","muffin","Before",NA,"Focus"
"959","6150ca3f37e1fe330f70311d",50,"Contact","Past","muffin","After",NA,"Focus"
"960","6150ca3f37e1fe330f70311d",46,"Contact","Past","muffin","Imply",NA,"Focus"
"961","6171312b4f75ea6a71c23125",0,"Contact","Present","Blueberry","Before",NA,"NotFocus"
"962","6171312b4f75ea6a71c23125",100,"Contact","Present","Blueberry","After",NA,"NotFocus"
"963","6171312b4f75ea6a71c23125",100,"Contact","Present","Blueberry","Imply",NA,"NotFocus"
"964","6171312b4f75ea6a71c23125",0,"Contact","Past","Blueberry","Before",NA,"NotFocus"
"965","6171312b4f75ea6a71c23125",100,"Contact","Past","Blueberry","After",NA,"NotFocus"
"966","6171312b4f75ea6a71c23125",100,"Contact","Past","Blueberry","Imply",NA,"NotFocus"
"967","6171312b4f75ea6a71c23125",0,"Contact","Present","muffin","Before",NA,"Focus"
"968","6171312b4f75ea6a71c23125",51,"Contact","Present","muffin","After",NA,"Focus"
"969","6171312b4f75ea6a71c23125",41,"Contact","Present","muffin","Imply",NA,"Focus"
"970","6171312b4f75ea6a71c23125",0,"Contact","Past","tomato","Before",NA,"Focus"
"971","6171312b4f75ea6a71c23125",100,"Contact","Past","tomato","After",NA,"Focus"
"972","6171312b4f75ea6a71c23125",38,"Contact","Past","tomato","Imply",NA,"Focus"
"973","60dae7c2730e385327295c3c",0,"Contact","Present","muffin","Before",NA,"NotFocus"
"974","60dae7c2730e385327295c3c",65,"Contact","Present","muffin","After",NA,"NotFocus"
"975","60dae7c2730e385327295c3c",0,"Contact","Present","muffin","Imply",NA,"NotFocus"
"976","60dae7c2730e385327295c3c",0,"Contact","Past","tomato","Before",NA,"NotFocus"
"977","60dae7c2730e385327295c3c",25,"Contact","Past","tomato","After",NA,"NotFocus"
"978","60dae7c2730e385327295c3c",0,"Contact","Past","tomato","Imply",NA,"NotFocus"
"979","60dae7c2730e385327295c3c",0,"Contact","Present","tomato","Before",NA,"Focus"
"980","60dae7c2730e385327295c3c",14,"Contact","Present","tomato","After",NA,"Focus"
"981","60dae7c2730e385327295c3c",0,"Contact","Present","tomato","Imply",NA,"Focus"
"982","60dae7c2730e385327295c3c",0,"Contact","Past","Blueberry","Before",NA,"Focus"
"983","60dae7c2730e385327295c3c",30,"Contact","Past","Blueberry","After",NA,"Focus"
"984","60dae7c2730e385327295c3c",10,"Contact","Past","Blueberry","Imply",NA,"Focus"
"985","609a7d5287ca8fb83e0780d4",0,"Contact","Present","tomato","Before",NA,"NotFocus"
"986","609a7d5287ca8fb83e0780d4",100,"Contact","Present","tomato","After",NA,"NotFocus"
"987","609a7d5287ca8fb83e0780d4",100,"Contact","Present","tomato","Imply",NA,"NotFocus"
"988","609a7d5287ca8fb83e0780d4",0,"Contact","Past","Blueberry","Before",NA,"NotFocus"
"989","609a7d5287ca8fb83e0780d4",100,"Contact","Past","Blueberry","After",NA,"NotFocus"
"990","609a7d5287ca8fb83e0780d4",100,"Contact","Past","Blueberry","Imply",NA,"NotFocus"
"991","609a7d5287ca8fb83e0780d4",0,"Contact","Present","tomato","Before",NA,"Focus"
"992","609a7d5287ca8fb83e0780d4",0,"Contact","Present","tomato","After",NA,"Focus"
"993","609a7d5287ca8fb83e0780d4",0,"Contact","Present","tomato","Imply",NA,"Focus"
"994","609a7d5287ca8fb83e0780d4",0,"Contact","Past","tomato","Before",NA,"Focus"
"995","609a7d5287ca8fb83e0780d4",0,"Contact","Past","tomato","After",NA,"Focus"
"996","609a7d5287ca8fb83e0780d4",0,"Contact","Past","tomato","Imply",NA,"Focus"
"997","5f2af8a288f11d4765bb31d0",0,"Contact","Present","Blueberry","Before",NA,"NotFocus"
"998","5f2af8a288f11d4765bb31d0",100,"Contact","Present","Blueberry","After",NA,"NotFocus"
"999","5f2af8a288f11d4765bb31d0",0,"Contact","Present","Blueberry","Imply",NA,"NotFocus"
"1000","5f2af8a288f11d4765bb31d0",0,"Contact","Past","muffin","Before",NA,"NotFocus"
"1001","5f2af8a288f11d4765bb31d0",100,"Contact","Past","muffin","After",NA,"NotFocus"
"1002","5f2af8a288f11d4765bb31d0",0,"Contact","Past","muffin","Imply",NA,"NotFocus"
"1003","5f2af8a288f11d4765bb31d0",0,"Contact","Present","muffin","Before",NA,"Focus"
"1004","5f2af8a288f11d4765bb31d0",100,"Contact","Present","muffin","After",NA,"Focus"
"1005","5f2af8a288f11d4765bb31d0",0,"Contact","Present","muffin","Imply",NA,"Focus"
"1006","5f2af8a288f11d4765bb31d0",0,"Contact","Past","muffin","Before",NA,"Focus"
"1007","5f2af8a288f11d4765bb31d0",100,"Contact","Past","muffin","After",NA,"Focus"
"1008","5f2af8a288f11d4765bb31d0",0,"Contact","Past","muffin","Imply",NA,"Focus"
"1009","606c7d27f4f3ae688332a55d",0,"Contact","Present","muffin","Before",NA,"NotFocus"
"1010","606c7d27f4f3ae688332a55d",100,"Contact","Present","muffin","After",NA,"NotFocus"
"1011","606c7d27f4f3ae688332a55d",70,"Contact","Present","muffin","Imply",NA,"NotFocus"
"1012","606c7d27f4f3ae688332a55d",0,"Contact","Past","tomato","Before",NA,"NotFocus"
"1013","606c7d27f4f3ae688332a55d",80,"Contact","Past","tomato","After",NA,"NotFocus"
"1014","606c7d27f4f3ae688332a55d",70,"Contact","Past","tomato","Imply",NA,"NotFocus"
"1015","606c7d27f4f3ae688332a55d",0,"Contact","Present","Blueberry","Before",NA,"Focus"
"1016","606c7d27f4f3ae688332a55d",30,"Contact","Present","Blueberry","After",NA,"Focus"
"1017","606c7d27f4f3ae688332a55d",0,"Contact","Present","Blueberry","Imply",NA,"Focus"
"1018","606c7d27f4f3ae688332a55d",0,"Contact","Past","Blueberry","Before",NA,"Focus"
"1019","606c7d27f4f3ae688332a55d",70,"Contact","Past","Blueberry","After",NA,"Focus"
"1020","606c7d27f4f3ae688332a55d",0,"Contact","Past","Blueberry","Imply",NA,"Focus"
"1021","5f9d4a9335e325252a9715a4",0,"Contact","Present","tomato","Before",NA,"NotFocus"
"1022","5f9d4a9335e325252a9715a4",10,"Contact","Present","tomato","After",NA,"NotFocus"
"1023","5f9d4a9335e325252a9715a4",0,"Contact","Present","tomato","Imply",NA,"NotFocus"
"1024","5f9d4a9335e325252a9715a4",0,"Contact","Past","muffin","Before",NA,"NotFocus"
"1025","5f9d4a9335e325252a9715a4",10,"Contact","Past","muffin","After",NA,"NotFocus"
"1026","5f9d4a9335e325252a9715a4",0,"Contact","Past","muffin","Imply",NA,"NotFocus"
"1027","5f9d4a9335e325252a9715a4",0,"Contact","Present","Blueberry","Before",NA,"Focus"
"1028","5f9d4a9335e325252a9715a4",10,"Contact","Present","Blueberry","After",NA,"Focus"
"1029","5f9d4a9335e325252a9715a4",0,"Contact","Present","Blueberry","Imply",NA,"Focus"
"1030","5f9d4a9335e325252a9715a4",0,"Contact","Past","Blueberry","Before",NA,"Focus"
"1031","5f9d4a9335e325252a9715a4",10,"Contact","Past","Blueberry","After",NA,"Focus"
"1032","5f9d4a9335e325252a9715a4",0,"Contact","Past","Blueberry","Imply",NA,"Focus"
"1033","5d16539382c22b00155d9254",0,"Contact","Present","Blueberry","Before",NA,"NotFocus"
"1034","5d16539382c22b00155d9254",5,"Contact","Present","Blueberry","After",NA,"NotFocus"
"1035","5d16539382c22b00155d9254",5,"Contact","Present","Blueberry","Imply",NA,"NotFocus"
"1036","5d16539382c22b00155d9254",0,"Contact","Past","tomato","Before",NA,"NotFocus"
"1037","5d16539382c22b00155d9254",70,"Contact","Past","tomato","After",NA,"NotFocus"
"1038","5d16539382c22b00155d9254",30,"Contact","Past","tomato","Imply",NA,"NotFocus"
"1039","5d16539382c22b00155d9254",0,"Contact","Present","tomato","Before",NA,"Focus"
"1040","5d16539382c22b00155d9254",60,"Contact","Present","tomato","After",NA,"Focus"
"1041","5d16539382c22b00155d9254",10,"Contact","Present","tomato","Imply",NA,"Focus"
"1042","5d16539382c22b00155d9254",0,"Contact","Past","tomato","Before",NA,"Focus"
"1043","5d16539382c22b00155d9254",20,"Contact","Past","tomato","After",NA,"Focus"
"1044","5d16539382c22b00155d9254",30,"Contact","Past","tomato","Imply",NA,"Focus"
"1045","5dd46163c0823f4503b59566",0,"Contact","Present","muffin","Before",NA,"NotFocus"
"1046","5dd46163c0823f4503b59566",80,"Contact","Present","muffin","After",NA,"NotFocus"
"1047","5dd46163c0823f4503b59566",60,"Contact","Present","muffin","Imply",NA,"NotFocus"
"1048","5dd46163c0823f4503b59566",0,"Contact","Past","Blueberry","Before",NA,"NotFocus"
"1049","5dd46163c0823f4503b59566",100,"Contact","Past","Blueberry","After",NA,"NotFocus"
"1050","5dd46163c0823f4503b59566",30,"Contact","Past","Blueberry","Imply",NA,"NotFocus"
"1051","5dd46163c0823f4503b59566",0,"Contact","Present","Blueberry","Before",NA,"Focus"
"1052","5dd46163c0823f4503b59566",90,"Contact","Present","Blueberry","After",NA,"Focus"
"1053","5dd46163c0823f4503b59566",40,"Contact","Present","Blueberry","Imply",NA,"Focus"
"1054","5dd46163c0823f4503b59566",0,"Contact","Past","muffin","Before",NA,"Focus"
"1055","5dd46163c0823f4503b59566",100,"Contact","Past","muffin","After",NA,"Focus"
"1056","5dd46163c0823f4503b59566",30,"Contact","Past","muffin","Imply",NA,"Focus"
"1057","604f61b6c342bcf27f6f0027",9,"Contact","Present","tomato","Before",NA,"NotFocus"
"1058","604f61b6c342bcf27f6f0027",16,"Contact","Present","tomato","After",NA,"NotFocus"
"1059","604f61b6c342bcf27f6f0027",24,"Contact","Present","tomato","Imply",NA,"NotFocus"
"1060","604f61b6c342bcf27f6f0027",0,"Contact","Past","Blueberry","Before",NA,"NotFocus"
"1061","604f61b6c342bcf27f6f0027",20,"Contact","Past","Blueberry","After",NA,"NotFocus"
"1062","604f61b6c342bcf27f6f0027",39,"Contact","Past","Blueberry","Imply",NA,"NotFocus"
"1063","604f61b6c342bcf27f6f0027",0,"Contact","Present","Blueberry","Before",NA,"Focus"
"1064","604f61b6c342bcf27f6f0027",8,"Contact","Present","Blueberry","After",NA,"Focus"
"1065","604f61b6c342bcf27f6f0027",22,"Contact","Present","Blueberry","Imply",NA,"Focus"
"1066","604f61b6c342bcf27f6f0027",0,"Contact","Past","muffin","Before",NA,"Focus"
"1067","604f61b6c342bcf27f6f0027",19,"Contact","Past","muffin","After",NA,"Focus"
"1068","604f61b6c342bcf27f6f0027",20,"Contact","Past","muffin","Imply",NA,"Focus"
"1069","5f03993af1a82a5c4988eabf",6,"Contact","Present","muffin","Before",NA,"NotFocus"
"1070","5f03993af1a82a5c4988eabf",70,"Contact","Present","muffin","After",NA,"NotFocus"
"1071","5f03993af1a82a5c4988eabf",59,"Contact","Present","muffin","Imply",NA,"NotFocus"
"1072","5f03993af1a82a5c4988eabf",0,"Contact","Past","tomato","Before",NA,"NotFocus"
"1073","5f03993af1a82a5c4988eabf",71,"Contact","Past","tomato","After",NA,"NotFocus"
"1074","5f03993af1a82a5c4988eabf",64,"Contact","Past","tomato","Imply",NA,"NotFocus"
"1075","5f03993af1a82a5c4988eabf",24,"Contact","Present","muffin","Before",NA,"Focus"
"1076","5f03993af1a82a5c4988eabf",87,"Contact","Present","muffin","After",NA,"Focus"
"1077","5f03993af1a82a5c4988eabf",81,"Contact","Present","muffin","Imply",NA,"Focus"
"1078","5f03993af1a82a5c4988eabf",8,"Contact","Past","tomato","Before",NA,"Focus"
"1079","5f03993af1a82a5c4988eabf",92,"Contact","Past","tomato","After",NA,"Focus"
"1080","5f03993af1a82a5c4988eabf",86,"Contact","Past","tomato","Imply",NA,"Focus"
"1081","5cdb0b34c5acb3000136c907",0,"Contact","Present","Blueberry","Before",NA,"NotFocus"
"1082","5cdb0b34c5acb3000136c907",84,"Contact","Present","Blueberry","After",NA,"NotFocus"
"1083","5cdb0b34c5acb3000136c907",64,"Contact","Present","Blueberry","Imply",NA,"NotFocus"
"1084","5cdb0b34c5acb3000136c907",0,"Contact","Past","tomato","Before",NA,"NotFocus"
"1085","5cdb0b34c5acb3000136c907",73,"Contact","Past","tomato","After",NA,"NotFocus"
"1086","5cdb0b34c5acb3000136c907",38,"Contact","Past","tomato","Imply",NA,"NotFocus"
"1087","5cdb0b34c5acb3000136c907",0,"Contact","Present","muffin","Before",NA,"Focus"
"1088","5cdb0b34c5acb3000136c907",40,"Contact","Present","muffin","After",NA,"Focus"
"1089","5cdb0b34c5acb3000136c907",25,"Contact","Present","muffin","Imply",NA,"Focus"
"1090","5cdb0b34c5acb3000136c907",0,"Contact","Past","Blueberry","Before",NA,"Focus"
"1091","5cdb0b34c5acb3000136c907",90,"Contact","Past","Blueberry","After",NA,"Focus"
"1092","5cdb0b34c5acb3000136c907",21,"Contact","Past","Blueberry","Imply",NA,"Focus"
"1093","6111619298b13af4d44cf090",0,"Contact","Present","muffin","Before",NA,"NotFocus"
"1094","6111619298b13af4d44cf090",73,"Contact","Present","muffin","After",NA,"NotFocus"
"1095","6111619298b13af4d44cf090",62,"Contact","Present","muffin","Imply",NA,"NotFocus"
"1096","6111619298b13af4d44cf090",21,"Contact","Past","tomato","Before",NA,"NotFocus"
"1097","6111619298b13af4d44cf090",71,"Contact","Past","tomato","After",NA,"NotFocus"
"1098","6111619298b13af4d44cf090",78,"Contact","Past","tomato","Imply",NA,"NotFocus"
"1099","6111619298b13af4d44cf090",0,"Contact","Present","muffin","Before",NA,"Focus"
"1100","6111619298b13af4d44cf090",29,"Contact","Present","muffin","After",NA,"Focus"
"1101","6111619298b13af4d44cf090",20,"Contact","Present","muffin","Imply",NA,"Focus"
"1102","6111619298b13af4d44cf090",0,"Contact","Past","Blueberry","Before",NA,"Focus"
"1103","6111619298b13af4d44cf090",8,"Contact","Past","Blueberry","After",NA,"Focus"
"1104","6111619298b13af4d44cf090",6,"Contact","Past","Blueberry","Imply",NA,"Focus"
"1105","5acb63b2fa3b4e000173ad98",8,"Contact","Present","Blueberry","Before",NA,"NotFocus"
"1106","5acb63b2fa3b4e000173ad98",81,"Contact","Present","Blueberry","After",NA,"NotFocus"
"1107","5acb63b2fa3b4e000173ad98",19,"Contact","Present","Blueberry","Imply",NA,"NotFocus"
"1108","5acb63b2fa3b4e000173ad98",0,"Contact","Past","muffin","Before",NA,"NotFocus"
"1109","5acb63b2fa3b4e000173ad98",100,"Contact","Past","muffin","After",NA,"NotFocus"
"1110","5acb63b2fa3b4e000173ad98",100,"Contact","Past","muffin","Imply",NA,"NotFocus"
"1111","5acb63b2fa3b4e000173ad98",0,"Contact","Present","tomato","Before",NA,"Focus"
"1112","5acb63b2fa3b4e000173ad98",79,"Contact","Present","tomato","After",NA,"Focus"
"1113","5acb63b2fa3b4e000173ad98",70,"Contact","Present","tomato","Imply",NA,"Focus"
"1114","5acb63b2fa3b4e000173ad98",19,"Contact","Past","tomato","Before",NA,"Focus"
"1115","5acb63b2fa3b4e000173ad98",50,"Contact","Past","tomato","After",NA,"Focus"
"1116","5acb63b2fa3b4e000173ad98",21,"Contact","Past","tomato","Imply",NA,"Focus"
"1117","60c4a49f823e3faceb51be96",0,"Contact","Present","tomato","Before",NA,"NotFocus"
"1118","60c4a49f823e3faceb51be96",82,"Contact","Present","tomato","After",NA,"NotFocus"
"1119","60c4a49f823e3faceb51be96",17,"Contact","Present","tomato","Imply",NA,"NotFocus"
"1120","60c4a49f823e3faceb51be96",0,"Contact","Past","muffin","Before",NA,"NotFocus"
"1121","60c4a49f823e3faceb51be96",63,"Contact","Past","muffin","After",NA,"NotFocus"
"1122","60c4a49f823e3faceb51be96",13,"Contact","Past","muffin","Imply",NA,"NotFocus"
"1123","60c4a49f823e3faceb51be96",0,"Contact","Present","tomato","Before",NA,"Focus"
"1124","60c4a49f823e3faceb51be96",75,"Contact","Present","tomato","After",NA,"Focus"
"1125","60c4a49f823e3faceb51be96",0,"Contact","Present","tomato","Imply",NA,"Focus"
"1126","60c4a49f823e3faceb51be96",0,"Contact","Past","muffin","Before",NA,"Focus"
"1127","60c4a49f823e3faceb51be96",71,"Contact","Past","muffin","After",NA,"Focus"
"1128","60c4a49f823e3faceb51be96",15,"Contact","Past","muffin","Imply",NA,"Focus"
"1129","6050def7e8e7c6c1efb45fac",0,"Contact","Present","Blueberry","Before",NA,"NotFocus"
"1130","6050def7e8e7c6c1efb45fac",91,"Contact","Present","Blueberry","After",NA,"NotFocus"
"1131","6050def7e8e7c6c1efb45fac",75,"Contact","Present","Blueberry","Imply",NA,"NotFocus"
"1132","6050def7e8e7c6c1efb45fac",0,"Contact","Past","Blueberry","Before",NA,"NotFocus"
"1133","6050def7e8e7c6c1efb45fac",90,"Contact","Past","Blueberry","After",NA,"NotFocus"
"1134","6050def7e8e7c6c1efb45fac",80,"Contact","Past","Blueberry","Imply",NA,"NotFocus"
"1135","6050def7e8e7c6c1efb45fac",0,"Contact","Present","tomato","Before",NA,"Focus"
"1136","6050def7e8e7c6c1efb45fac",85,"Contact","Present","tomato","After",NA,"Focus"
"1137","6050def7e8e7c6c1efb45fac",80,"Contact","Present","tomato","Imply",NA,"Focus"
"1138","6050def7e8e7c6c1efb45fac",0,"Contact","Past","tomato","Before",NA,"Focus"
"1139","6050def7e8e7c6c1efb45fac",85,"Contact","Past","tomato","After",NA,"Focus"
"1140","6050def7e8e7c6c1efb45fac",84,"Contact","Past","tomato","Imply",NA,"Focus"
"1141","614f8321333460db43b7f229",10,"Contact","Present","Blueberry","Before",NA,"NotFocus"
"1142","614f8321333460db43b7f229",100,"Contact","Present","Blueberry","After",NA,"NotFocus"
"1143","614f8321333460db43b7f229",100,"Contact","Present","Blueberry","Imply",NA,"NotFocus"
"1144","614f8321333460db43b7f229",0,"Contact","Past","tomato","Before",NA,"NotFocus"
"1145","614f8321333460db43b7f229",100,"Contact","Past","tomato","After",NA,"NotFocus"
"1146","614f8321333460db43b7f229",100,"Contact","Past","tomato","Imply",NA,"NotFocus"
"1147","614f8321333460db43b7f229",9,"Contact","Present","muffin","Before",NA,"Focus"
"1148","614f8321333460db43b7f229",100,"Contact","Present","muffin","After",NA,"Focus"
"1149","614f8321333460db43b7f229",100,"Contact","Present","muffin","Imply",NA,"Focus"
"1150","614f8321333460db43b7f229",0,"Contact","Past","Blueberry","Before",NA,"Focus"
"1151","614f8321333460db43b7f229",100,"Contact","Past","Blueberry","After",NA,"Focus"
"1152","614f8321333460db43b7f229",100,"Contact","Past","Blueberry","Imply",NA,"Focus"
"1153","582a0f48429e67000168cef9",0,"Contact","Present","tomato","Before",NA,"NotFocus"
"1154","582a0f48429e67000168cef9",60,"Contact","Present","tomato","After",NA,"NotFocus"
"1155","582a0f48429e67000168cef9",1,"Contact","Present","tomato","Imply",NA,"NotFocus"
"1156","582a0f48429e67000168cef9",0,"Contact","Past","muffin","Before",NA,"NotFocus"
"1157","582a0f48429e67000168cef9",62,"Contact","Past","muffin","After",NA,"NotFocus"
"1158","582a0f48429e67000168cef9",2,"Contact","Past","muffin","Imply",NA,"NotFocus"
"1159","582a0f48429e67000168cef9",0,"Contact","Present","Blueberry","Before",NA,"Focus"
"1160","582a0f48429e67000168cef9",80,"Contact","Present","Blueberry","After",NA,"Focus"
"1161","582a0f48429e67000168cef9",0,"Contact","Present","Blueberry","Imply",NA,"Focus"
"1162","582a0f48429e67000168cef9",0,"Contact","Past","Blueberry","Before",NA,"Focus"
"1163","582a0f48429e67000168cef9",66,"Contact","Past","Blueberry","After",NA,"Focus"
"1164","582a0f48429e67000168cef9",0,"Contact","Past","Blueberry","Imply",NA,"Focus"
"1165","5eaf3e142627076426921b1b",25,"Contact","Present","tomato","Before",NA,"NotFocus"
"1166","5eaf3e142627076426921b1b",85,"Contact","Present","tomato","After",NA,"NotFocus"
"1167","5eaf3e142627076426921b1b",95,"Contact","Present","tomato","Imply",NA,"NotFocus"
"1168","5eaf3e142627076426921b1b",30,"Contact","Past","muffin","Before",NA,"NotFocus"
"1169","5eaf3e142627076426921b1b",90,"Contact","Past","muffin","After",NA,"NotFocus"
"1170","5eaf3e142627076426921b1b",95,"Contact","Past","muffin","Imply",NA,"NotFocus"
"1171","5eaf3e142627076426921b1b",19,"Contact","Present","Blueberry","Before",NA,"Focus"
"1172","5eaf3e142627076426921b1b",68,"Contact","Present","Blueberry","After",NA,"Focus"
"1173","5eaf3e142627076426921b1b",81,"Contact","Present","Blueberry","Imply",NA,"Focus"
"1174","5eaf3e142627076426921b1b",33,"Contact","Past","tomato","Before",NA,"Focus"
"1175","5eaf3e142627076426921b1b",83,"Contact","Past","tomato","After",NA,"Focus"
"1176","5eaf3e142627076426921b1b",94,"Contact","Past","tomato","Imply",NA,"Focus"
"1177","5c549c6372fd9000018b5968",0,"Contact","Present","muffin","Before",NA,"NotFocus"
"1178","5c549c6372fd9000018b5968",80,"Contact","Present","muffin","After",NA,"NotFocus"
"1179","5c549c6372fd9000018b5968",100,"Contact","Present","muffin","Imply",NA,"NotFocus"
"1180","5c549c6372fd9000018b5968",0,"Contact","Past","tomato","Before",NA,"NotFocus"
"1181","5c549c6372fd9000018b5968",71,"Contact","Past","tomato","After",NA,"NotFocus"
"1182","5c549c6372fd9000018b5968",50,"Contact","Past","tomato","Imply",NA,"NotFocus"
"1183","5c549c6372fd9000018b5968",0,"Contact","Present","Blueberry","Before",NA,"Focus"
"1184","5c549c6372fd9000018b5968",100,"Contact","Present","Blueberry","After",NA,"Focus"
"1185","5c549c6372fd9000018b5968",100,"Contact","Present","Blueberry","Imply",NA,"Focus"
"1186","5c549c6372fd9000018b5968",0,"Contact","Past","muffin","Before",NA,"Focus"
"1187","5c549c6372fd9000018b5968",100,"Contact","Past","muffin","After",NA,"Focus"
"1188","5c549c6372fd9000018b5968",100,"Contact","Past","muffin","Imply",NA,"Focus"
"1189","5ef48ebd234db60612e99516",0,"Contact","Present","tomato","Before",NA,"NotFocus"
"1190","5ef48ebd234db60612e99516",100,"Contact","Present","tomato","After",NA,"NotFocus"
"1191","5ef48ebd234db60612e99516",50,"Contact","Present","tomato","Imply",NA,"NotFocus"
"1192","5ef48ebd234db60612e99516",0,"Contact","Past","Blueberry","Before",NA,"NotFocus"
"1193","5ef48ebd234db60612e99516",100,"Contact","Past","Blueberry","After",NA,"NotFocus"
"1194","5ef48ebd234db60612e99516",50,"Contact","Past","Blueberry","Imply",NA,"NotFocus"
"1195","5ef48ebd234db60612e99516",0,"Contact","Present","tomato","Before",NA,"Focus"
"1196","5ef48ebd234db60612e99516",100,"Contact","Present","tomato","After",NA,"Focus"
"1197","5ef48ebd234db60612e99516",50,"Contact","Present","tomato","Imply",NA,"Focus"
"1198","5ef48ebd234db60612e99516",0,"Contact","Past","Blueberry","Before",NA,"Focus"
"1199","5ef48ebd234db60612e99516",100,"Contact","Past","Blueberry","After",NA,"Focus"
"1200","5ef48ebd234db60612e99516",50,"Contact","Past","Blueberry","Imply",NA,"Focus"
"1201","60512fdbba1a7d95abaab18c",72,"Contact","Present","muffin","Before",NA,"NotFocus"
"1202","60512fdbba1a7d95abaab18c",68,"Contact","Present","muffin","After",NA,"NotFocus"
"1203","60512fdbba1a7d95abaab18c",74,"Contact","Present","muffin","Imply",NA,"NotFocus"
"1204","60512fdbba1a7d95abaab18c",80,"Contact","Past","muffin","Before",NA,"NotFocus"
"1205","60512fdbba1a7d95abaab18c",79,"Contact","Past","muffin","After",NA,"NotFocus"
"1206","60512fdbba1a7d95abaab18c",80,"Contact","Past","muffin","Imply",NA,"NotFocus"
"1207","60512fdbba1a7d95abaab18c",71,"Contact","Present","Blueberry","Before",NA,"Focus"
"1208","60512fdbba1a7d95abaab18c",70,"Contact","Present","Blueberry","After",NA,"Focus"
"1209","60512fdbba1a7d95abaab18c",71,"Contact","Present","Blueberry","Imply",NA,"Focus"
"1210","60512fdbba1a7d95abaab18c",71,"Contact","Past","muffin","Before",NA,"Focus"
"1211","60512fdbba1a7d95abaab18c",68,"Contact","Past","muffin","After",NA,"Focus"
"1212","60512fdbba1a7d95abaab18c",72,"Contact","Past","muffin","Imply",NA,"Focus"
"1213","5cf8012a542f5400196a1493",0,"Contact","Present","muffin","Before",NA,"NotFocus"
"1214","5cf8012a542f5400196a1493",50,"Contact","Present","muffin","After",NA,"NotFocus"
"1215","5cf8012a542f5400196a1493",50,"Contact","Present","muffin","Imply",NA,"NotFocus"
"1216","5cf8012a542f5400196a1493",0,"Contact","Past","Blueberry","Before",NA,"NotFocus"
"1217","5cf8012a542f5400196a1493",50,"Contact","Past","Blueberry","After",NA,"NotFocus"
"1218","5cf8012a542f5400196a1493",25,"Contact","Past","Blueberry","Imply",NA,"NotFocus"
"1219","5cf8012a542f5400196a1493",0,"Contact","Present","tomato","Before",NA,"Focus"
"1220","5cf8012a542f5400196a1493",50,"Contact","Present","tomato","After",NA,"Focus"
"1221","5cf8012a542f5400196a1493",25,"Contact","Present","tomato","Imply",NA,"Focus"
"1222","5cf8012a542f5400196a1493",0,"Contact","Past","muffin","Before",NA,"Focus"
"1223","5cf8012a542f5400196a1493",50,"Contact","Past","muffin","After",NA,"Focus"
"1224","5cf8012a542f5400196a1493",50,"Contact","Past","muffin","Imply",NA,"Focus"
"1225","5ec2c68c3542420e2de60387",0,"Contact","Present","Blueberry","Before",NA,"NotFocus"
"1226","5ec2c68c3542420e2de60387",100,"Contact","Present","Blueberry","After",NA,"NotFocus"
"1227","5ec2c68c3542420e2de60387",0,"Contact","Present","Blueberry","Imply",NA,"NotFocus"
"1228","5ec2c68c3542420e2de60387",0,"Contact","Past","tomato","Before",NA,"NotFocus"
"1229","5ec2c68c3542420e2de60387",100,"Contact","Past","tomato","After",NA,"NotFocus"
"1230","5ec2c68c3542420e2de60387",0,"Contact","Past","tomato","Imply",NA,"NotFocus"
"1231","5ec2c68c3542420e2de60387",0,"Contact","Present","muffin","Before",NA,"Focus"
"1232","5ec2c68c3542420e2de60387",0,"Contact","Present","muffin","After",NA,"Focus"
"1233","5ec2c68c3542420e2de60387",0,"Contact","Present","muffin","Imply",NA,"Focus"
"1234","5ec2c68c3542420e2de60387",0,"Contact","Past","tomato","Before",NA,"Focus"
"1235","5ec2c68c3542420e2de60387",100,"Contact","Past","tomato","After",NA,"Focus"
"1236","5ec2c68c3542420e2de60387",0,"Contact","Past","tomato","Imply",NA,"Focus"
"1237","6069f5c6549775665716f04c",0,"Contact","Present","Blueberry","Before",NA,"NotFocus"
"1238","6069f5c6549775665716f04c",45,"Contact","Present","Blueberry","After",NA,"NotFocus"
"1239","6069f5c6549775665716f04c",30,"Contact","Present","Blueberry","Imply",NA,"NotFocus"
"1240","6069f5c6549775665716f04c",0,"Contact","Past","muffin","Before",NA,"NotFocus"
"1241","6069f5c6549775665716f04c",100,"Contact","Past","muffin","After",NA,"NotFocus"
"1242","6069f5c6549775665716f04c",100,"Contact","Past","muffin","Imply",NA,"NotFocus"
"1243","6069f5c6549775665716f04c",0,"Contact","Present","muffin","Before",NA,"Focus"
"1244","6069f5c6549775665716f04c",100,"Contact","Present","muffin","After",NA,"Focus"
"1245","6069f5c6549775665716f04c",100,"Contact","Present","muffin","Imply",NA,"Focus"
"1246","6069f5c6549775665716f04c",0,"Contact","Past","tomato","Before",NA,"Focus"
"1247","6069f5c6549775665716f04c",100,"Contact","Past","tomato","After",NA,"Focus"
"1248","6069f5c6549775665716f04c",100,"Contact","Past","tomato","Imply",NA,"Focus"
"1249","5ffcc820426b8c19e80f397a",0,"Contact","Present","tomato","Before",NA,"NotFocus"
"1250","5ffcc820426b8c19e80f397a",35,"Contact","Present","tomato","After",NA,"NotFocus"
"1251","5ffcc820426b8c19e80f397a",22,"Contact","Present","tomato","Imply",NA,"NotFocus"
"1252","5ffcc820426b8c19e80f397a",0,"Contact","Past","Blueberry","Before",NA,"NotFocus"
"1253","5ffcc820426b8c19e80f397a",75,"Contact","Past","Blueberry","After",NA,"NotFocus"
"1254","5ffcc820426b8c19e80f397a",50,"Contact","Past","Blueberry","Imply",NA,"NotFocus"
"1255","5ffcc820426b8c19e80f397a",0,"Contact","Present","tomato","Before",NA,"Focus"
"1256","5ffcc820426b8c19e80f397a",50,"Contact","Present","tomato","After",NA,"Focus"
"1257","5ffcc820426b8c19e80f397a",40,"Contact","Present","tomato","Imply",NA,"Focus"
"1258","5ffcc820426b8c19e80f397a",0,"Contact","Past","Blueberry","Before",NA,"Focus"
"1259","5ffcc820426b8c19e80f397a",100,"Contact","Past","Blueberry","After",NA,"Focus"
"1260","5ffcc820426b8c19e80f397a",82,"Contact","Past","Blueberry","Imply",NA,"Focus"
"1261","5ea5a9df788bae58eb1bb32f",0,"Contact","Present","tomato","Before",NA,"NotFocus"
"1262","5ea5a9df788bae58eb1bb32f",100,"Contact","Present","tomato","After",NA,"NotFocus"
"1263","5ea5a9df788bae58eb1bb32f",100,"Contact","Present","tomato","Imply",NA,"NotFocus"
"1264","5ea5a9df788bae58eb1bb32f",0,"Contact","Past","Blueberry","Before",NA,"NotFocus"
"1265","5ea5a9df788bae58eb1bb32f",91,"Contact","Past","Blueberry","After",NA,"NotFocus"
"1266","5ea5a9df788bae58eb1bb32f",86,"Contact","Past","Blueberry","Imply",NA,"NotFocus"
"1267","5ea5a9df788bae58eb1bb32f",0,"Contact","Present","Blueberry","Before",NA,"Focus"
"1268","5ea5a9df788bae58eb1bb32f",57,"Contact","Present","Blueberry","After",NA,"Focus"
"1269","5ea5a9df788bae58eb1bb32f",50,"Contact","Present","Blueberry","Imply",NA,"Focus"
"1270","5ea5a9df788bae58eb1bb32f",0,"Contact","Past","tomato","Before",NA,"Focus"
"1271","5ea5a9df788bae58eb1bb32f",100,"Contact","Past","tomato","After",NA,"Focus"
"1272","5ea5a9df788bae58eb1bb32f",48,"Contact","Past","tomato","Imply",NA,"Focus"
"1273","5f285902166da3151b01faf2",0,"Contact","Present","muffin","Before",NA,"NotFocus"
"1274","5f285902166da3151b01faf2",100,"Contact","Present","muffin","After",NA,"NotFocus"
"1275","5f285902166da3151b01faf2",100,"Contact","Present","muffin","Imply",NA,"NotFocus"
"1276","5f285902166da3151b01faf2",0,"Contact","Past","tomato","Before",NA,"NotFocus"
"1277","5f285902166da3151b01faf2",100,"Contact","Past","tomato","After",NA,"NotFocus"
"1278","5f285902166da3151b01faf2",100,"Contact","Past","tomato","Imply",NA,"NotFocus"
"1279","5f285902166da3151b01faf2",0,"Contact","Present","tomato","Before",NA,"Focus"
"1280","5f285902166da3151b01faf2",100,"Contact","Present","tomato","After",NA,"Focus"
"1281","5f285902166da3151b01faf2",100,"Contact","Present","tomato","Imply",NA,"Focus"
"1282","5f285902166da3151b01faf2",0,"Contact","Past","Blueberry","Before",NA,"Focus"
"1283","5f285902166da3151b01faf2",100,"Contact","Past","Blueberry","After",NA,"Focus"
"1284","5f285902166da3151b01faf2",100,"Contact","Past","Blueberry","Imply",NA,"Focus"
"1285","61742bd3cd78a9f853168cef",0,"Contact","Present","Blueberry","Before",NA,"NotFocus"
"1286","61742bd3cd78a9f853168cef",72,"Contact","Present","Blueberry","After",NA,"NotFocus"
"1287","61742bd3cd78a9f853168cef",61,"Contact","Present","Blueberry","Imply",NA,"NotFocus"
"1288","61742bd3cd78a9f853168cef",0,"Contact","Past","muffin","Before",NA,"NotFocus"
"1289","61742bd3cd78a9f853168cef",100,"Contact","Past","muffin","After",NA,"NotFocus"
"1290","61742bd3cd78a9f853168cef",100,"Contact","Past","muffin","Imply",NA,"NotFocus"
"1291","61742bd3cd78a9f853168cef",0,"Contact","Present","muffin","Before",NA,"Focus"
"1292","61742bd3cd78a9f853168cef",60,"Contact","Present","muffin","After",NA,"Focus"
"1293","61742bd3cd78a9f853168cef",30,"Contact","Present","muffin","Imply",NA,"Focus"
"1294","61742bd3cd78a9f853168cef",0,"Contact","Past","muffin","Before",NA,"Focus"
"1295","61742bd3cd78a9f853168cef",60,"Contact","Past","muffin","After",NA,"Focus"
"1296","61742bd3cd78a9f853168cef",42,"Contact","Past","muffin","Imply",NA,"Focus"
"1297","5d6a40c065a26e001731509a",0,"Contact","Present","Blueberry","Before",NA,"NotFocus"
"1298","5d6a40c065a26e001731509a",70,"Contact","Present","Blueberry","After",NA,"NotFocus"
"1299","5d6a40c065a26e001731509a",51,"Contact","Present","Blueberry","Imply",NA,"NotFocus"
"1300","5d6a40c065a26e001731509a",0,"Contact","Past","muffin","Before",NA,"NotFocus"
"1301","5d6a40c065a26e001731509a",30,"Contact","Past","muffin","After",NA,"NotFocus"
"1302","5d6a40c065a26e001731509a",0,"Contact","Past","muffin","Imply",NA,"NotFocus"
"1303","5d6a40c065a26e001731509a",0,"Contact","Present","muffin","Before",NA,"Focus"
"1304","5d6a40c065a26e001731509a",19,"Contact","Present","muffin","After",NA,"Focus"
"1305","5d6a40c065a26e001731509a",0,"Contact","Present","muffin","Imply",NA,"Focus"
"1306","5d6a40c065a26e001731509a",0,"Contact","Past","Blueberry","Before",NA,"Focus"
"1307","5d6a40c065a26e001731509a",42,"Contact","Past","Blueberry","After",NA,"Focus"
"1308","5d6a40c065a26e001731509a",10,"Contact","Past","Blueberry","Imply",NA,"Focus"
"1309","5eefd6f33fe1d00dd32739d9",0,"Contact","Present","muffin","Before",NA,"NotFocus"
"1310","5eefd6f33fe1d00dd32739d9",100,"Contact","Present","muffin","After",NA,"NotFocus"
"1311","5eefd6f33fe1d00dd32739d9",100,"Contact","Present","muffin","Imply",NA,"NotFocus"
"1312","5eefd6f33fe1d00dd32739d9",0,"Contact","Past","Blueberry","Before",NA,"NotFocus"
"1313","5eefd6f33fe1d00dd32739d9",100,"Contact","Past","Blueberry","After",NA,"NotFocus"
"1314","5eefd6f33fe1d00dd32739d9",100,"Contact","Past","Blueberry","Imply",NA,"NotFocus"
"1315","5eefd6f33fe1d00dd32739d9",0,"Contact","Present","Blueberry","Before",NA,"Focus"
"1316","5eefd6f33fe1d00dd32739d9",100,"Contact","Present","Blueberry","After",NA,"Focus"
"1317","5eefd6f33fe1d00dd32739d9",100,"Contact","Present","Blueberry","Imply",NA,"Focus"
"1318","5eefd6f33fe1d00dd32739d9",0,"Contact","Past","muffin","Before",NA,"Focus"
"1319","5eefd6f33fe1d00dd32739d9",100,"Contact","Past","muffin","After",NA,"Focus"
"1320","5eefd6f33fe1d00dd32739d9",100,"Contact","Past","muffin","Imply",NA,"Focus"
"1321","605641bb59792eaba4b3abe5",0,"Contact","Present","tomato","Before",NA,"NotFocus"
"1322","605641bb59792eaba4b3abe5",7,"Contact","Present","tomato","After",NA,"NotFocus"
"1323","605641bb59792eaba4b3abe5",0,"Contact","Present","tomato","Imply",NA,"NotFocus"
"1324","605641bb59792eaba4b3abe5",0,"Contact","Past","tomato","Before",NA,"NotFocus"
"1325","605641bb59792eaba4b3abe5",47,"Contact","Past","tomato","After",NA,"NotFocus"
"1326","605641bb59792eaba4b3abe5",3,"Contact","Past","tomato","Imply",NA,"NotFocus"
"1327","605641bb59792eaba4b3abe5",0,"Contact","Present","tomato","Before",NA,"Focus"
"1328","605641bb59792eaba4b3abe5",50,"Contact","Present","tomato","After",NA,"Focus"
"1329","605641bb59792eaba4b3abe5",12,"Contact","Present","tomato","Imply",NA,"Focus"
"1330","605641bb59792eaba4b3abe5",4,"Contact","Past","tomato","Before",NA,"Focus"
"1331","605641bb59792eaba4b3abe5",26,"Contact","Past","tomato","After",NA,"Focus"
"1332","605641bb59792eaba4b3abe5",14,"Contact","Past","tomato","Imply",NA,"Focus"
"1333","60a2c7d2f13744a90856149c",0,"Contact","Present","Blueberry","Before",NA,"NotFocus"
"1334","60a2c7d2f13744a90856149c",100,"Contact","Present","Blueberry","After",NA,"NotFocus"
"1335","60a2c7d2f13744a90856149c",68,"Contact","Present","Blueberry","Imply",NA,"NotFocus"
"1336","60a2c7d2f13744a90856149c",0,"Contact","Past","tomato","Before",NA,"NotFocus"
"1337","60a2c7d2f13744a90856149c",100,"Contact","Past","tomato","After",NA,"NotFocus"
"1338","60a2c7d2f13744a90856149c",67,"Contact","Past","tomato","Imply",NA,"NotFocus"
"1339","60a2c7d2f13744a90856149c",0,"Contact","Present","tomato","Before",NA,"Focus"
"1340","60a2c7d2f13744a90856149c",67,"Contact","Present","tomato","After",NA,"Focus"
"1341","60a2c7d2f13744a90856149c",67,"Contact","Present","tomato","Imply",NA,"Focus"
"1342","60a2c7d2f13744a90856149c",0,"Contact","Past","tomato","Before",NA,"Focus"
"1343","60a2c7d2f13744a90856149c",71,"Contact","Past","tomato","After",NA,"Focus"
"1344","60a2c7d2f13744a90856149c",62,"Contact","Past","tomato","Imply",NA,"Focus"
"1345","613ceea33c37d70e87c5232e",0,"Contact","Present","tomato","Before",NA,"NotFocus"
"1346","613ceea33c37d70e87c5232e",58,"Contact","Present","tomato","After",NA,"NotFocus"
"1347","613ceea33c37d70e87c5232e",14,"Contact","Present","tomato","Imply",NA,"NotFocus"
"1348","613ceea33c37d70e87c5232e",0,"Contact","Past","Blueberry","Before",NA,"NotFocus"
"1349","613ceea33c37d70e87c5232e",100,"Contact","Past","Blueberry","After",NA,"NotFocus"
"1350","613ceea33c37d70e87c5232e",39,"Contact","Past","Blueberry","Imply",NA,"NotFocus"
"1351","613ceea33c37d70e87c5232e",6,"Contact","Present","muffin","Before",NA,"Focus"
"1352","613ceea33c37d70e87c5232e",63,"Contact","Present","muffin","After",NA,"Focus"
"1353","613ceea33c37d70e87c5232e",0,"Contact","Present","muffin","Imply",NA,"Focus"
"1354","613ceea33c37d70e87c5232e",0,"Contact","Past","muffin","Before",NA,"Focus"
"1355","613ceea33c37d70e87c5232e",54,"Contact","Past","muffin","After",NA,"Focus"
"1356","613ceea33c37d70e87c5232e",24,"Contact","Past","muffin","Imply",NA,"Focus"
"1357","608358e1207f8ace90267025",0,"Contact","Present","muffin","Before",NA,"NotFocus"
"1358","608358e1207f8ace90267025",67,"Contact","Present","muffin","After",NA,"NotFocus"
"1359","608358e1207f8ace90267025",13,"Contact","Present","muffin","Imply",NA,"NotFocus"
"1360","608358e1207f8ace90267025",0,"Contact","Past","muffin","Before",NA,"NotFocus"
"1361","608358e1207f8ace90267025",65,"Contact","Past","muffin","After",NA,"NotFocus"
"1362","608358e1207f8ace90267025",40,"Contact","Past","muffin","Imply",NA,"NotFocus"
"1363","608358e1207f8ace90267025",0,"Contact","Present","Blueberry","Before",NA,"Focus"
"1364","608358e1207f8ace90267025",60,"Contact","Present","Blueberry","After",NA,"Focus"
"1365","608358e1207f8ace90267025",21,"Contact","Present","Blueberry","Imply",NA,"Focus"
"1366","608358e1207f8ace90267025",0,"Contact","Past","Blueberry","Before",NA,"Focus"
"1367","608358e1207f8ace90267025",62,"Contact","Past","Blueberry","After",NA,"Focus"
"1368","608358e1207f8ace90267025",12,"Contact","Past","Blueberry","Imply",NA,"Focus"
"1369","566dedbd57f93300112d0ee2",0,"Contact","Present","tomato","Before",NA,"NotFocus"
"1370","566dedbd57f93300112d0ee2",61,"Contact","Present","tomato","After",NA,"NotFocus"
"1371","566dedbd57f93300112d0ee2",54,"Contact","Present","tomato","Imply",NA,"NotFocus"
"1372","566dedbd57f93300112d0ee2",0,"Contact","Past","muffin","Before",NA,"NotFocus"
"1373","566dedbd57f93300112d0ee2",62,"Contact","Past","muffin","After",NA,"NotFocus"
"1374","566dedbd57f93300112d0ee2",60,"Contact","Past","muffin","Imply",NA,"NotFocus"
"1375","566dedbd57f93300112d0ee2",0,"Contact","Present","muffin","Before",NA,"Focus"
"1376","566dedbd57f93300112d0ee2",48,"Contact","Present","muffin","After",NA,"Focus"
"1377","566dedbd57f93300112d0ee2",0,"Contact","Present","muffin","Imply",NA,"Focus"
"1378","566dedbd57f93300112d0ee2",0,"Contact","Past","tomato","Before",NA,"Focus"
"1379","566dedbd57f93300112d0ee2",75,"Contact","Past","tomato","After",NA,"Focus"
"1380","566dedbd57f93300112d0ee2",50,"Contact","Past","tomato","Imply",NA,"Focus"
"1381","5df6304773d724428a9cff45",0,"Contact","Present","Blueberry","Before",NA,"NotFocus"
"1382","5df6304773d724428a9cff45",2,"Contact","Present","Blueberry","After",NA,"NotFocus"
"1383","5df6304773d724428a9cff45",15,"Contact","Present","Blueberry","Imply",NA,"NotFocus"
"1384","5df6304773d724428a9cff45",0,"Contact","Past","Blueberry","Before",NA,"NotFocus"
"1385","5df6304773d724428a9cff45",22,"Contact","Past","Blueberry","After",NA,"NotFocus"
"1386","5df6304773d724428a9cff45",13,"Contact","Past","Blueberry","Imply",NA,"NotFocus"
"1387","5df6304773d724428a9cff45",0,"Contact","Present","tomato","Before",NA,"Focus"
"1388","5df6304773d724428a9cff45",43,"Contact","Present","tomato","After",NA,"Focus"
"1389","5df6304773d724428a9cff45",53,"Contact","Present","tomato","Imply",NA,"Focus"
"1390","5df6304773d724428a9cff45",0,"Contact","Past","Blueberry","Before",NA,"Focus"
"1391","5df6304773d724428a9cff45",10,"Contact","Past","Blueberry","After",NA,"Focus"
"1392","5df6304773d724428a9cff45",33,"Contact","Past","Blueberry","Imply",NA,"Focus"
"1393","5c5dc5125eceaa0001d49e27",0,"Contact","Present","muffin","Before",NA,"NotFocus"
"1394","5c5dc5125eceaa0001d49e27",21,"Contact","Present","muffin","After",NA,"NotFocus"
"1395","5c5dc5125eceaa0001d49e27",20,"Contact","Present","muffin","Imply",NA,"NotFocus"
"1396","5c5dc5125eceaa0001d49e27",0,"Contact","Past","tomato","Before",NA,"NotFocus"
"1397","5c5dc5125eceaa0001d49e27",71,"Contact","Past","tomato","After",NA,"NotFocus"
"1398","5c5dc5125eceaa0001d49e27",75,"Contact","Past","tomato","Imply",NA,"NotFocus"
"1399","5c5dc5125eceaa0001d49e27",0,"Contact","Present","Blueberry","Before",NA,"Focus"
"1400","5c5dc5125eceaa0001d49e27",25,"Contact","Present","Blueberry","After",NA,"Focus"
"1401","5c5dc5125eceaa0001d49e27",26,"Contact","Present","Blueberry","Imply",NA,"Focus"
"1402","5c5dc5125eceaa0001d49e27",0,"Contact","Past","muffin","Before",NA,"Focus"
"1403","5c5dc5125eceaa0001d49e27",60,"Contact","Past","muffin","After",NA,"Focus"
"1404","5c5dc5125eceaa0001d49e27",36,"Contact","Past","muffin","Imply",NA,"Focus"
"1405","61170774ac0279df55dd786e",0,"Contact","Present","Blueberry","Before",NA,"NotFocus"
"1406","61170774ac0279df55dd786e",100,"Contact","Present","Blueberry","After",NA,"NotFocus"
"1407","61170774ac0279df55dd786e",95,"Contact","Present","Blueberry","Imply",NA,"NotFocus"
"1408","61170774ac0279df55dd786e",0,"Contact","Past","muffin","Before",NA,"NotFocus"
"1409","61170774ac0279df55dd786e",80,"Contact","Past","muffin","After",NA,"NotFocus"
"1410","61170774ac0279df55dd786e",70,"Contact","Past","muffin","Imply",NA,"NotFocus"
"1411","61170774ac0279df55dd786e",0,"Contact","Present","Blueberry","Before",NA,"Focus"
"1412","61170774ac0279df55dd786e",95,"Contact","Present","Blueberry","After",NA,"Focus"
"1413","61170774ac0279df55dd786e",90,"Contact","Present","Blueberry","Imply",NA,"Focus"
"1414","61170774ac0279df55dd786e",0,"Contact","Past","muffin","Before",NA,"Focus"
"1415","61170774ac0279df55dd786e",90,"Contact","Past","muffin","After",NA,"Focus"
"1416","61170774ac0279df55dd786e",90,"Contact","Past","muffin","Imply",NA,"Focus"
"1417","5d65e493c9ec690019760664",5,"Contact","Present","muffin","Before",NA,"NotFocus"
"1418","5d65e493c9ec690019760664",20,"Contact","Present","muffin","After",NA,"NotFocus"
"1419","5d65e493c9ec690019760664",25,"Contact","Present","muffin","Imply",NA,"NotFocus"
"1420","5d65e493c9ec690019760664",0,"Contact","Past","tomato","Before",NA,"NotFocus"
"1421","5d65e493c9ec690019760664",70,"Contact","Past","tomato","After",NA,"NotFocus"
"1422","5d65e493c9ec690019760664",80,"Contact","Past","tomato","Imply",NA,"NotFocus"
"1423","5d65e493c9ec690019760664",8,"Contact","Present","muffin","Before",NA,"Focus"
"1424","5d65e493c9ec690019760664",25,"Contact","Present","muffin","After",NA,"Focus"
"1425","5d65e493c9ec690019760664",45,"Contact","Present","muffin","Imply",NA,"Focus"
"1426","5d65e493c9ec690019760664",0,"Contact","Past","tomato","Before",NA,"Focus"
"1427","5d65e493c9ec690019760664",8,"Contact","Past","tomato","After",NA,"Focus"
"1428","5d65e493c9ec690019760664",12,"Contact","Past","tomato","Imply",NA,"Focus"
"1429","5865dd647fbbcd00013973b8",0,"Contact","Present","tomato","Before",NA,"NotFocus"
"1430","5865dd647fbbcd00013973b8",90,"Contact","Present","tomato","After",NA,"NotFocus"
"1431","5865dd647fbbcd00013973b8",95,"Contact","Present","tomato","Imply",NA,"NotFocus"
"1432","5865dd647fbbcd00013973b8",0,"Contact","Past","Blueberry","Before",NA,"NotFocus"
"1433","5865dd647fbbcd00013973b8",86,"Contact","Past","Blueberry","After",NA,"NotFocus"
"1434","5865dd647fbbcd00013973b8",90,"Contact","Past","Blueberry","Imply",NA,"NotFocus"
"1435","5865dd647fbbcd00013973b8",0,"Contact","Present","Blueberry","Before",NA,"Focus"
"1436","5865dd647fbbcd00013973b8",50,"Contact","Present","Blueberry","After",NA,"Focus"
"1437","5865dd647fbbcd00013973b8",0,"Contact","Present","Blueberry","Imply",NA,"Focus"
"1438","5865dd647fbbcd00013973b8",0,"Contact","Past","Blueberry","Before",NA,"Focus"
"1439","5865dd647fbbcd00013973b8",10,"Contact","Past","Blueberry","After",NA,"Focus"
"1440","5865dd647fbbcd00013973b8",3,"Contact","Past","Blueberry","Imply",NA,"Focus"
"1441","5e3b5fa9255e7a37bc841135",10,"Contact","Present","muffin","Before",NA,"NotFocus"
"1442","5e3b5fa9255e7a37bc841135",61,"Contact","Present","muffin","After",NA,"NotFocus"
"1443","5e3b5fa9255e7a37bc841135",40,"Contact","Present","muffin","Imply",NA,"NotFocus"
"1444","5e3b5fa9255e7a37bc841135",9,"Contact","Past","muffin","Before",NA,"NotFocus"
"1445","5e3b5fa9255e7a37bc841135",61,"Contact","Past","muffin","After",NA,"NotFocus"
"1446","5e3b5fa9255e7a37bc841135",40,"Contact","Past","muffin","Imply",NA,"NotFocus"
"1447","5e3b5fa9255e7a37bc841135",20,"Contact","Present","tomato","Before",NA,"Focus"
"1448","5e3b5fa9255e7a37bc841135",90,"Contact","Present","tomato","After",NA,"Focus"
"1449","5e3b5fa9255e7a37bc841135",50,"Contact","Present","tomato","Imply",NA,"Focus"
"1450","5e3b5fa9255e7a37bc841135",19,"Contact","Past","tomato","Before",NA,"Focus"
"1451","5e3b5fa9255e7a37bc841135",67,"Contact","Past","tomato","After",NA,"Focus"
"1452","5e3b5fa9255e7a37bc841135",50,"Contact","Past","tomato","Imply",NA,"Focus"
"1453","60625ed75d51101099ea62df",0,"Contact","Present","tomato","Before",NA,"NotFocus"
"1454","60625ed75d51101099ea62df",35,"Contact","Present","tomato","After",NA,"NotFocus"
"1455","60625ed75d51101099ea62df",50,"Contact","Present","tomato","Imply",NA,"NotFocus"
"1456","60625ed75d51101099ea62df",0,"Contact","Past","Blueberry","Before",NA,"NotFocus"
"1457","60625ed75d51101099ea62df",65,"Contact","Past","Blueberry","After",NA,"NotFocus"
"1458","60625ed75d51101099ea62df",70,"Contact","Past","Blueberry","Imply",NA,"NotFocus"
"1459","60625ed75d51101099ea62df",0,"Contact","Present","tomato","Before",NA,"Focus"
"1460","60625ed75d51101099ea62df",40,"Contact","Present","tomato","After",NA,"Focus"
"1461","60625ed75d51101099ea62df",40,"Contact","Present","tomato","Imply",NA,"Focus"
"1462","60625ed75d51101099ea62df",0,"Contact","Past","muffin","Before",NA,"Focus"
"1463","60625ed75d51101099ea62df",30,"Contact","Past","muffin","After",NA,"Focus"
"1464","60625ed75d51101099ea62df",35,"Contact","Past","muffin","Imply",NA,"Focus"
"1465","615484378ed6e9e648ce3ff9",0,"Contact","Present","Blueberry","Before",NA,"NotFocus"
"1466","615484378ed6e9e648ce3ff9",70,"Contact","Present","Blueberry","After",NA,"NotFocus"
"1467","615484378ed6e9e648ce3ff9",75,"Contact","Present","Blueberry","Imply",NA,"NotFocus"
"1468","615484378ed6e9e648ce3ff9",0,"Contact","Past","tomato","Before",NA,"NotFocus"
"1469","615484378ed6e9e648ce3ff9",100,"Contact","Past","tomato","After",NA,"NotFocus"
"1470","615484378ed6e9e648ce3ff9",90,"Contact","Past","tomato","Imply",NA,"NotFocus"
"1471","615484378ed6e9e648ce3ff9",0,"Contact","Present","muffin","Before",NA,"Focus"
"1472","615484378ed6e9e648ce3ff9",70,"Contact","Present","muffin","After",NA,"Focus"
"1473","615484378ed6e9e648ce3ff9",80,"Contact","Present","muffin","Imply",NA,"Focus"
"1474","615484378ed6e9e648ce3ff9",0,"Contact","Past","Blueberry","Before",NA,"Focus"
"1475","615484378ed6e9e648ce3ff9",80,"Contact","Past","Blueberry","After",NA,"Focus"
"1476","615484378ed6e9e648ce3ff9",80,"Contact","Past","Blueberry","Imply",NA,"Focus"
"1477","6148bfc30aaff83ef4e878b1",0,"Contact","Present","muffin","Before",NA,"NotFocus"
"1478","6148bfc30aaff83ef4e878b1",60,"Contact","Present","muffin","After",NA,"NotFocus"
"1479","6148bfc30aaff83ef4e878b1",0,"Contact","Present","muffin","Imply",NA,"NotFocus"
"1480","6148bfc30aaff83ef4e878b1",0,"Contact","Past","muffin","Before",NA,"NotFocus"
"1481","6148bfc30aaff83ef4e878b1",55,"Contact","Past","muffin","After",NA,"NotFocus"
"1482","6148bfc30aaff83ef4e878b1",0,"Contact","Past","muffin","Imply",NA,"NotFocus"
"1483","6148bfc30aaff83ef4e878b1",0,"Contact","Present","muffin","Before",NA,"Focus"
"1484","6148bfc30aaff83ef4e878b1",55,"Contact","Present","muffin","After",NA,"Focus"
"1485","6148bfc30aaff83ef4e878b1",0,"Contact","Present","muffin","Imply",NA,"Focus"
"1486","6148bfc30aaff83ef4e878b1",0,"Contact","Past","Blueberry","Before",NA,"Focus"
"1487","6148bfc30aaff83ef4e878b1",70,"Contact","Past","Blueberry","After",NA,"Focus"
"1488","6148bfc30aaff83ef4e878b1",0,"Contact","Past","Blueberry","Imply",NA,"Focus"
"1489","5e9317f16914d115371902bd",0,"Contact","Present","Blueberry","Before",NA,"NotFocus"
"1490","5e9317f16914d115371902bd",100,"Contact","Present","Blueberry","After",NA,"NotFocus"
"1491","5e9317f16914d115371902bd",85,"Contact","Present","Blueberry","Imply",NA,"NotFocus"
"1492","5e9317f16914d115371902bd",0,"Contact","Past","tomato","Before",NA,"NotFocus"
"1493","5e9317f16914d115371902bd",80,"Contact","Past","tomato","After",NA,"NotFocus"
"1494","5e9317f16914d115371902bd",80,"Contact","Past","tomato","Imply",NA,"NotFocus"
"1495","5e9317f16914d115371902bd",0,"Contact","Present","tomato","Before",NA,"Focus"
"1496","5e9317f16914d115371902bd",70,"Contact","Present","tomato","After",NA,"Focus"
"1497","5e9317f16914d115371902bd",70,"Contact","Present","tomato","Imply",NA,"Focus"
"1498","5e9317f16914d115371902bd",0,"Contact","Past","tomato","Before",NA,"Focus"
"1499","5e9317f16914d115371902bd",70,"Contact","Past","tomato","After",NA,"Focus"
"1500","5e9317f16914d115371902bd",70,"Contact","Past","tomato","Imply",NA,"Focus"
"1501","5ff81ab8d6f3fa546efbad4e",0,"Contact","Present","tomato","Before",NA,"NotFocus"
"1502","5ff81ab8d6f3fa546efbad4e",95,"Contact","Present","tomato","After",NA,"NotFocus"
"1503","5ff81ab8d6f3fa546efbad4e",55,"Contact","Present","tomato","Imply",NA,"NotFocus"
"1504","5ff81ab8d6f3fa546efbad4e",0,"Contact","Past","Blueberry","Before",NA,"NotFocus"
"1505","5ff81ab8d6f3fa546efbad4e",65,"Contact","Past","Blueberry","After",NA,"NotFocus"
"1506","5ff81ab8d6f3fa546efbad4e",40,"Contact","Past","Blueberry","Imply",NA,"NotFocus"
"1507","5ff81ab8d6f3fa546efbad4e",25,"Contact","Present","Blueberry","Before",NA,"Focus"
"1508","5ff81ab8d6f3fa546efbad4e",90,"Contact","Present","Blueberry","After",NA,"Focus"
"1509","5ff81ab8d6f3fa546efbad4e",70,"Contact","Present","Blueberry","Imply",NA,"Focus"
"1510","5ff81ab8d6f3fa546efbad4e",20,"Contact","Past","muffin","Before",NA,"Focus"
"1511","5ff81ab8d6f3fa546efbad4e",85,"Contact","Past","muffin","After",NA,"Focus"
"1512","5ff81ab8d6f3fa546efbad4e",50,"Contact","Past","muffin","Imply",NA,"Focus"
"1513","5cb71fcd98a1f100011c56fb",0,"Contact","Present","Blueberry","Before",NA,"NotFocus"
"1514","5cb71fcd98a1f100011c56fb",91,"Contact","Present","Blueberry","After",NA,"NotFocus"
"1515","5cb71fcd98a1f100011c56fb",81,"Contact","Present","Blueberry","Imply",NA,"NotFocus"
"1516","5cb71fcd98a1f100011c56fb",0,"Contact","Past","Blueberry","Before",NA,"NotFocus"
"1517","5cb71fcd98a1f100011c56fb",92,"Contact","Past","Blueberry","After",NA,"NotFocus"
"1518","5cb71fcd98a1f100011c56fb",70,"Contact","Past","Blueberry","Imply",NA,"NotFocus"
"1519","5cb71fcd98a1f100011c56fb",8,"Contact","Present","tomato","Before",NA,"Focus"
"1520","5cb71fcd98a1f100011c56fb",60,"Contact","Present","tomato","After",NA,"Focus"
"1521","5cb71fcd98a1f100011c56fb",40,"Contact","Present","tomato","Imply",NA,"Focus"
"1522","5cb71fcd98a1f100011c56fb",0,"Contact","Past","Blueberry","Before",NA,"Focus"
"1523","5cb71fcd98a1f100011c56fb",40,"Contact","Past","Blueberry","After",NA,"Focus"
"1524","5cb71fcd98a1f100011c56fb",40,"Contact","Past","Blueberry","Imply",NA,"Focus"
"1525","60338f35010951035cca4a91",0,"Contact","Present","muffin","Before",NA,"NotFocus"
"1526","60338f35010951035cca4a91",89,"Contact","Present","muffin","After",NA,"NotFocus"
"1527","60338f35010951035cca4a91",61,"Contact","Present","muffin","Imply",NA,"NotFocus"
"1528","60338f35010951035cca4a91",0,"Contact","Past","tomato","Before",NA,"NotFocus"
"1529","60338f35010951035cca4a91",100,"Contact","Past","tomato","After",NA,"NotFocus"
"1530","60338f35010951035cca4a91",80,"Contact","Past","tomato","Imply",NA,"NotFocus"
"1531","60338f35010951035cca4a91",0,"Contact","Present","muffin","Before",NA,"Focus"
"1532","60338f35010951035cca4a91",54,"Contact","Present","muffin","After",NA,"Focus"
"1533","60338f35010951035cca4a91",52,"Contact","Present","muffin","Imply",NA,"Focus"
"1534","60338f35010951035cca4a91",0,"Contact","Past","muffin","Before",NA,"Focus"
"1535","60338f35010951035cca4a91",60,"Contact","Past","muffin","After",NA,"Focus"
"1536","60338f35010951035cca4a91",50,"Contact","Past","muffin","Imply",NA,"Focus"
"1537","6159e5f964d5b78cedb9c192",17,"Contact","Present","tomato","Before",NA,"NotFocus"
"1538","6159e5f964d5b78cedb9c192",69,"Contact","Present","tomato","After",NA,"NotFocus"
"1539","6159e5f964d5b78cedb9c192",38,"Contact","Present","tomato","Imply",NA,"NotFocus"
"1540","6159e5f964d5b78cedb9c192",14,"Contact","Past","muffin","Before",NA,"NotFocus"
"1541","6159e5f964d5b78cedb9c192",80,"Contact","Past","muffin","After",NA,"NotFocus"
"1542","6159e5f964d5b78cedb9c192",52,"Contact","Past","muffin","Imply",NA,"NotFocus"
"1543","6159e5f964d5b78cedb9c192",8,"Contact","Present","Blueberry","Before",NA,"Focus"
"1544","6159e5f964d5b78cedb9c192",73,"Contact","Present","Blueberry","After",NA,"Focus"
"1545","6159e5f964d5b78cedb9c192",16,"Contact","Present","Blueberry","Imply",NA,"Focus"
"1546","6159e5f964d5b78cedb9c192",72,"Contact","Past","tomato","Before",NA,"Focus"
"1547","6159e5f964d5b78cedb9c192",71,"Contact","Past","tomato","After",NA,"Focus"
"1548","6159e5f964d5b78cedb9c192",12,"Contact","Past","tomato","Imply",NA,"Focus"
"1549","5e89e89bf025be000c01eead",3,"Contact","Present","tomato","Before",NA,"NotFocus"
"1550","5e89e89bf025be000c01eead",91,"Contact","Present","tomato","After",NA,"NotFocus"
"1551","5e89e89bf025be000c01eead",30,"Contact","Present","tomato","Imply",NA,"NotFocus"
"1552","5e89e89bf025be000c01eead",2,"Contact","Past","muffin","Before",NA,"NotFocus"
"1553","5e89e89bf025be000c01eead",86,"Contact","Past","muffin","After",NA,"NotFocus"
"1554","5e89e89bf025be000c01eead",46,"Contact","Past","muffin","Imply",NA,"NotFocus"
"1555","5e89e89bf025be000c01eead",15,"Contact","Present","tomato","Before",NA,"Focus"
"1556","5e89e89bf025be000c01eead",98,"Contact","Present","tomato","After",NA,"Focus"
"1557","5e89e89bf025be000c01eead",42,"Contact","Present","tomato","Imply",NA,"Focus"
"1558","5e89e89bf025be000c01eead",0,"Contact","Past","muffin","Before",NA,"Focus"
"1559","5e89e89bf025be000c01eead",80,"Contact","Past","muffin","After",NA,"Focus"
"1560","5e89e89bf025be000c01eead",42,"Contact","Past","muffin","Imply",NA,"Focus"
"1561","5a8adbd3f1408d000176a8d5",0,"Contact","Present","muffin","Before",NA,"NotFocus"
"1562","5a8adbd3f1408d000176a8d5",47,"Contact","Present","muffin","After",NA,"NotFocus"
"1563","5a8adbd3f1408d000176a8d5",20,"Contact","Present","muffin","Imply",NA,"NotFocus"
"1564","5a8adbd3f1408d000176a8d5",0,"Contact","Past","Blueberry","Before",NA,"NotFocus"
"1565","5a8adbd3f1408d000176a8d5",61,"Contact","Past","Blueberry","After",NA,"NotFocus"
"1566","5a8adbd3f1408d000176a8d5",58,"Contact","Past","Blueberry","Imply",NA,"NotFocus"
"1567","5a8adbd3f1408d000176a8d5",0,"Contact","Present","Blueberry","Before",NA,"Focus"
"1568","5a8adbd3f1408d000176a8d5",41,"Contact","Present","Blueberry","After",NA,"Focus"
"1569","5a8adbd3f1408d000176a8d5",42,"Contact","Present","Blueberry","Imply",NA,"Focus"
"1570","5a8adbd3f1408d000176a8d5",0,"Contact","Past","Blueberry","Before",NA,"Focus"
"1571","5a8adbd3f1408d000176a8d5",54,"Contact","Past","Blueberry","After",NA,"Focus"
"1572","5a8adbd3f1408d000176a8d5",57,"Contact","Past","Blueberry","Imply",NA,"Focus"
"1573","5d3b0da8a884020001881773",0,"Contact","Present","Blueberry","Before",NA,"NotFocus"
"1574","5d3b0da8a884020001881773",70,"Contact","Present","Blueberry","After",NA,"NotFocus"
"1575","5d3b0da8a884020001881773",50,"Contact","Present","Blueberry","Imply",NA,"NotFocus"
"1576","5d3b0da8a884020001881773",0,"Contact","Past","tomato","Before",NA,"NotFocus"
"1577","5d3b0da8a884020001881773",50,"Contact","Past","tomato","After",NA,"NotFocus"
"1578","5d3b0da8a884020001881773",30,"Contact","Past","tomato","Imply",NA,"NotFocus"
"1579","5d3b0da8a884020001881773",0,"Contact","Present","muffin","Before",NA,"Focus"
"1580","5d3b0da8a884020001881773",40,"Contact","Present","muffin","After",NA,"Focus"
"1581","5d3b0da8a884020001881773",30,"Contact","Present","muffin","Imply",NA,"Focus"
"1582","5d3b0da8a884020001881773",0,"Contact","Past","tomato","Before",NA,"Focus"
"1583","5d3b0da8a884020001881773",50,"Contact","Past","tomato","After",NA,"Focus"
"1584","5d3b0da8a884020001881773",40,"Contact","Past","tomato","Imply",NA,"Focus"
"1585","58da74c7f94de20001fbd4af",0,"Contact","Present","muffin","Before",NA,"NotFocus"
"1586","58da74c7f94de20001fbd4af",76,"Contact","Present","muffin","After",NA,"NotFocus"
"1587","58da74c7f94de20001fbd4af",58,"Contact","Present","muffin","Imply",NA,"NotFocus"
"1588","58da74c7f94de20001fbd4af",0,"Contact","Past","muffin","Before",NA,"NotFocus"
"1589","58da74c7f94de20001fbd4af",59,"Contact","Past","muffin","After",NA,"NotFocus"
"1590","58da74c7f94de20001fbd4af",30,"Contact","Past","muffin","Imply",NA,"NotFocus"
"1591","58da74c7f94de20001fbd4af",0,"Contact","Present","Blueberry","Before",NA,"Focus"
"1592","58da74c7f94de20001fbd4af",44,"Contact","Present","Blueberry","After",NA,"Focus"
"1593","58da74c7f94de20001fbd4af",45,"Contact","Present","Blueberry","Imply",NA,"Focus"
"1594","58da74c7f94de20001fbd4af",0,"Contact","Past","muffin","Before",NA,"Focus"
"1595","58da74c7f94de20001fbd4af",58,"Contact","Past","muffin","After",NA,"Focus"
"1596","58da74c7f94de20001fbd4af",21,"Contact","Past","muffin","Imply",NA,"Focus"
"1597","608c11f91f51a4297ce3b213",0,"Contact","Present","Blueberry","Before",NA,"NotFocus"
"1598","608c11f91f51a4297ce3b213",2,"Contact","Present","Blueberry","After",NA,"NotFocus"
"1599","608c11f91f51a4297ce3b213",3,"Contact","Present","Blueberry","Imply",NA,"NotFocus"
"1600","608c11f91f51a4297ce3b213",0,"Contact","Past","tomato","Before",NA,"NotFocus"
"1601","608c11f91f51a4297ce3b213",5,"Contact","Past","tomato","After",NA,"NotFocus"
"1602","608c11f91f51a4297ce3b213",12,"Contact","Past","tomato","Imply",NA,"NotFocus"
"1603","608c11f91f51a4297ce3b213",0,"Contact","Present","muffin","Before",NA,"Focus"
"1604","608c11f91f51a4297ce3b213",5,"Contact","Present","muffin","After",NA,"Focus"
"1605","608c11f91f51a4297ce3b213",3,"Contact","Present","muffin","Imply",NA,"Focus"
"1606","608c11f91f51a4297ce3b213",0,"Contact","Past","Blueberry","Before",NA,"Focus"
"1607","608c11f91f51a4297ce3b213",0,"Contact","Past","Blueberry","After",NA,"Focus"
"1608","608c11f91f51a4297ce3b213",0,"Contact","Past","Blueberry","Imply",NA,"Focus"
"1609","600a9ab59e9b701db49fbec1",0,"Contact","Present","tomato","Before",NA,"NotFocus"
"1610","600a9ab59e9b701db49fbec1",56,"Contact","Present","tomato","After",NA,"NotFocus"
"1611","600a9ab59e9b701db49fbec1",70,"Contact","Present","tomato","Imply",NA,"NotFocus"
"1612","600a9ab59e9b701db49fbec1",0,"Contact","Past","Blueberry","Before",NA,"NotFocus"
"1613","600a9ab59e9b701db49fbec1",100,"Contact","Past","Blueberry","After",NA,"NotFocus"
"1614","600a9ab59e9b701db49fbec1",100,"Contact","Past","Blueberry","Imply",NA,"NotFocus"
"1615","600a9ab59e9b701db49fbec1",0,"Contact","Present","tomato","Before",NA,"Focus"
"1616","600a9ab59e9b701db49fbec1",71,"Contact","Present","tomato","After",NA,"Focus"
"1617","600a9ab59e9b701db49fbec1",53,"Contact","Present","tomato","Imply",NA,"Focus"
"1618","600a9ab59e9b701db49fbec1",0,"Contact","Past","tomato","Before",NA,"Focus"
"1619","600a9ab59e9b701db49fbec1",50,"Contact","Past","tomato","After",NA,"Focus"
"1620","600a9ab59e9b701db49fbec1",23,"Contact","Past","tomato","Imply",NA,"Focus"
"1621","5e5ba8c45cd2ad38c93ca999",0,"Contact","Present","Blueberry","Before",NA,"NotFocus"
"1622","5e5ba8c45cd2ad38c93ca999",81,"Contact","Present","Blueberry","After",NA,"NotFocus"
"1623","5e5ba8c45cd2ad38c93ca999",95,"Contact","Present","Blueberry","Imply",NA,"NotFocus"
"1624","5e5ba8c45cd2ad38c93ca999",0,"Contact","Past","muffin","Before",NA,"NotFocus"
"1625","5e5ba8c45cd2ad38c93ca999",90,"Contact","Past","muffin","After",NA,"NotFocus"
"1626","5e5ba8c45cd2ad38c93ca999",86,"Contact","Past","muffin","Imply",NA,"NotFocus"
"1627","5e5ba8c45cd2ad38c93ca999",0,"Contact","Present","muffin","Before",NA,"Focus"
"1628","5e5ba8c45cd2ad38c93ca999",70,"Contact","Present","muffin","After",NA,"Focus"
"1629","5e5ba8c45cd2ad38c93ca999",60,"Contact","Present","muffin","Imply",NA,"Focus"
"1630","5e5ba8c45cd2ad38c93ca999",0,"Contact","Past","tomato","Before",NA,"Focus"
"1631","5e5ba8c45cd2ad38c93ca999",70,"Contact","Past","tomato","After",NA,"Focus"
"1632","5e5ba8c45cd2ad38c93ca999",60,"Contact","Past","tomato","Imply",NA,"Focus"
"1633","5f3714657b2a7d18f42f7316",0,"Contact","Present","tomato","Before",NA,"NotFocus"
"1634","5f3714657b2a7d18f42f7316",86,"Contact","Present","tomato","After",NA,"NotFocus"
"1635","5f3714657b2a7d18f42f7316",64,"Contact","Present","tomato","Imply",NA,"NotFocus"
"1636","5f3714657b2a7d18f42f7316",0,"Contact","Past","Blueberry","Before",NA,"NotFocus"
"1637","5f3714657b2a7d18f42f7316",100,"Contact","Past","Blueberry","After",NA,"NotFocus"
"1638","5f3714657b2a7d18f42f7316",100,"Contact","Past","Blueberry","Imply",NA,"NotFocus"
"1639","5f3714657b2a7d18f42f7316",0,"Contact","Present","tomato","Before",NA,"Focus"
"1640","5f3714657b2a7d18f42f7316",91,"Contact","Present","tomato","After",NA,"Focus"
"1641","5f3714657b2a7d18f42f7316",100,"Contact","Present","tomato","Imply",NA,"Focus"
"1642","5f3714657b2a7d18f42f7316",0,"Contact","Past","muffin","Before",NA,"Focus"
"1643","5f3714657b2a7d18f42f7316",93,"Contact","Past","muffin","After",NA,"Focus"
"1644","5f3714657b2a7d18f42f7316",100,"Contact","Past","muffin","Imply",NA,"Focus"
"1645","609a54b96c38edbbf5e48251",0,"Contact","Present","muffin","Before",NA,"NotFocus"
"1646","609a54b96c38edbbf5e48251",75,"Contact","Present","muffin","After",NA,"NotFocus"
"1647","609a54b96c38edbbf5e48251",30,"Contact","Present","muffin","Imply",NA,"NotFocus"
"1648","609a54b96c38edbbf5e48251",0,"Contact","Past","tomato","Before",NA,"NotFocus"
"1649","609a54b96c38edbbf5e48251",80,"Contact","Past","tomato","After",NA,"NotFocus"
"1650","609a54b96c38edbbf5e48251",0,"Contact","Past","tomato","Imply",NA,"NotFocus"
"1651","609a54b96c38edbbf5e48251",0,"Contact","Present","Blueberry","Before",NA,"Focus"
"1652","609a54b96c38edbbf5e48251",0,"Contact","Present","Blueberry","After",NA,"Focus"
"1653","609a54b96c38edbbf5e48251",0,"Contact","Present","Blueberry","Imply",NA,"Focus"
"1654","609a54b96c38edbbf5e48251",0,"Contact","Past","Blueberry","Before",NA,"Focus"
"1655","609a54b96c38edbbf5e48251",0,"Contact","Past","Blueberry","After",NA,"Focus"
"1656","609a54b96c38edbbf5e48251",0,"Contact","Past","Blueberry","Imply",NA,"Focus"
"1657","5fdc9a58c0e40a22b2592664",0,"Contact","Present","muffin","Before",NA,"NotFocus"
"1658","5fdc9a58c0e40a22b2592664",84,"Contact","Present","muffin","After",NA,"NotFocus"
"1659","5fdc9a58c0e40a22b2592664",71,"Contact","Present","muffin","Imply",NA,"NotFocus"
"1660","5fdc9a58c0e40a22b2592664",0,"Contact","Past","muffin","Before",NA,"NotFocus"
"1661","5fdc9a58c0e40a22b2592664",61,"Contact","Past","muffin","After",NA,"NotFocus"
"1662","5fdc9a58c0e40a22b2592664",50,"Contact","Past","muffin","Imply",NA,"NotFocus"
"1663","5fdc9a58c0e40a22b2592664",0,"Contact","Present","Blueberry","Before",NA,"Focus"
"1664","5fdc9a58c0e40a22b2592664",0,"Contact","Present","Blueberry","After",NA,"Focus"
"1665","5fdc9a58c0e40a22b2592664",10,"Contact","Present","Blueberry","Imply",NA,"Focus"
"1666","5fdc9a58c0e40a22b2592664",0,"Contact","Past","tomato","Before",NA,"Focus"
"1667","5fdc9a58c0e40a22b2592664",12,"Contact","Past","tomato","After",NA,"Focus"
"1668","5fdc9a58c0e40a22b2592664",8,"Contact","Past","tomato","Imply",NA,"Focus"
"1669","616411663192409b311ae909",0,"Contact","Present","Blueberry","Before",NA,"NotFocus"
"1670","616411663192409b311ae909",70,"Contact","Present","Blueberry","After",NA,"NotFocus"
"1671","616411663192409b311ae909",90,"Contact","Present","Blueberry","Imply",NA,"NotFocus"
"1672","616411663192409b311ae909",0,"Contact","Past","Blueberry","Before",NA,"NotFocus"
"1673","616411663192409b311ae909",80,"Contact","Past","Blueberry","After",NA,"NotFocus"
"1674","616411663192409b311ae909",60,"Contact","Past","Blueberry","Imply",NA,"NotFocus"
"1675","616411663192409b311ae909",0,"Contact","Present","tomato","Before",NA,"Focus"
"1676","616411663192409b311ae909",70,"Contact","Present","tomato","After",NA,"Focus"
"1677","616411663192409b311ae909",70,"Contact","Present","tomato","Imply",NA,"Focus"
"1678","616411663192409b311ae909",0,"Contact","Past","Blueberry","Before",NA,"Focus"
"1679","616411663192409b311ae909",59,"Contact","Past","Blueberry","After",NA,"Focus"
"1680","616411663192409b311ae909",25,"Contact","Past","Blueberry","Imply",NA,"Focus"
"1681","5db9877aee6f57000b1487c5",3,"Contact","Present","tomato","Before",NA,"NotFocus"
"1682","5db9877aee6f57000b1487c5",40,"Contact","Present","tomato","After",NA,"NotFocus"
"1683","5db9877aee6f57000b1487c5",9,"Contact","Present","tomato","Imply",NA,"NotFocus"
"1684","5db9877aee6f57000b1487c5",0,"Contact","Past","tomato","Before",NA,"NotFocus"
"1685","5db9877aee6f57000b1487c5",29,"Contact","Past","tomato","After",NA,"NotFocus"
"1686","5db9877aee6f57000b1487c5",10,"Contact","Past","tomato","Imply",NA,"NotFocus"
"1687","5db9877aee6f57000b1487c5",2,"Contact","Present","muffin","Before",NA,"Focus"
"1688","5db9877aee6f57000b1487c5",61,"Contact","Present","muffin","After",NA,"Focus"
"1689","5db9877aee6f57000b1487c5",20,"Contact","Present","muffin","Imply",NA,"Focus"
"1690","5db9877aee6f57000b1487c5",3,"Contact","Past","muffin","Before",NA,"Focus"
"1691","5db9877aee6f57000b1487c5",64,"Contact","Past","muffin","After",NA,"Focus"
"1692","5db9877aee6f57000b1487c5",8,"Contact","Past","muffin","Imply",NA,"Focus"
"1693","5b28c29b2bc7780001c23000",5,"Contact","Present","Blueberry","Before",NA,"NotFocus"
"1694","5b28c29b2bc7780001c23000",100,"Contact","Present","Blueberry","After",NA,"NotFocus"
"1695","5b28c29b2bc7780001c23000",92,"Contact","Present","Blueberry","Imply",NA,"NotFocus"
"1696","5b28c29b2bc7780001c23000",10,"Contact","Past","muffin","Before",NA,"NotFocus"
"1697","5b28c29b2bc7780001c23000",82,"Contact","Past","muffin","After",NA,"NotFocus"
"1698","5b28c29b2bc7780001c23000",82,"Contact","Past","muffin","Imply",NA,"NotFocus"
"1699","5b28c29b2bc7780001c23000",15,"Contact","Present","muffin","Before",NA,"Focus"
"1700","5b28c29b2bc7780001c23000",60,"Contact","Present","muffin","After",NA,"Focus"
"1701","5b28c29b2bc7780001c23000",50,"Contact","Present","muffin","Imply",NA,"Focus"
"1702","5b28c29b2bc7780001c23000",19,"Contact","Past","muffin","Before",NA,"Focus"
"1703","5b28c29b2bc7780001c23000",75,"Contact","Past","muffin","After",NA,"Focus"
"1704","5b28c29b2bc7780001c23000",29,"Contact","Past","muffin","Imply",NA,"Focus"
"1705","5dfb75507caa1e89ad5df828",5,"Contact","Present","muffin","Before",NA,"NotFocus"
"1706","5dfb75507caa1e89ad5df828",60,"Contact","Present","muffin","After",NA,"NotFocus"
"1707","5dfb75507caa1e89ad5df828",5,"Contact","Present","muffin","Imply",NA,"NotFocus"
"1708","5dfb75507caa1e89ad5df828",4,"Contact","Past","muffin","Before",NA,"NotFocus"
"1709","5dfb75507caa1e89ad5df828",80,"Contact","Past","muffin","After",NA,"NotFocus"
"1710","5dfb75507caa1e89ad5df828",7,"Contact","Past","muffin","Imply",NA,"NotFocus"
"1711","5dfb75507caa1e89ad5df828",5,"Contact","Present","tomato","Before",NA,"Focus"
"1712","5dfb75507caa1e89ad5df828",82,"Contact","Present","tomato","After",NA,"Focus"
"1713","5dfb75507caa1e89ad5df828",5,"Contact","Present","tomato","Imply",NA,"Focus"
"1714","5dfb75507caa1e89ad5df828",3,"Contact","Past","tomato","Before",NA,"Focus"
"1715","5dfb75507caa1e89ad5df828",50,"Contact","Past","tomato","After",NA,"Focus"
"1716","5dfb75507caa1e89ad5df828",6,"Contact","Past","tomato","Imply",NA,"Focus"
"1717","5968b8040e679d0001fabd89",0,"Contact","Present","muffin","Before",NA,"NotFocus"
"1718","5968b8040e679d0001fabd89",40,"Contact","Present","muffin","After",NA,"NotFocus"
"1719","5968b8040e679d0001fabd89",10,"Contact","Present","muffin","Imply",NA,"NotFocus"
"1720","5968b8040e679d0001fabd89",0,"Contact","Past","Blueberry","Before",NA,"NotFocus"
"1721","5968b8040e679d0001fabd89",60,"Contact","Past","Blueberry","After",NA,"NotFocus"
"1722","5968b8040e679d0001fabd89",10,"Contact","Past","Blueberry","Imply",NA,"NotFocus"
"1723","5968b8040e679d0001fabd89",0,"Contact","Present","Blueberry","Before",NA,"Focus"
"1724","5968b8040e679d0001fabd89",40,"Contact","Present","Blueberry","After",NA,"Focus"
"1725","5968b8040e679d0001fabd89",20,"Contact","Present","Blueberry","Imply",NA,"Focus"
"1726","5968b8040e679d0001fabd89",0,"Contact","Past","Blueberry","Before",NA,"Focus"
"1727","5968b8040e679d0001fabd89",45,"Contact","Past","Blueberry","After",NA,"Focus"
"1728","5968b8040e679d0001fabd89",40,"Contact","Past","Blueberry","Imply",NA,"Focus"
"1729","5c7c3909042bf900012ab4d1",0,"Contact","Present","Blueberry","Before",NA,"NotFocus"
"1730","5c7c3909042bf900012ab4d1",100,"Contact","Present","Blueberry","After",NA,"NotFocus"
"1731","5c7c3909042bf900012ab4d1",77,"Contact","Present","Blueberry","Imply",NA,"NotFocus"
"1732","5c7c3909042bf900012ab4d1",1,"Contact","Past","tomato","Before",NA,"NotFocus"
"1733","5c7c3909042bf900012ab4d1",89,"Contact","Past","tomato","After",NA,"NotFocus"
"1734","5c7c3909042bf900012ab4d1",78,"Contact","Past","tomato","Imply",NA,"NotFocus"
"1735","5c7c3909042bf900012ab4d1",0,"Contact","Present","Blueberry","Before",NA,"Focus"
"1736","5c7c3909042bf900012ab4d1",0,"Contact","Present","Blueberry","After",NA,"Focus"
"1737","5c7c3909042bf900012ab4d1",21,"Contact","Present","Blueberry","Imply",NA,"Focus"
"1738","5c7c3909042bf900012ab4d1",4,"Contact","Past","tomato","Before",NA,"Focus"
"1739","5c7c3909042bf900012ab4d1",9,"Contact","Past","tomato","After",NA,"Focus"
"1740","5c7c3909042bf900012ab4d1",21,"Contact","Past","tomato","Imply",NA,"Focus"
"1741","5ce2a924feca320001f93ee7",0,"Contact","Present","tomato","Before",NA,"NotFocus"
"1742","5ce2a924feca320001f93ee7",50,"Contact","Present","tomato","After",NA,"NotFocus"
"1743","5ce2a924feca320001f93ee7",60,"Contact","Present","tomato","Imply",NA,"NotFocus"
"1744","5ce2a924feca320001f93ee7",0,"Contact","Past","Blueberry","Before",NA,"NotFocus"
"1745","5ce2a924feca320001f93ee7",20,"Contact","Past","Blueberry","After",NA,"NotFocus"
"1746","5ce2a924feca320001f93ee7",20,"Contact","Past","Blueberry","Imply",NA,"NotFocus"
"1747","5ce2a924feca320001f93ee7",0,"Contact","Present","muffin","Before",NA,"Focus"
"1748","5ce2a924feca320001f93ee7",50,"Contact","Present","muffin","After",NA,"Focus"
"1749","5ce2a924feca320001f93ee7",50,"Contact","Present","muffin","Imply",NA,"Focus"
"1750","5ce2a924feca320001f93ee7",0,"Contact","Past","Blueberry","Before",NA,"Focus"
"1751","5ce2a924feca320001f93ee7",20,"Contact","Past","Blueberry","After",NA,"Focus"
"1752","5ce2a924feca320001f93ee7",0,"Contact","Past","Blueberry","Imply",NA,"Focus"
