"","id","verb","tense","target_object","question","focus","Score"
"1","66d1d4ade30b7df1bf70728f","Drop","Present","Blueberry","Before","NA",49
"2","66d1d4ade30b7df1bf70728f","Drop","Present","Blueberry","After","NA",50
"3","66d1d4ade30b7df1bf70728f","Drop","Present","Blueberry","Imply","NA",50
"4","66d1d4ade30b7df1bf70728f","Drop","Past","muffin","Before","NA",49
"5","66d1d4ade30b7df1bf70728f","Drop","Past","muffin","After","NA",50
"6","66d1d4ade30b7df1bf70728f","Drop","Past","muffin","Imply","NA",50
"7","66d1d4ade30b7df1bf70728f","Contact","Present","muffin","Before","NotFocus",50
"8","66d1d4ade30b7df1bf70728f","Contact","Present","muffin","After","NotFocus",50
"9","66d1d4ade30b7df1bf70728f","Contact","Present","muffin","Imply","NotFocus",50
"10","66d1d4ade30b7df1bf70728f","Contact","Past","tomato","Before","NotFocus",50
"11","66d1d4ade30b7df1bf70728f","Contact","Past","tomato","After","NotFocus",50
"12","66d1d4ade30b7df1bf70728f","Contact","Past","tomato","Imply","NotFocus",50
"13","66d1d4ade30b7df1bf70728f","Contact","Present","tomato","Before","Focus",50
"14","66d1d4ade30b7df1bf70728f","Contact","Present","tomato","After","Focus",50
"15","66d1d4ade30b7df1bf70728f","Contact","Present","tomato","Imply","Focus",50
"16","66d1d4ade30b7df1bf70728f","Contact","Past","Blueberry","Before","Focus",50
"17","66d1d4ade30b7df1bf70728f","Contact","Past","Blueberry","After","Focus",50
"18","66d1d4ade30b7df1bf70728f","Contact","Past","Blueberry","Imply","Focus",50
"19","66d1d4ade30b7df1bf70728f","Drop","Present","muffin","Before","NA",49
"20","66d1d4ade30b7df1bf70728f","Drop","Present","muffin","After","NA",50
"21","66d1d4ade30b7df1bf70728f","Drop","Present","muffin","Imply","NA",50
"22","66d1d4ade30b7df1bf70728f","Drop","Past","Blueberry","Before","NA",49
"23","66d1d4ade30b7df1bf70728f","Drop","Past","Blueberry","After","NA",50
"24","66d1d4ade30b7df1bf70728f","Drop","Past","Blueberry","Imply","NA",50
"25","66d1d4ade30b7df1bf70728f","Contact","Present","tomato","Before","NotFocus",49
"26","66d1d4ade30b7df1bf70728f","Contact","Present","tomato","After","NotFocus",50
"27","66d1d4ade30b7df1bf70728f","Contact","Present","tomato","Imply","NotFocus",50
"28","66d1d4ade30b7df1bf70728f","Contact","Past","muffin","Before","NotFocus",51
"29","66d1d4ade30b7df1bf70728f","Contact","Past","muffin","After","NotFocus",53
"30","66d1d4ade30b7df1bf70728f","Contact","Past","muffin","Imply","NotFocus",51
"31","66d1d4ade30b7df1bf70728f","Contact","Present","muffin","Before","Focus",50
"32","66d1d4ade30b7df1bf70728f","Contact","Present","muffin","After","Focus",50
"33","66d1d4ade30b7df1bf70728f","Contact","Present","muffin","Imply","Focus",50
"34","66d1d4ade30b7df1bf70728f","Contact","Past","muffin","Before","Focus",50
"35","66d1d4ade30b7df1bf70728f","Contact","Past","muffin","After","Focus",50
"36","66d1d4ade30b7df1bf70728f","Contact","Past","muffin","Imply","Focus",50
"37","611138062881f502878eaa1f","Drop","Present","tomato","Before","NA",0
"38","611138062881f502878eaa1f","Drop","Present","tomato","After","NA",100
"39","611138062881f502878eaa1f","Drop","Present","tomato","Imply","NA",60
"40","611138062881f502878eaa1f","Drop","Past","Blueberry","Before","NA",0
"41","611138062881f502878eaa1f","Drop","Past","Blueberry","After","NA",100
"42","611138062881f502878eaa1f","Drop","Past","Blueberry","Imply","NA",60
"43","611138062881f502878eaa1f","Contact","Present","Blueberry","Before","NotFocus",0
"44","611138062881f502878eaa1f","Contact","Present","Blueberry","After","NotFocus",80
"45","611138062881f502878eaa1f","Contact","Present","Blueberry","Imply","NotFocus",40
"46","611138062881f502878eaa1f","Contact","Past","Blueberry","Before","NotFocus",0
"47","611138062881f502878eaa1f","Contact","Past","Blueberry","After","NotFocus",80
"48","611138062881f502878eaa1f","Contact","Past","Blueberry","Imply","NotFocus",40
"49","611138062881f502878eaa1f","Contact","Present","Blueberry","Before","Focus",0
"50","611138062881f502878eaa1f","Contact","Present","Blueberry","After","Focus",80
"51","611138062881f502878eaa1f","Contact","Present","Blueberry","Imply","Focus",40
"52","611138062881f502878eaa1f","Contact","Past","tomato","Before","Focus",0
"53","611138062881f502878eaa1f","Contact","Past","tomato","After","Focus",80
"54","611138062881f502878eaa1f","Contact","Past","tomato","Imply","Focus",40
"55","66f6fa16339c2215add1d24b","Drop","Present","tomato","Before","NA",0
"56","66f6fa16339c2215add1d24b","Drop","Present","tomato","After","NA",100
"57","66f6fa16339c2215add1d24b","Drop","Present","tomato","Imply","NA",0
"58","66f6fa16339c2215add1d24b","Drop","Past","tomato","Before","NA",0
"59","66f6fa16339c2215add1d24b","Drop","Past","tomato","After","NA",100
"60","66f6fa16339c2215add1d24b","Drop","Past","tomato","Imply","NA",0
"61","66f6fa16339c2215add1d24b","Contact","Present","Blueberry","Before","NotFocus",0
"62","66f6fa16339c2215add1d24b","Contact","Present","Blueberry","After","NotFocus",100
"63","66f6fa16339c2215add1d24b","Contact","Present","Blueberry","Imply","NotFocus",4
"64","66f6fa16339c2215add1d24b","Contact","Past","Blueberry","Before","NotFocus",0
"65","66f6fa16339c2215add1d24b","Contact","Past","Blueberry","After","NotFocus",100
"66","66f6fa16339c2215add1d24b","Contact","Past","Blueberry","Imply","NotFocus",0
"67","66f6fa16339c2215add1d24b","Contact","Present","tomato","Before","Focus",0
"68","66f6fa16339c2215add1d24b","Contact","Present","tomato","After","Focus",100
"69","66f6fa16339c2215add1d24b","Contact","Present","tomato","Imply","Focus",0
"70","66f6fa16339c2215add1d24b","Contact","Past","muffin","Before","Focus",0
"71","66f6fa16339c2215add1d24b","Contact","Past","muffin","After","Focus",100
"72","66f6fa16339c2215add1d24b","Contact","Past","muffin","Imply","Focus",0
"73","67da3a092a34c8e3f47b7243","Drop","Present","muffin","Before","NA",0
"74","67da3a092a34c8e3f47b7243","Drop","Present","muffin","After","NA",100
"75","67da3a092a34c8e3f47b7243","Drop","Present","muffin","Imply","NA",100
"76","67da3a092a34c8e3f47b7243","Drop","Past","tomato","Before","NA",0
"77","67da3a092a34c8e3f47b7243","Drop","Past","tomato","After","NA",100
"78","67da3a092a34c8e3f47b7243","Drop","Past","tomato","Imply","NA",100
"79","67da3a092a34c8e3f47b7243","Contact","Present","tomato","Before","NotFocus",86
"80","67da3a092a34c8e3f47b7243","Contact","Present","tomato","After","NotFocus",100
"81","67da3a092a34c8e3f47b7243","Contact","Present","tomato","Imply","NotFocus",100
"82","67da3a092a34c8e3f47b7243","Contact","Past","muffin","Before","NotFocus",0
"83","67da3a092a34c8e3f47b7243","Contact","Past","muffin","After","NotFocus",100
"84","67da3a092a34c8e3f47b7243","Contact","Past","muffin","Imply","NotFocus",100
"85","67da3a092a34c8e3f47b7243","Contact","Present","Blueberry","Before","Focus",0
"86","67da3a092a34c8e3f47b7243","Contact","Present","Blueberry","After","Focus",100
"87","67da3a092a34c8e3f47b7243","Contact","Present","Blueberry","Imply","Focus",100
"88","67da3a092a34c8e3f47b7243","Contact","Past","Blueberry","Before","Focus",0
"89","67da3a092a34c8e3f47b7243","Contact","Past","Blueberry","After","Focus",100
"90","67da3a092a34c8e3f47b7243","Contact","Past","Blueberry","Imply","Focus",100
"91","655f9592d623b0eda5248835","Drop","Present","Blueberry","Before","NA",0
"92","655f9592d623b0eda5248835","Drop","Present","Blueberry","After","NA",100
"93","655f9592d623b0eda5248835","Drop","Present","Blueberry","Imply","NA",100
"94","655f9592d623b0eda5248835","Drop","Past","muffin","Before","NA",0
"95","655f9592d623b0eda5248835","Drop","Past","muffin","After","NA",100
"96","655f9592d623b0eda5248835","Drop","Past","muffin","Imply","NA",100
"97","655f9592d623b0eda5248835","Contact","Present","muffin","Before","NotFocus",0
"98","655f9592d623b0eda5248835","Contact","Present","muffin","After","NotFocus",100
"99","655f9592d623b0eda5248835","Contact","Present","muffin","Imply","NotFocus",100
"100","655f9592d623b0eda5248835","Contact","Past","muffin","Before","NotFocus",0
"101","655f9592d623b0eda5248835","Contact","Past","muffin","After","NotFocus",100
"102","655f9592d623b0eda5248835","Contact","Past","muffin","Imply","NotFocus",100
"103","655f9592d623b0eda5248835","Contact","Present","muffin","Before","Focus",0
"104","655f9592d623b0eda5248835","Contact","Present","muffin","After","Focus",100
"105","655f9592d623b0eda5248835","Contact","Present","muffin","Imply","Focus",100
"106","655f9592d623b0eda5248835","Contact","Past","tomato","Before","Focus",0
"107","655f9592d623b0eda5248835","Contact","Past","tomato","After","Focus",100
"108","655f9592d623b0eda5248835","Contact","Past","tomato","Imply","Focus",100
"109","671d83b42ba7384f9b457c86","Drop","Present","Blueberry","Before","NA",0
"110","671d83b42ba7384f9b457c86","Drop","Present","Blueberry","After","NA",100
"111","671d83b42ba7384f9b457c86","Drop","Present","Blueberry","Imply","NA",100
"112","671d83b42ba7384f9b457c86","Drop","Past","muffin","Before","NA",0
"113","671d83b42ba7384f9b457c86","Drop","Past","muffin","After","NA",100
"114","671d83b42ba7384f9b457c86","Drop","Past","muffin","Imply","NA",95
"115","671d83b42ba7384f9b457c86","Contact","Present","Blueberry","Before","NotFocus",0
"116","671d83b42ba7384f9b457c86","Contact","Present","Blueberry","After","NotFocus",100
"117","671d83b42ba7384f9b457c86","Contact","Present","Blueberry","Imply","NotFocus",86
"118","671d83b42ba7384f9b457c86","Contact","Past","Blueberry","Before","NotFocus",0
"119","671d83b42ba7384f9b457c86","Contact","Past","Blueberry","After","NotFocus",100
"120","671d83b42ba7384f9b457c86","Contact","Past","Blueberry","Imply","NotFocus",89
"121","671d83b42ba7384f9b457c86","Contact","Present","tomato","Before","Focus",0
"122","671d83b42ba7384f9b457c86","Contact","Present","tomato","After","Focus",100
"123","671d83b42ba7384f9b457c86","Contact","Present","tomato","Imply","Focus",71
"124","671d83b42ba7384f9b457c86","Contact","Past","tomato","Before","Focus",0
"125","671d83b42ba7384f9b457c86","Contact","Past","tomato","After","Focus",91
"126","671d83b42ba7384f9b457c86","Contact","Past","tomato","Imply","Focus",62
"127","67d85dcb0724435011a0629d","Drop","Present","Blueberry","Before","NA",99
"128","67d85dcb0724435011a0629d","Drop","Present","Blueberry","After","NA",0
"129","67d85dcb0724435011a0629d","Drop","Present","Blueberry","Imply","NA",100
"130","67d85dcb0724435011a0629d","Drop","Past","tomato","Before","NA",0
"131","67d85dcb0724435011a0629d","Drop","Past","tomato","After","NA",100
"132","67d85dcb0724435011a0629d","Drop","Past","tomato","Imply","NA",0
"133","67d85dcb0724435011a0629d","Contact","Present","muffin","Before","NotFocus",0
"134","67d85dcb0724435011a0629d","Contact","Present","muffin","After","NotFocus",100
"135","67d85dcb0724435011a0629d","Contact","Present","muffin","Imply","NotFocus",0
"136","67d85dcb0724435011a0629d","Contact","Past","muffin","Before","NotFocus",100
"137","67d85dcb0724435011a0629d","Contact","Past","muffin","After","NotFocus",0
"138","67d85dcb0724435011a0629d","Contact","Past","muffin","Imply","NotFocus",100
"139","67d85dcb0724435011a0629d","Contact","Present","muffin","Before","Focus",100
"140","67d85dcb0724435011a0629d","Contact","Present","muffin","After","Focus",0
"141","67d85dcb0724435011a0629d","Contact","Present","muffin","Imply","Focus",100
"142","67d85dcb0724435011a0629d","Contact","Past","muffin","Before","Focus",100
"143","67d85dcb0724435011a0629d","Contact","Past","muffin","After","Focus",100
"144","67d85dcb0724435011a0629d","Contact","Past","muffin","Imply","Focus",0
"145","665a2cdd103e514a43e3d5fc","Drop","Present","tomato","Before","NA",0
"146","665a2cdd103e514a43e3d5fc","Drop","Present","tomato","After","NA",100
"147","665a2cdd103e514a43e3d5fc","Drop","Present","tomato","Imply","NA",100
"148","665a2cdd103e514a43e3d5fc","Drop","Past","Blueberry","Before","NA",0
"149","665a2cdd103e514a43e3d5fc","Drop","Past","Blueberry","After","NA",100
"150","665a2cdd103e514a43e3d5fc","Drop","Past","Blueberry","Imply","NA",100
"151","665a2cdd103e514a43e3d5fc","Contact","Present","muffin","Before","NotFocus",0
"152","665a2cdd103e514a43e3d5fc","Contact","Present","muffin","After","NotFocus",100
"153","665a2cdd103e514a43e3d5fc","Contact","Present","muffin","Imply","NotFocus",100
"154","665a2cdd103e514a43e3d5fc","Contact","Past","tomato","Before","NotFocus",0
"155","665a2cdd103e514a43e3d5fc","Contact","Past","tomato","After","NotFocus",70
"156","665a2cdd103e514a43e3d5fc","Contact","Past","tomato","Imply","NotFocus",70
"157","665a2cdd103e514a43e3d5fc","Contact","Present","Blueberry","Before","Focus",0
"158","665a2cdd103e514a43e3d5fc","Contact","Present","Blueberry","After","Focus",80
"159","665a2cdd103e514a43e3d5fc","Contact","Present","Blueberry","Imply","Focus",50
"160","665a2cdd103e514a43e3d5fc","Contact","Past","Blueberry","Before","Focus",0
"161","665a2cdd103e514a43e3d5fc","Contact","Past","Blueberry","After","Focus",80
"162","665a2cdd103e514a43e3d5fc","Contact","Past","Blueberry","Imply","Focus",50
"163","62e097c92160176b0b9c2619","Drop","Present","tomato","Before","NA",0
"164","62e097c92160176b0b9c2619","Drop","Present","tomato","After","NA",100
"165","62e097c92160176b0b9c2619","Drop","Present","tomato","Imply","NA",100
"166","62e097c92160176b0b9c2619","Drop","Past","muffin","Before","NA",0
"167","62e097c92160176b0b9c2619","Drop","Past","muffin","After","NA",100
"168","62e097c92160176b0b9c2619","Drop","Past","muffin","Imply","NA",100
"169","62e097c92160176b0b9c2619","Contact","Present","muffin","Before","NotFocus",0
"170","62e097c92160176b0b9c2619","Contact","Present","muffin","After","NotFocus",100
"171","62e097c92160176b0b9c2619","Contact","Present","muffin","Imply","NotFocus",100
"172","62e097c92160176b0b9c2619","Contact","Past","muffin","Before","NotFocus",0
"173","62e097c92160176b0b9c2619","Contact","Past","muffin","After","NotFocus",100
"174","62e097c92160176b0b9c2619","Contact","Past","muffin","Imply","NotFocus",100
"175","62e097c92160176b0b9c2619","Contact","Present","muffin","Before","Focus",0
"176","62e097c92160176b0b9c2619","Contact","Present","muffin","After","Focus",100
"177","62e097c92160176b0b9c2619","Contact","Present","muffin","Imply","Focus",81
"178","62e097c92160176b0b9c2619","Contact","Past","muffin","Before","Focus",0
"179","62e097c92160176b0b9c2619","Contact","Past","muffin","After","Focus",100
"180","62e097c92160176b0b9c2619","Contact","Past","muffin","Imply","Focus",81
"181","6603412311cbee9e33dbf46e","Drop","Present","tomato","Before","NA",20
"182","6603412311cbee9e33dbf46e","Drop","Present","tomato","After","NA",87
"183","6603412311cbee9e33dbf46e","Drop","Present","tomato","Imply","NA",80
"184","6603412311cbee9e33dbf46e","Drop","Past","tomato","Before","NA",20
"185","6603412311cbee9e33dbf46e","Drop","Past","tomato","After","NA",88
"186","6603412311cbee9e33dbf46e","Drop","Past","tomato","Imply","NA",91
"187","6603412311cbee9e33dbf46e","Contact","Present","Blueberry","Before","NotFocus",10
"188","6603412311cbee9e33dbf46e","Contact","Present","Blueberry","After","NotFocus",65
"189","6603412311cbee9e33dbf46e","Contact","Present","Blueberry","Imply","NotFocus",79
"190","6603412311cbee9e33dbf46e","Contact","Past","tomato","Before","NotFocus",19
"191","6603412311cbee9e33dbf46e","Contact","Past","tomato","After","NotFocus",69
"192","6603412311cbee9e33dbf46e","Contact","Past","tomato","Imply","NotFocus",73
"193","6603412311cbee9e33dbf46e","Contact","Present","muffin","Before","Focus",19
"194","6603412311cbee9e33dbf46e","Contact","Present","muffin","After","Focus",67
"195","6603412311cbee9e33dbf46e","Contact","Present","muffin","Imply","Focus",70
"196","6603412311cbee9e33dbf46e","Contact","Past","muffin","Before","Focus",20
"197","6603412311cbee9e33dbf46e","Contact","Past","muffin","After","Focus",72
"198","6603412311cbee9e33dbf46e","Contact","Past","muffin","Imply","Focus",50
"199","66b66a093af457af36097219","Drop","Present","muffin","Before","NA",0
"200","66b66a093af457af36097219","Drop","Present","muffin","After","NA",100
"201","66b66a093af457af36097219","Drop","Present","muffin","Imply","NA",100
"202","66b66a093af457af36097219","Drop","Past","muffin","Before","NA",0
"203","66b66a093af457af36097219","Drop","Past","muffin","After","NA",100
"204","66b66a093af457af36097219","Drop","Past","muffin","Imply","NA",100
"205","66b66a093af457af36097219","Contact","Present","tomato","Before","NotFocus",0
"206","66b66a093af457af36097219","Contact","Present","tomato","After","NotFocus",71
"207","66b66a093af457af36097219","Contact","Present","tomato","Imply","NotFocus",75
"208","66b66a093af457af36097219","Contact","Past","tomato","Before","NotFocus",0
"209","66b66a093af457af36097219","Contact","Past","tomato","After","NotFocus",76
"210","66b66a093af457af36097219","Contact","Past","tomato","Imply","NotFocus",75
"211","66b66a093af457af36097219","Contact","Present","Blueberry","Before","Focus",0
"212","66b66a093af457af36097219","Contact","Present","Blueberry","After","Focus",59
"213","66b66a093af457af36097219","Contact","Present","Blueberry","Imply","Focus",57
"214","66b66a093af457af36097219","Contact","Past","tomato","Before","Focus",0
"215","66b66a093af457af36097219","Contact","Past","tomato","After","Focus",61
"216","66b66a093af457af36097219","Contact","Past","tomato","Imply","Focus",62
"217","660e0c2ea09eadd507d4af21","Drop","Present","tomato","Before","NA",0
"218","660e0c2ea09eadd507d4af21","Drop","Present","tomato","After","NA",100
"219","660e0c2ea09eadd507d4af21","Drop","Present","tomato","Imply","NA",100
"220","660e0c2ea09eadd507d4af21","Drop","Past","Blueberry","Before","NA",0
"221","660e0c2ea09eadd507d4af21","Drop","Past","Blueberry","After","NA",100
"222","660e0c2ea09eadd507d4af21","Drop","Past","Blueberry","Imply","NA",100
"223","660e0c2ea09eadd507d4af21","Contact","Present","muffin","Before","NotFocus",0
"224","660e0c2ea09eadd507d4af21","Contact","Present","muffin","After","NotFocus",100
"225","660e0c2ea09eadd507d4af21","Contact","Present","muffin","Imply","NotFocus",100
"226","660e0c2ea09eadd507d4af21","Contact","Past","Blueberry","Before","NotFocus",0
"227","660e0c2ea09eadd507d4af21","Contact","Past","Blueberry","After","NotFocus",100
"228","660e0c2ea09eadd507d4af21","Contact","Past","Blueberry","Imply","NotFocus",96
"229","660e0c2ea09eadd507d4af21","Contact","Present","tomato","Before","Focus",0
"230","660e0c2ea09eadd507d4af21","Contact","Present","tomato","After","Focus",100
"231","660e0c2ea09eadd507d4af21","Contact","Present","tomato","Imply","Focus",100
"232","660e0c2ea09eadd507d4af21","Contact","Past","tomato","Before","Focus",2
"233","660e0c2ea09eadd507d4af21","Contact","Past","tomato","After","Focus",100
"234","660e0c2ea09eadd507d4af21","Contact","Past","tomato","Imply","Focus",93
"235","5d2787f7e9b2a00018221059","Drop","Present","muffin","Before","NA",0
"236","5d2787f7e9b2a00018221059","Drop","Present","muffin","After","NA",100
"237","5d2787f7e9b2a00018221059","Drop","Present","muffin","Imply","NA",97
"238","5d2787f7e9b2a00018221059","Drop","Past","tomato","Before","NA",0
"239","5d2787f7e9b2a00018221059","Drop","Past","tomato","After","NA",100
"240","5d2787f7e9b2a00018221059","Drop","Past","tomato","Imply","NA",80
"241","5d2787f7e9b2a00018221059","Contact","Present","tomato","Before","NotFocus",0
"242","5d2787f7e9b2a00018221059","Contact","Present","tomato","After","NotFocus",100
"243","5d2787f7e9b2a00018221059","Contact","Present","tomato","Imply","NotFocus",97
"244","5d2787f7e9b2a00018221059","Contact","Past","muffin","Before","NotFocus",0
"245","5d2787f7e9b2a00018221059","Contact","Past","muffin","After","NotFocus",100
"246","5d2787f7e9b2a00018221059","Contact","Past","muffin","Imply","NotFocus",100
"247","5d2787f7e9b2a00018221059","Contact","Present","muffin","Before","Focus",0
"248","5d2787f7e9b2a00018221059","Contact","Present","muffin","After","Focus",96
"249","5d2787f7e9b2a00018221059","Contact","Present","muffin","Imply","Focus",86
"250","5d2787f7e9b2a00018221059","Contact","Past","tomato","Before","Focus",0
"251","5d2787f7e9b2a00018221059","Contact","Past","tomato","After","Focus",98
"252","5d2787f7e9b2a00018221059","Contact","Past","tomato","Imply","Focus",78
"253","610013cef98672c7216d4eea","Drop","Present","muffin","Before","NA",0
"254","610013cef98672c7216d4eea","Drop","Present","muffin","After","NA",100
"255","610013cef98672c7216d4eea","Drop","Present","muffin","Imply","NA",100
"256","610013cef98672c7216d4eea","Drop","Past","tomato","Before","NA",0
"257","610013cef98672c7216d4eea","Drop","Past","tomato","After","NA",100
"258","610013cef98672c7216d4eea","Drop","Past","tomato","Imply","NA",95
"259","610013cef98672c7216d4eea","Contact","Present","tomato","Before","NotFocus",0
"260","610013cef98672c7216d4eea","Contact","Present","tomato","After","NotFocus",95
"261","610013cef98672c7216d4eea","Contact","Present","tomato","Imply","NotFocus",95
"262","610013cef98672c7216d4eea","Contact","Past","Blueberry","Before","NotFocus",0
"263","610013cef98672c7216d4eea","Contact","Past","Blueberry","After","NotFocus",99
"264","610013cef98672c7216d4eea","Contact","Past","Blueberry","Imply","NotFocus",95
"265","610013cef98672c7216d4eea","Contact","Present","muffin","Before","Focus",0
"266","610013cef98672c7216d4eea","Contact","Present","muffin","After","Focus",68
"267","610013cef98672c7216d4eea","Contact","Present","muffin","Imply","Focus",51
"268","610013cef98672c7216d4eea","Contact","Past","Blueberry","Before","Focus",0
"269","610013cef98672c7216d4eea","Contact","Past","Blueberry","After","Focus",100
"270","610013cef98672c7216d4eea","Contact","Past","Blueberry","Imply","Focus",81
"271","660463cc875a9e656e03734f","Drop","Present","muffin","Before","NA",0
"272","660463cc875a9e656e03734f","Drop","Present","muffin","After","NA",100
"273","660463cc875a9e656e03734f","Drop","Present","muffin","Imply","NA",50
"274","660463cc875a9e656e03734f","Drop","Past","Blueberry","Before","NA",0
"275","660463cc875a9e656e03734f","Drop","Past","Blueberry","After","NA",98
"276","660463cc875a9e656e03734f","Drop","Past","Blueberry","Imply","NA",90
"277","660463cc875a9e656e03734f","Contact","Present","Blueberry","Before","NotFocus",0
"278","660463cc875a9e656e03734f","Contact","Present","Blueberry","After","NotFocus",85
"279","660463cc875a9e656e03734f","Contact","Present","Blueberry","Imply","NotFocus",29
"280","660463cc875a9e656e03734f","Contact","Past","tomato","Before","NotFocus",0
"281","660463cc875a9e656e03734f","Contact","Past","tomato","After","NotFocus",90
"282","660463cc875a9e656e03734f","Contact","Past","tomato","Imply","NotFocus",25
"283","660463cc875a9e656e03734f","Contact","Present","tomato","Before","Focus",0
"284","660463cc875a9e656e03734f","Contact","Present","tomato","After","Focus",80
"285","660463cc875a9e656e03734f","Contact","Present","tomato","Imply","Focus",20
"286","660463cc875a9e656e03734f","Contact","Past","Blueberry","Before","Focus",0
"287","660463cc875a9e656e03734f","Contact","Past","Blueberry","After","Focus",95
"288","660463cc875a9e656e03734f","Contact","Past","Blueberry","Imply","Focus",5
"289","65957950f4f15e01d04ff294","Drop","Present","Blueberry","Before","NA",0
"290","65957950f4f15e01d04ff294","Drop","Present","Blueberry","After","NA",100
"291","65957950f4f15e01d04ff294","Drop","Present","Blueberry","Imply","NA",100
"292","65957950f4f15e01d04ff294","Drop","Past","tomato","Before","NA",0
"293","65957950f4f15e01d04ff294","Drop","Past","tomato","After","NA",100
"294","65957950f4f15e01d04ff294","Drop","Past","tomato","Imply","NA",100
"295","65957950f4f15e01d04ff294","Contact","Present","muffin","Before","NotFocus",0
"296","65957950f4f15e01d04ff294","Contact","Present","muffin","After","NotFocus",100
"297","65957950f4f15e01d04ff294","Contact","Present","muffin","Imply","NotFocus",100
"298","65957950f4f15e01d04ff294","Contact","Past","tomato","Before","NotFocus",0
"299","65957950f4f15e01d04ff294","Contact","Past","tomato","After","NotFocus",100
"300","65957950f4f15e01d04ff294","Contact","Past","tomato","Imply","NotFocus",100
"301","65957950f4f15e01d04ff294","Contact","Present","Blueberry","Before","Focus",0
"302","65957950f4f15e01d04ff294","Contact","Present","Blueberry","After","Focus",100
"303","65957950f4f15e01d04ff294","Contact","Present","Blueberry","Imply","Focus",100
"304","65957950f4f15e01d04ff294","Contact","Past","Blueberry","Before","Focus",0
"305","65957950f4f15e01d04ff294","Contact","Past","Blueberry","After","Focus",57
"306","65957950f4f15e01d04ff294","Contact","Past","Blueberry","Imply","Focus",55
"307","6646726f720d1baaa7e0a343","Drop","Present","Blueberry","Before","NA",5
"308","6646726f720d1baaa7e0a343","Drop","Present","Blueberry","After","NA",100
"309","6646726f720d1baaa7e0a343","Drop","Present","Blueberry","Imply","NA",100
"310","6646726f720d1baaa7e0a343","Drop","Past","muffin","Before","NA",5
"311","6646726f720d1baaa7e0a343","Drop","Past","muffin","After","NA",100
"312","6646726f720d1baaa7e0a343","Drop","Past","muffin","Imply","NA",100
"313","6646726f720d1baaa7e0a343","Contact","Present","Blueberry","Before","NotFocus",5
"314","6646726f720d1baaa7e0a343","Contact","Present","Blueberry","After","NotFocus",5
"315","6646726f720d1baaa7e0a343","Contact","Present","Blueberry","Imply","NotFocus",5
"316","6646726f720d1baaa7e0a343","Contact","Past","muffin","Before","NotFocus",5
"317","6646726f720d1baaa7e0a343","Contact","Past","muffin","After","NotFocus",5
"318","6646726f720d1baaa7e0a343","Contact","Past","muffin","Imply","NotFocus",5
"319","6646726f720d1baaa7e0a343","Contact","Present","Blueberry","Before","Focus",5
"320","6646726f720d1baaa7e0a343","Contact","Present","Blueberry","After","Focus",5
"321","6646726f720d1baaa7e0a343","Contact","Present","Blueberry","Imply","Focus",48
"322","6646726f720d1baaa7e0a343","Contact","Past","Blueberry","Before","Focus",5
"323","6646726f720d1baaa7e0a343","Contact","Past","Blueberry","After","Focus",5
"324","6646726f720d1baaa7e0a343","Contact","Past","Blueberry","Imply","Focus",5
"325","667b577210c53a5b35f2d73e","Drop","Present","muffin","Before","NA",0
"326","667b577210c53a5b35f2d73e","Drop","Present","muffin","After","NA",100
"327","667b577210c53a5b35f2d73e","Drop","Present","muffin","Imply","NA",100
"328","667b577210c53a5b35f2d73e","Drop","Past","muffin","Before","NA",0
"329","667b577210c53a5b35f2d73e","Drop","Past","muffin","After","NA",100
"330","667b577210c53a5b35f2d73e","Drop","Past","muffin","Imply","NA",100
"331","667b577210c53a5b35f2d73e","Contact","Present","Blueberry","Before","NotFocus",0
"332","667b577210c53a5b35f2d73e","Contact","Present","Blueberry","After","NotFocus",100
"333","667b577210c53a5b35f2d73e","Contact","Present","Blueberry","Imply","NotFocus",100
"334","667b577210c53a5b35f2d73e","Contact","Past","Blueberry","Before","NotFocus",0
"335","667b577210c53a5b35f2d73e","Contact","Past","Blueberry","After","NotFocus",100
"336","667b577210c53a5b35f2d73e","Contact","Past","Blueberry","Imply","NotFocus",100
"337","667b577210c53a5b35f2d73e","Contact","Present","muffin","Before","Focus",0
"338","667b577210c53a5b35f2d73e","Contact","Present","muffin","After","Focus",100
"339","667b577210c53a5b35f2d73e","Contact","Present","muffin","Imply","Focus",100
"340","667b577210c53a5b35f2d73e","Contact","Past","muffin","Before","Focus",0
"341","667b577210c53a5b35f2d73e","Contact","Past","muffin","After","Focus",100
"342","667b577210c53a5b35f2d73e","Contact","Past","muffin","Imply","Focus",100
"343","67cf7a25da922e59502fd8d7","Drop","Present","muffin","Before","NA",65
"344","67cf7a25da922e59502fd8d7","Drop","Present","muffin","After","NA",73
"345","67cf7a25da922e59502fd8d7","Drop","Present","muffin","Imply","NA",73
"346","67cf7a25da922e59502fd8d7","Drop","Past","Blueberry","Before","NA",73
"347","67cf7a25da922e59502fd8d7","Drop","Past","Blueberry","After","NA",67
"348","67cf7a25da922e59502fd8d7","Drop","Past","Blueberry","Imply","NA",65
"349","67cf7a25da922e59502fd8d7","Contact","Present","tomato","Before","NotFocus",64
"350","67cf7a25da922e59502fd8d7","Contact","Present","tomato","After","NotFocus",74
"351","67cf7a25da922e59502fd8d7","Contact","Present","tomato","Imply","NotFocus",84
"352","67cf7a25da922e59502fd8d7","Contact","Past","tomato","Before","NotFocus",69
"353","67cf7a25da922e59502fd8d7","Contact","Past","tomato","After","NotFocus",67
"354","67cf7a25da922e59502fd8d7","Contact","Past","tomato","Imply","NotFocus",72
"355","67cf7a25da922e59502fd8d7","Contact","Present","tomato","Before","Focus",62
"356","67cf7a25da922e59502fd8d7","Contact","Present","tomato","After","Focus",69
"357","67cf7a25da922e59502fd8d7","Contact","Present","tomato","Imply","Focus",65
"358","67cf7a25da922e59502fd8d7","Contact","Past","Blueberry","Before","Focus",69
"359","67cf7a25da922e59502fd8d7","Contact","Past","Blueberry","After","Focus",67
"360","67cf7a25da922e59502fd8d7","Contact","Past","Blueberry","Imply","Focus",69
"361","5f96301839be85178cb37e0a","Drop","Present","tomato","Before","NA",0
"362","5f96301839be85178cb37e0a","Drop","Present","tomato","After","NA",95
"363","5f96301839be85178cb37e0a","Drop","Present","tomato","Imply","NA",100
"364","5f96301839be85178cb37e0a","Drop","Past","Blueberry","Before","NA",0
"365","5f96301839be85178cb37e0a","Drop","Past","Blueberry","After","NA",98
"366","5f96301839be85178cb37e0a","Drop","Past","Blueberry","Imply","NA",100
"367","5f96301839be85178cb37e0a","Contact","Present","Blueberry","Before","NotFocus",0
"368","5f96301839be85178cb37e0a","Contact","Present","Blueberry","After","NotFocus",95
"369","5f96301839be85178cb37e0a","Contact","Present","Blueberry","Imply","NotFocus",100
"370","5f96301839be85178cb37e0a","Contact","Past","Blueberry","Before","NotFocus",5
"371","5f96301839be85178cb37e0a","Contact","Past","Blueberry","After","NotFocus",75
"372","5f96301839be85178cb37e0a","Contact","Past","Blueberry","Imply","NotFocus",75
"373","5f96301839be85178cb37e0a","Contact","Present","Blueberry","Before","Focus",5
"374","5f96301839be85178cb37e0a","Contact","Present","Blueberry","After","Focus",50
"375","5f96301839be85178cb37e0a","Contact","Present","Blueberry","Imply","Focus",25
"376","5f96301839be85178cb37e0a","Contact","Past","muffin","Before","Focus",5
"377","5f96301839be85178cb37e0a","Contact","Past","muffin","After","Focus",50
"378","5f96301839be85178cb37e0a","Contact","Past","muffin","Imply","Focus",55
"379","67d4981401167cf49f562c1f","Drop","Present","tomato","Before","NA",0
"380","67d4981401167cf49f562c1f","Drop","Present","tomato","After","NA",74
"381","67d4981401167cf49f562c1f","Drop","Present","tomato","Imply","NA",83
"382","67d4981401167cf49f562c1f","Drop","Past","Blueberry","Before","NA",0
"383","67d4981401167cf49f562c1f","Drop","Past","Blueberry","After","NA",78
"384","67d4981401167cf49f562c1f","Drop","Past","Blueberry","Imply","NA",82
"385","67d4981401167cf49f562c1f","Contact","Present","tomato","Before","NotFocus",0
"386","67d4981401167cf49f562c1f","Contact","Present","tomato","After","NotFocus",99
"387","67d4981401167cf49f562c1f","Contact","Present","tomato","Imply","NotFocus",88
"388","67d4981401167cf49f562c1f","Contact","Past","Blueberry","Before","NotFocus",0
"389","67d4981401167cf49f562c1f","Contact","Past","Blueberry","After","NotFocus",80
"390","67d4981401167cf49f562c1f","Contact","Past","Blueberry","Imply","NotFocus",84
"391","67d4981401167cf49f562c1f","Contact","Present","tomato","Before","Focus",0
"392","67d4981401167cf49f562c1f","Contact","Present","tomato","After","Focus",73
"393","67d4981401167cf49f562c1f","Contact","Present","tomato","Imply","Focus",75
"394","67d4981401167cf49f562c1f","Contact","Past","muffin","Before","Focus",0
"395","67d4981401167cf49f562c1f","Contact","Past","muffin","After","Focus",83
"396","67d4981401167cf49f562c1f","Contact","Past","muffin","Imply","Focus",79
"397","67d75ec8f1077573db42a4d5","Drop","Present","Blueberry","Before","NA",0
"398","67d75ec8f1077573db42a4d5","Drop","Present","Blueberry","After","NA",100
"399","67d75ec8f1077573db42a4d5","Drop","Present","Blueberry","Imply","NA",100
"400","67d75ec8f1077573db42a4d5","Drop","Past","muffin","Before","NA",0
"401","67d75ec8f1077573db42a4d5","Drop","Past","muffin","After","NA",100
"402","67d75ec8f1077573db42a4d5","Drop","Past","muffin","Imply","NA",100
"403","67d75ec8f1077573db42a4d5","Contact","Present","Blueberry","Before","NotFocus",0
"404","67d75ec8f1077573db42a4d5","Contact","Present","Blueberry","After","NotFocus",100
"405","67d75ec8f1077573db42a4d5","Contact","Present","Blueberry","Imply","NotFocus",43
"406","67d75ec8f1077573db42a4d5","Contact","Past","tomato","Before","NotFocus",0
"407","67d75ec8f1077573db42a4d5","Contact","Past","tomato","After","NotFocus",86
"408","67d75ec8f1077573db42a4d5","Contact","Past","tomato","Imply","NotFocus",84
"409","67d75ec8f1077573db42a4d5","Contact","Present","Blueberry","Before","Focus",0
"410","67d75ec8f1077573db42a4d5","Contact","Present","Blueberry","After","Focus",100
"411","67d75ec8f1077573db42a4d5","Contact","Present","Blueberry","Imply","Focus",53
"412","67d75ec8f1077573db42a4d5","Contact","Past","tomato","Before","Focus",0
"413","67d75ec8f1077573db42a4d5","Contact","Past","tomato","After","Focus",74
"414","67d75ec8f1077573db42a4d5","Contact","Past","tomato","Imply","Focus",45
"415","66675c887a593976a91c4b68","Drop","Present","tomato","Before","NA",0
"416","66675c887a593976a91c4b68","Drop","Present","tomato","After","NA",100
"417","66675c887a593976a91c4b68","Drop","Present","tomato","Imply","NA",97
"418","66675c887a593976a91c4b68","Drop","Past","Blueberry","Before","NA",3
"419","66675c887a593976a91c4b68","Drop","Past","Blueberry","After","NA",100
"420","66675c887a593976a91c4b68","Drop","Past","Blueberry","Imply","NA",100
"421","66675c887a593976a91c4b68","Contact","Present","muffin","Before","NotFocus",6
"422","66675c887a593976a91c4b68","Contact","Present","muffin","After","NotFocus",100
"423","66675c887a593976a91c4b68","Contact","Present","muffin","Imply","NotFocus",75
"424","66675c887a593976a91c4b68","Contact","Past","muffin","Before","NotFocus",2
"425","66675c887a593976a91c4b68","Contact","Past","muffin","After","NotFocus",85
"426","66675c887a593976a91c4b68","Contact","Past","muffin","Imply","NotFocus",72
"427","66675c887a593976a91c4b68","Contact","Present","Blueberry","Before","Focus",0
"428","66675c887a593976a91c4b68","Contact","Present","Blueberry","After","Focus",100
"429","66675c887a593976a91c4b68","Contact","Present","Blueberry","Imply","Focus",50
"430","66675c887a593976a91c4b68","Contact","Past","muffin","Before","Focus",5
"431","66675c887a593976a91c4b68","Contact","Past","muffin","After","Focus",83
"432","66675c887a593976a91c4b68","Contact","Past","muffin","Imply","Focus",50
"433","663fc12fe5319431ffed0a55","Drop","Present","Blueberry","Before","NA",0
"434","663fc12fe5319431ffed0a55","Drop","Present","Blueberry","After","NA",100
"435","663fc12fe5319431ffed0a55","Drop","Present","Blueberry","Imply","NA",61
"436","663fc12fe5319431ffed0a55","Drop","Past","Blueberry","Before","NA",0
"437","663fc12fe5319431ffed0a55","Drop","Past","Blueberry","After","NA",100
"438","663fc12fe5319431ffed0a55","Drop","Past","Blueberry","Imply","NA",81
"439","663fc12fe5319431ffed0a55","Contact","Present","Blueberry","Before","NotFocus",0
"440","663fc12fe5319431ffed0a55","Contact","Present","Blueberry","After","NotFocus",100
"441","663fc12fe5319431ffed0a55","Contact","Present","Blueberry","Imply","NotFocus",50
"442","663fc12fe5319431ffed0a55","Contact","Past","muffin","Before","NotFocus",0
"443","663fc12fe5319431ffed0a55","Contact","Past","muffin","After","NotFocus",100
"444","663fc12fe5319431ffed0a55","Contact","Past","muffin","Imply","NotFocus",50
"445","663fc12fe5319431ffed0a55","Contact","Present","tomato","Before","Focus",0
"446","663fc12fe5319431ffed0a55","Contact","Present","tomato","After","Focus",100
"447","663fc12fe5319431ffed0a55","Contact","Present","tomato","Imply","Focus",50
"448","663fc12fe5319431ffed0a55","Contact","Past","tomato","Before","Focus",0
"449","663fc12fe5319431ffed0a55","Contact","Past","tomato","After","Focus",100
"450","663fc12fe5319431ffed0a55","Contact","Past","tomato","Imply","Focus",50
"451","67d97a36da5762bb5eff1cf3","Drop","Present","tomato","Before","NA",0
"452","67d97a36da5762bb5eff1cf3","Drop","Present","tomato","After","NA",100
"453","67d97a36da5762bb5eff1cf3","Drop","Present","tomato","Imply","NA",100
"454","67d97a36da5762bb5eff1cf3","Drop","Past","tomato","Before","NA",0
"455","67d97a36da5762bb5eff1cf3","Drop","Past","tomato","After","NA",100
"456","67d97a36da5762bb5eff1cf3","Drop","Past","tomato","Imply","NA",100
"457","67d97a36da5762bb5eff1cf3","Contact","Present","tomato","Before","NotFocus",0
"458","67d97a36da5762bb5eff1cf3","Contact","Present","tomato","After","NotFocus",100
"459","67d97a36da5762bb5eff1cf3","Contact","Present","tomato","Imply","NotFocus",100
"460","67d97a36da5762bb5eff1cf3","Contact","Past","tomato","Before","NotFocus",0
"461","67d97a36da5762bb5eff1cf3","Contact","Past","tomato","After","NotFocus",100
"462","67d97a36da5762bb5eff1cf3","Contact","Past","tomato","Imply","NotFocus",100
"463","67d97a36da5762bb5eff1cf3","Contact","Present","tomato","Before","Focus",0
"464","67d97a36da5762bb5eff1cf3","Contact","Present","tomato","After","Focus",100
"465","67d97a36da5762bb5eff1cf3","Contact","Present","tomato","Imply","Focus",100
"466","67d97a36da5762bb5eff1cf3","Contact","Past","tomato","Before","Focus",0
"467","67d97a36da5762bb5eff1cf3","Contact","Past","tomato","After","Focus",100
"468","67d97a36da5762bb5eff1cf3","Contact","Past","tomato","Imply","Focus",100
"469","67cf22751e29dde6e805f4b9","Drop","Present","muffin","Before","NA",0
"470","67cf22751e29dde6e805f4b9","Drop","Present","muffin","After","NA",95
"471","67cf22751e29dde6e805f4b9","Drop","Present","muffin","Imply","NA",100
"472","67cf22751e29dde6e805f4b9","Drop","Past","tomato","Before","NA",0
"473","67cf22751e29dde6e805f4b9","Drop","Past","tomato","After","NA",100
"474","67cf22751e29dde6e805f4b9","Drop","Past","tomato","Imply","NA",100
"475","67cf22751e29dde6e805f4b9","Contact","Present","tomato","Before","NotFocus",0
"476","67cf22751e29dde6e805f4b9","Contact","Present","tomato","After","NotFocus",90
"477","67cf22751e29dde6e805f4b9","Contact","Present","tomato","Imply","NotFocus",90
"478","67cf22751e29dde6e805f4b9","Contact","Past","tomato","Before","NotFocus",0
"479","67cf22751e29dde6e805f4b9","Contact","Past","tomato","After","NotFocus",90
"480","67cf22751e29dde6e805f4b9","Contact","Past","tomato","Imply","NotFocus",90
"481","67cf22751e29dde6e805f4b9","Contact","Present","tomato","Before","Focus",0
"482","67cf22751e29dde6e805f4b9","Contact","Present","tomato","After","Focus",90
"483","67cf22751e29dde6e805f4b9","Contact","Present","tomato","Imply","Focus",90
"484","67cf22751e29dde6e805f4b9","Contact","Past","Blueberry","Before","Focus",0
"485","67cf22751e29dde6e805f4b9","Contact","Past","Blueberry","After","Focus",100
"486","67cf22751e29dde6e805f4b9","Contact","Past","Blueberry","Imply","Focus",95
"487","67d933a6939390178799a6b6","Drop","Present","Blueberry","Before","NA",10
"488","67d933a6939390178799a6b6","Drop","Present","Blueberry","After","NA",100
"489","67d933a6939390178799a6b6","Drop","Present","Blueberry","Imply","NA",9
"490","67d933a6939390178799a6b6","Drop","Past","muffin","Before","NA",6
"491","67d933a6939390178799a6b6","Drop","Past","muffin","After","NA",100
"492","67d933a6939390178799a6b6","Drop","Past","muffin","Imply","NA",20
"493","67d933a6939390178799a6b6","Contact","Present","tomato","Before","NotFocus",8
"494","67d933a6939390178799a6b6","Contact","Present","tomato","After","NotFocus",100
"495","67d933a6939390178799a6b6","Contact","Present","tomato","Imply","NotFocus",36
"496","67d933a6939390178799a6b6","Contact","Past","Blueberry","Before","NotFocus",1
"497","67d933a6939390178799a6b6","Contact","Past","Blueberry","After","NotFocus",100
"498","67d933a6939390178799a6b6","Contact","Past","Blueberry","Imply","NotFocus",30
"499","67d933a6939390178799a6b6","Contact","Present","tomato","Before","Focus",0
"500","67d933a6939390178799a6b6","Contact","Present","tomato","After","Focus",100
"501","67d933a6939390178799a6b6","Contact","Present","tomato","Imply","Focus",100
"502","67d933a6939390178799a6b6","Contact","Past","muffin","Before","Focus",10
"503","67d933a6939390178799a6b6","Contact","Past","muffin","After","Focus",100
"504","67d933a6939390178799a6b6","Contact","Past","muffin","Imply","Focus",47
"505","67d9bf357226ad721472c55a","Drop","Present","tomato","Before","NA",0
"506","67d9bf357226ad721472c55a","Drop","Present","tomato","After","NA",100
"507","67d9bf357226ad721472c55a","Drop","Present","tomato","Imply","NA",80
"508","67d9bf357226ad721472c55a","Drop","Past","tomato","Before","NA",0
"509","67d9bf357226ad721472c55a","Drop","Past","tomato","After","NA",100
"510","67d9bf357226ad721472c55a","Drop","Past","tomato","Imply","NA",80
"511","67d9bf357226ad721472c55a","Contact","Present","muffin","Before","NotFocus",0
"512","67d9bf357226ad721472c55a","Contact","Present","muffin","After","NotFocus",100
"513","67d9bf357226ad721472c55a","Contact","Present","muffin","Imply","NotFocus",100
"514","67d9bf357226ad721472c55a","Contact","Past","muffin","Before","NotFocus",0
"515","67d9bf357226ad721472c55a","Contact","Past","muffin","After","NotFocus",100
"516","67d9bf357226ad721472c55a","Contact","Past","muffin","Imply","NotFocus",100
"517","67d9bf357226ad721472c55a","Contact","Present","muffin","Before","Focus",0
"518","67d9bf357226ad721472c55a","Contact","Present","muffin","After","Focus",50
"519","67d9bf357226ad721472c55a","Contact","Present","muffin","Imply","Focus",50
"520","67d9bf357226ad721472c55a","Contact","Past","tomato","Before","Focus",0
"521","67d9bf357226ad721472c55a","Contact","Past","tomato","After","Focus",50
"522","67d9bf357226ad721472c55a","Contact","Past","tomato","Imply","Focus",50
"523","66e9977b1c4319605e488650","Drop","Present","muffin","Before","NA",90
"524","66e9977b1c4319605e488650","Drop","Present","muffin","After","NA",74
"525","66e9977b1c4319605e488650","Drop","Present","muffin","Imply","NA",17
"526","66e9977b1c4319605e488650","Drop","Past","Blueberry","Before","NA",100
"527","66e9977b1c4319605e488650","Drop","Past","Blueberry","After","NA",100
"528","66e9977b1c4319605e488650","Drop","Past","Blueberry","Imply","NA",9
"529","66e9977b1c4319605e488650","Contact","Present","Blueberry","Before","NotFocus",55
"530","66e9977b1c4319605e488650","Contact","Present","Blueberry","After","NotFocus",100
"531","66e9977b1c4319605e488650","Contact","Present","Blueberry","Imply","NotFocus",39
"532","66e9977b1c4319605e488650","Contact","Past","tomato","Before","NotFocus",2
"533","66e9977b1c4319605e488650","Contact","Past","tomato","After","NotFocus",94
"534","66e9977b1c4319605e488650","Contact","Past","tomato","Imply","NotFocus",27
"535","66e9977b1c4319605e488650","Contact","Present","muffin","Before","Focus",31
"536","66e9977b1c4319605e488650","Contact","Present","muffin","After","Focus",69
"537","66e9977b1c4319605e488650","Contact","Present","muffin","Imply","Focus",37
"538","66e9977b1c4319605e488650","Contact","Past","Blueberry","Before","Focus",76
"539","66e9977b1c4319605e488650","Contact","Past","Blueberry","After","Focus",35
"540","66e9977b1c4319605e488650","Contact","Past","Blueberry","Imply","Focus",18
"541","67d726cab3e7de4688f238ac","Drop","Present","Blueberry","Before","NA",0
"542","67d726cab3e7de4688f238ac","Drop","Present","Blueberry","After","NA",0
"543","67d726cab3e7de4688f238ac","Drop","Present","Blueberry","Imply","NA",50
"544","67d726cab3e7de4688f238ac","Drop","Past","tomato","Before","NA",0
"545","67d726cab3e7de4688f238ac","Drop","Past","tomato","After","NA",0
"546","67d726cab3e7de4688f238ac","Drop","Past","tomato","Imply","NA",50
"547","67d726cab3e7de4688f238ac","Contact","Present","muffin","Before","NotFocus",0
"548","67d726cab3e7de4688f238ac","Contact","Present","muffin","After","NotFocus",100
"549","67d726cab3e7de4688f238ac","Contact","Present","muffin","Imply","NotFocus",0
"550","67d726cab3e7de4688f238ac","Contact","Past","Blueberry","Before","NotFocus",0
"551","67d726cab3e7de4688f238ac","Contact","Past","Blueberry","After","NotFocus",100
"552","67d726cab3e7de4688f238ac","Contact","Past","Blueberry","Imply","NotFocus",0
"553","67d726cab3e7de4688f238ac","Contact","Present","Blueberry","Before","Focus",0
"554","67d726cab3e7de4688f238ac","Contact","Present","Blueberry","After","Focus",0
"555","67d726cab3e7de4688f238ac","Contact","Present","Blueberry","Imply","Focus",50
"556","67d726cab3e7de4688f238ac","Contact","Past","tomato","Before","Focus",0
"557","67d726cab3e7de4688f238ac","Contact","Past","tomato","After","Focus",0
"558","67d726cab3e7de4688f238ac","Contact","Past","tomato","Imply","Focus",50
"559","67d86e0a4837bad071bbef3d","Drop","Present","muffin","Before","NA",0
"560","67d86e0a4837bad071bbef3d","Drop","Present","muffin","After","NA",100
"561","67d86e0a4837bad071bbef3d","Drop","Present","muffin","Imply","NA",100
"562","67d86e0a4837bad071bbef3d","Drop","Past","Blueberry","Before","NA",0
"563","67d86e0a4837bad071bbef3d","Drop","Past","Blueberry","After","NA",100
"564","67d86e0a4837bad071bbef3d","Drop","Past","Blueberry","Imply","NA",100
"565","67d86e0a4837bad071bbef3d","Contact","Present","muffin","Before","NotFocus",0
"566","67d86e0a4837bad071bbef3d","Contact","Present","muffin","After","NotFocus",100
"567","67d86e0a4837bad071bbef3d","Contact","Present","muffin","Imply","NotFocus",100
"568","67d86e0a4837bad071bbef3d","Contact","Past","Blueberry","Before","NotFocus",0
"569","67d86e0a4837bad071bbef3d","Contact","Past","Blueberry","After","NotFocus",90
"570","67d86e0a4837bad071bbef3d","Contact","Past","Blueberry","Imply","NotFocus",100
"571","67d86e0a4837bad071bbef3d","Contact","Present","muffin","Before","Focus",0
"572","67d86e0a4837bad071bbef3d","Contact","Present","muffin","After","Focus",82
"573","67d86e0a4837bad071bbef3d","Contact","Present","muffin","Imply","Focus",100
"574","67d86e0a4837bad071bbef3d","Contact","Past","Blueberry","Before","Focus",0
"575","67d86e0a4837bad071bbef3d","Contact","Past","Blueberry","After","Focus",83
"576","67d86e0a4837bad071bbef3d","Contact","Past","Blueberry","Imply","Focus",90
"577","67d904eb86974453d6e99638","Drop","Present","tomato","Before","NA",0
"578","67d904eb86974453d6e99638","Drop","Present","tomato","After","NA",100
"579","67d904eb86974453d6e99638","Drop","Present","tomato","Imply","NA",0
"580","67d904eb86974453d6e99638","Drop","Past","tomato","Before","NA",0
"581","67d904eb86974453d6e99638","Drop","Past","tomato","After","NA",100
"582","67d904eb86974453d6e99638","Drop","Past","tomato","Imply","NA",50
"583","67d904eb86974453d6e99638","Contact","Present","tomato","Before","NotFocus",0
"584","67d904eb86974453d6e99638","Contact","Present","tomato","After","NotFocus",100
"585","67d904eb86974453d6e99638","Contact","Present","tomato","Imply","NotFocus",50
"586","67d904eb86974453d6e99638","Contact","Past","tomato","Before","NotFocus",78
"587","67d904eb86974453d6e99638","Contact","Past","tomato","After","NotFocus",100
"588","67d904eb86974453d6e99638","Contact","Past","tomato","Imply","NotFocus",50
"589","67d904eb86974453d6e99638","Contact","Present","Blueberry","Before","Focus",0
"590","67d904eb86974453d6e99638","Contact","Present","Blueberry","After","Focus",100
"591","67d904eb86974453d6e99638","Contact","Present","Blueberry","Imply","Focus",50
"592","67d904eb86974453d6e99638","Contact","Past","Blueberry","Before","Focus",0
"593","67d904eb86974453d6e99638","Contact","Past","Blueberry","After","Focus",50
"594","67d904eb86974453d6e99638","Contact","Past","Blueberry","Imply","Focus",50
"595","5fff0eb8fa9eac64dfee12f0","Drop","Present","tomato","Before","NA",0
"596","5fff0eb8fa9eac64dfee12f0","Drop","Present","tomato","After","NA",100
"597","5fff0eb8fa9eac64dfee12f0","Drop","Present","tomato","Imply","NA",100
"598","5fff0eb8fa9eac64dfee12f0","Drop","Past","tomato","Before","NA",0
"599","5fff0eb8fa9eac64dfee12f0","Drop","Past","tomato","After","NA",100
"600","5fff0eb8fa9eac64dfee12f0","Drop","Past","tomato","Imply","NA",100
"601","5fff0eb8fa9eac64dfee12f0","Contact","Present","muffin","Before","NotFocus",0
"602","5fff0eb8fa9eac64dfee12f0","Contact","Present","muffin","After","NotFocus",100
"603","5fff0eb8fa9eac64dfee12f0","Contact","Present","muffin","Imply","NotFocus",87
"604","5fff0eb8fa9eac64dfee12f0","Contact","Past","tomato","Before","NotFocus",0
"605","5fff0eb8fa9eac64dfee12f0","Contact","Past","tomato","After","NotFocus",93
"606","5fff0eb8fa9eac64dfee12f0","Contact","Past","tomato","Imply","NotFocus",66
"607","5fff0eb8fa9eac64dfee12f0","Contact","Present","tomato","Before","Focus",0
"608","5fff0eb8fa9eac64dfee12f0","Contact","Present","tomato","After","Focus",100
"609","5fff0eb8fa9eac64dfee12f0","Contact","Present","tomato","Imply","Focus",57
"610","5fff0eb8fa9eac64dfee12f0","Contact","Past","tomato","Before","Focus",0
"611","5fff0eb8fa9eac64dfee12f0","Contact","Past","tomato","After","Focus",84
"612","5fff0eb8fa9eac64dfee12f0","Contact","Past","tomato","Imply","Focus",66
"613","6288557c67c5e08a1ebaf795","Drop","Present","tomato","Before","NA",0
"614","6288557c67c5e08a1ebaf795","Drop","Present","tomato","After","NA",100
"615","6288557c67c5e08a1ebaf795","Drop","Present","tomato","Imply","NA",100
"616","6288557c67c5e08a1ebaf795","Drop","Past","muffin","Before","NA",0
"617","6288557c67c5e08a1ebaf795","Drop","Past","muffin","After","NA",100
"618","6288557c67c5e08a1ebaf795","Drop","Past","muffin","Imply","NA",100
"619","6288557c67c5e08a1ebaf795","Contact","Present","tomato","Before","NotFocus",0
"620","6288557c67c5e08a1ebaf795","Contact","Present","tomato","After","NotFocus",100
"621","6288557c67c5e08a1ebaf795","Contact","Present","tomato","Imply","NotFocus",100
"622","6288557c67c5e08a1ebaf795","Contact","Past","muffin","Before","NotFocus",0
"623","6288557c67c5e08a1ebaf795","Contact","Past","muffin","After","NotFocus",100
"624","6288557c67c5e08a1ebaf795","Contact","Past","muffin","Imply","NotFocus",100
"625","6288557c67c5e08a1ebaf795","Contact","Present","tomato","Before","Focus",0
"626","6288557c67c5e08a1ebaf795","Contact","Present","tomato","After","Focus",100
"627","6288557c67c5e08a1ebaf795","Contact","Present","tomato","Imply","Focus",100
"628","6288557c67c5e08a1ebaf795","Contact","Past","muffin","Before","Focus",0
"629","6288557c67c5e08a1ebaf795","Contact","Past","muffin","After","Focus",100
"630","6288557c67c5e08a1ebaf795","Contact","Past","muffin","Imply","Focus",100
"631","66d64afc5c2188977812dead","Drop","Present","Blueberry","Before","NA",0
"632","66d64afc5c2188977812dead","Drop","Present","Blueberry","After","NA",100
"633","66d64afc5c2188977812dead","Drop","Present","Blueberry","Imply","NA",100
"634","66d64afc5c2188977812dead","Drop","Past","tomato","Before","NA",0
"635","66d64afc5c2188977812dead","Drop","Past","tomato","After","NA",100
"636","66d64afc5c2188977812dead","Drop","Past","tomato","Imply","NA",100
"637","66d64afc5c2188977812dead","Contact","Present","muffin","Before","NotFocus",0
"638","66d64afc5c2188977812dead","Contact","Present","muffin","After","NotFocus",81
"639","66d64afc5c2188977812dead","Contact","Present","muffin","Imply","NotFocus",50
"640","66d64afc5c2188977812dead","Contact","Past","Blueberry","Before","NotFocus",0
"641","66d64afc5c2188977812dead","Contact","Past","Blueberry","After","NotFocus",100
"642","66d64afc5c2188977812dead","Contact","Past","Blueberry","Imply","NotFocus",80
"643","66d64afc5c2188977812dead","Contact","Present","muffin","Before","Focus",0
"644","66d64afc5c2188977812dead","Contact","Present","muffin","After","Focus",100
"645","66d64afc5c2188977812dead","Contact","Present","muffin","Imply","Focus",100
"646","66d64afc5c2188977812dead","Contact","Past","Blueberry","Before","Focus",0
"647","66d64afc5c2188977812dead","Contact","Past","Blueberry","After","Focus",100
"648","66d64afc5c2188977812dead","Contact","Past","Blueberry","Imply","Focus",100
"649","5831f08ebfb3b400015a6ad4","Drop","Present","tomato","Before","NA",0
"650","5831f08ebfb3b400015a6ad4","Drop","Present","tomato","After","NA",100
"651","5831f08ebfb3b400015a6ad4","Drop","Present","tomato","Imply","NA",50
"652","5831f08ebfb3b400015a6ad4","Drop","Past","Blueberry","Before","NA",0
"653","5831f08ebfb3b400015a6ad4","Drop","Past","Blueberry","After","NA",100
"654","5831f08ebfb3b400015a6ad4","Drop","Past","Blueberry","Imply","NA",50
"655","5831f08ebfb3b400015a6ad4","Contact","Present","Blueberry","Before","NotFocus",0
"656","5831f08ebfb3b400015a6ad4","Contact","Present","Blueberry","After","NotFocus",100
"657","5831f08ebfb3b400015a6ad4","Contact","Present","Blueberry","Imply","NotFocus",50
"658","5831f08ebfb3b400015a6ad4","Contact","Past","muffin","Before","NotFocus",0
"659","5831f08ebfb3b400015a6ad4","Contact","Past","muffin","After","NotFocus",100
"660","5831f08ebfb3b400015a6ad4","Contact","Past","muffin","Imply","NotFocus",50
"661","5831f08ebfb3b400015a6ad4","Contact","Present","muffin","Before","Focus",0
"662","5831f08ebfb3b400015a6ad4","Contact","Present","muffin","After","Focus",100
"663","5831f08ebfb3b400015a6ad4","Contact","Present","muffin","Imply","Focus",50
"664","5831f08ebfb3b400015a6ad4","Contact","Past","Blueberry","Before","Focus",0
"665","5831f08ebfb3b400015a6ad4","Contact","Past","Blueberry","After","Focus",100
"666","5831f08ebfb3b400015a6ad4","Contact","Past","Blueberry","Imply","Focus",50
"667","663e3c2870a87bac315ac450","Drop","Present","muffin","Before","NA",0
"668","663e3c2870a87bac315ac450","Drop","Present","muffin","After","NA",100
"669","663e3c2870a87bac315ac450","Drop","Present","muffin","Imply","NA",100
"670","663e3c2870a87bac315ac450","Drop","Past","Blueberry","Before","NA",0
"671","663e3c2870a87bac315ac450","Drop","Past","Blueberry","After","NA",100
"672","663e3c2870a87bac315ac450","Drop","Past","Blueberry","Imply","NA",100
"673","663e3c2870a87bac315ac450","Contact","Present","Blueberry","Before","NotFocus",0
"674","663e3c2870a87bac315ac450","Contact","Present","Blueberry","After","NotFocus",100
"675","663e3c2870a87bac315ac450","Contact","Present","Blueberry","Imply","NotFocus",93
"676","663e3c2870a87bac315ac450","Contact","Past","Blueberry","Before","NotFocus",6
"677","663e3c2870a87bac315ac450","Contact","Past","Blueberry","After","NotFocus",91
"678","663e3c2870a87bac315ac450","Contact","Past","Blueberry","Imply","NotFocus",86
"679","663e3c2870a87bac315ac450","Contact","Present","tomato","Before","Focus",0
"680","663e3c2870a87bac315ac450","Contact","Present","tomato","After","Focus",89
"681","663e3c2870a87bac315ac450","Contact","Present","tomato","Imply","Focus",86
"682","663e3c2870a87bac315ac450","Contact","Past","muffin","Before","Focus",2
"683","663e3c2870a87bac315ac450","Contact","Past","muffin","After","Focus",97
"684","663e3c2870a87bac315ac450","Contact","Past","muffin","Imply","Focus",92
"685","5beccd423b6489000156596f","Drop","Present","muffin","Before","NA",13
"686","5beccd423b6489000156596f","Drop","Present","muffin","After","NA",81
"687","5beccd423b6489000156596f","Drop","Present","muffin","Imply","NA",60
"688","5beccd423b6489000156596f","Drop","Past","Blueberry","Before","NA",0
"689","5beccd423b6489000156596f","Drop","Past","Blueberry","After","NA",96
"690","5beccd423b6489000156596f","Drop","Past","Blueberry","Imply","NA",56
"691","5beccd423b6489000156596f","Contact","Present","muffin","Before","NotFocus",1
"692","5beccd423b6489000156596f","Contact","Present","muffin","After","NotFocus",81
"693","5beccd423b6489000156596f","Contact","Present","muffin","Imply","NotFocus",70
"694","5beccd423b6489000156596f","Contact","Past","tomato","Before","NotFocus",24
"695","5beccd423b6489000156596f","Contact","Past","tomato","After","NotFocus",83
"696","5beccd423b6489000156596f","Contact","Past","tomato","Imply","NotFocus",59
"697","5beccd423b6489000156596f","Contact","Present","tomato","Before","Focus",2
"698","5beccd423b6489000156596f","Contact","Present","tomato","After","Focus",80
"699","5beccd423b6489000156596f","Contact","Present","tomato","Imply","Focus",56
"700","5beccd423b6489000156596f","Contact","Past","Blueberry","Before","Focus",20
"701","5beccd423b6489000156596f","Contact","Past","Blueberry","After","Focus",80
"702","5beccd423b6489000156596f","Contact","Past","Blueberry","Imply","Focus",58
"703","67d46c2bd2d799cc068a0342","Drop","Present","muffin","Before","NA",13
"704","67d46c2bd2d799cc068a0342","Drop","Present","muffin","After","NA",94
"705","67d46c2bd2d799cc068a0342","Drop","Present","muffin","Imply","NA",89
"706","67d46c2bd2d799cc068a0342","Drop","Past","Blueberry","Before","NA",5
"707","67d46c2bd2d799cc068a0342","Drop","Past","Blueberry","After","NA",84
"708","67d46c2bd2d799cc068a0342","Drop","Past","Blueberry","Imply","NA",89
"709","67d46c2bd2d799cc068a0342","Contact","Present","Blueberry","Before","NotFocus",5
"710","67d46c2bd2d799cc068a0342","Contact","Present","Blueberry","After","NotFocus",96
"711","67d46c2bd2d799cc068a0342","Contact","Present","Blueberry","Imply","NotFocus",88
"712","67d46c2bd2d799cc068a0342","Contact","Past","muffin","Before","NotFocus",17
"713","67d46c2bd2d799cc068a0342","Contact","Past","muffin","After","NotFocus",84
"714","67d46c2bd2d799cc068a0342","Contact","Past","muffin","Imply","NotFocus",93
"715","67d46c2bd2d799cc068a0342","Contact","Present","Blueberry","Before","Focus",13
"716","67d46c2bd2d799cc068a0342","Contact","Present","Blueberry","After","Focus",88
"717","67d46c2bd2d799cc068a0342","Contact","Present","Blueberry","Imply","Focus",90
"718","67d46c2bd2d799cc068a0342","Contact","Past","muffin","Before","Focus",13
"719","67d46c2bd2d799cc068a0342","Contact","Past","muffin","After","Focus",91
"720","67d46c2bd2d799cc068a0342","Contact","Past","muffin","Imply","Focus",87
"721","6740d30f66d8dde62f1c1a74","Drop","Present","Blueberry","Before","NA",0
"722","6740d30f66d8dde62f1c1a74","Drop","Present","Blueberry","After","NA",100
"723","6740d30f66d8dde62f1c1a74","Drop","Present","Blueberry","Imply","NA",0
"724","6740d30f66d8dde62f1c1a74","Drop","Past","tomato","Before","NA",0
"725","6740d30f66d8dde62f1c1a74","Drop","Past","tomato","After","NA",100
"726","6740d30f66d8dde62f1c1a74","Drop","Past","tomato","Imply","NA",0
"727","6740d30f66d8dde62f1c1a74","Contact","Present","Blueberry","Before","NotFocus",0
"728","6740d30f66d8dde62f1c1a74","Contact","Present","Blueberry","After","NotFocus",100
"729","6740d30f66d8dde62f1c1a74","Contact","Present","Blueberry","Imply","NotFocus",0
"730","6740d30f66d8dde62f1c1a74","Contact","Past","muffin","Before","NotFocus",0
"731","6740d30f66d8dde62f1c1a74","Contact","Past","muffin","After","NotFocus",100
"732","6740d30f66d8dde62f1c1a74","Contact","Past","muffin","Imply","NotFocus",0
"733","6740d30f66d8dde62f1c1a74","Contact","Present","muffin","Before","Focus",0
"734","6740d30f66d8dde62f1c1a74","Contact","Present","muffin","After","Focus",100
"735","6740d30f66d8dde62f1c1a74","Contact","Present","muffin","Imply","Focus",0
"736","6740d30f66d8dde62f1c1a74","Contact","Past","muffin","Before","Focus",0
"737","6740d30f66d8dde62f1c1a74","Contact","Past","muffin","After","Focus",96
"738","6740d30f66d8dde62f1c1a74","Contact","Past","muffin","Imply","Focus",0
"739","66deeb0d5913bc50b5a5de26","Drop","Present","tomato","Before","NA",0
"740","66deeb0d5913bc50b5a5de26","Drop","Present","tomato","After","NA",100
"741","66deeb0d5913bc50b5a5de26","Drop","Present","tomato","Imply","NA",2
"742","66deeb0d5913bc50b5a5de26","Drop","Past","muffin","Before","NA",2
"743","66deeb0d5913bc50b5a5de26","Drop","Past","muffin","After","NA",100
"744","66deeb0d5913bc50b5a5de26","Drop","Past","muffin","Imply","NA",0
"745","66deeb0d5913bc50b5a5de26","Contact","Present","muffin","Before","NotFocus",0
"746","66deeb0d5913bc50b5a5de26","Contact","Present","muffin","After","NotFocus",100
"747","66deeb0d5913bc50b5a5de26","Contact","Present","muffin","Imply","NotFocus",4
"748","66deeb0d5913bc50b5a5de26","Contact","Past","Blueberry","Before","NotFocus",5
"749","66deeb0d5913bc50b5a5de26","Contact","Past","Blueberry","After","NotFocus",100
"750","66deeb0d5913bc50b5a5de26","Contact","Past","Blueberry","Imply","NotFocus",0
"751","66deeb0d5913bc50b5a5de26","Contact","Present","Blueberry","Before","Focus",3
"752","66deeb0d5913bc50b5a5de26","Contact","Present","Blueberry","After","Focus",100
"753","66deeb0d5913bc50b5a5de26","Contact","Present","Blueberry","Imply","Focus",0
"754","66deeb0d5913bc50b5a5de26","Contact","Past","tomato","Before","Focus",5
"755","66deeb0d5913bc50b5a5de26","Contact","Past","tomato","After","Focus",45
"756","66deeb0d5913bc50b5a5de26","Contact","Past","tomato","Imply","Focus",0
"757","67ce29b9e7b503290ef85551","Drop","Present","Blueberry","Before","NA",0
"758","67ce29b9e7b503290ef85551","Drop","Present","Blueberry","After","NA",100
"759","67ce29b9e7b503290ef85551","Drop","Present","Blueberry","Imply","NA",100
"760","67ce29b9e7b503290ef85551","Drop","Past","tomato","Before","NA",0
"761","67ce29b9e7b503290ef85551","Drop","Past","tomato","After","NA",100
"762","67ce29b9e7b503290ef85551","Drop","Past","tomato","Imply","NA",100
"763","67ce29b9e7b503290ef85551","Contact","Present","tomato","Before","NotFocus",0
"764","67ce29b9e7b503290ef85551","Contact","Present","tomato","After","NotFocus",100
"765","67ce29b9e7b503290ef85551","Contact","Present","tomato","Imply","NotFocus",100
"766","67ce29b9e7b503290ef85551","Contact","Past","muffin","Before","NotFocus",0
"767","67ce29b9e7b503290ef85551","Contact","Past","muffin","After","NotFocus",100
"768","67ce29b9e7b503290ef85551","Contact","Past","muffin","Imply","NotFocus",100
"769","67ce29b9e7b503290ef85551","Contact","Present","tomato","Before","Focus",0
"770","67ce29b9e7b503290ef85551","Contact","Present","tomato","After","Focus",99
"771","67ce29b9e7b503290ef85551","Contact","Present","tomato","Imply","Focus",100
"772","67ce29b9e7b503290ef85551","Contact","Past","tomato","Before","Focus",0
"773","67ce29b9e7b503290ef85551","Contact","Past","tomato","After","Focus",50
"774","67ce29b9e7b503290ef85551","Contact","Past","tomato","Imply","Focus",19
"775","67719250f26f89447c0c4d43","Drop","Present","Blueberry","Before","NA",2
"776","67719250f26f89447c0c4d43","Drop","Present","Blueberry","After","NA",75
"777","67719250f26f89447c0c4d43","Drop","Present","Blueberry","Imply","NA",74
"778","67719250f26f89447c0c4d43","Drop","Past","muffin","Before","NA",1
"779","67719250f26f89447c0c4d43","Drop","Past","muffin","After","NA",51
"780","67719250f26f89447c0c4d43","Drop","Past","muffin","Imply","NA",25
"781","67719250f26f89447c0c4d43","Contact","Present","muffin","Before","NotFocus",2
"782","67719250f26f89447c0c4d43","Contact","Present","muffin","After","NotFocus",64
"783","67719250f26f89447c0c4d43","Contact","Present","muffin","Imply","NotFocus",71
"784","67719250f26f89447c0c4d43","Contact","Past","tomato","Before","NotFocus",3
"785","67719250f26f89447c0c4d43","Contact","Past","tomato","After","NotFocus",80
"786","67719250f26f89447c0c4d43","Contact","Past","tomato","Imply","NotFocus",77
"787","67719250f26f89447c0c4d43","Contact","Present","Blueberry","Before","Focus",3
"788","67719250f26f89447c0c4d43","Contact","Present","Blueberry","After","Focus",74
"789","67719250f26f89447c0c4d43","Contact","Present","Blueberry","Imply","Focus",66
"790","67719250f26f89447c0c4d43","Contact","Past","tomato","Before","Focus",1
"791","67719250f26f89447c0c4d43","Contact","Past","tomato","After","Focus",91
"792","67719250f26f89447c0c4d43","Contact","Past","tomato","Imply","Focus",87
"793","6738f22ad48db279c079570d","Drop","Present","tomato","Before","NA",0
"794","6738f22ad48db279c079570d","Drop","Present","tomato","After","NA",80
"795","6738f22ad48db279c079570d","Drop","Present","tomato","Imply","NA",74
"796","6738f22ad48db279c079570d","Drop","Past","muffin","Before","NA",0
"797","6738f22ad48db279c079570d","Drop","Past","muffin","After","NA",94
"798","6738f22ad48db279c079570d","Drop","Past","muffin","Imply","NA",85
"799","6738f22ad48db279c079570d","Contact","Present","Blueberry","Before","NotFocus",0
"800","6738f22ad48db279c079570d","Contact","Present","Blueberry","After","NotFocus",50
"801","6738f22ad48db279c079570d","Contact","Present","Blueberry","Imply","NotFocus",50
"802","6738f22ad48db279c079570d","Contact","Past","tomato","Before","NotFocus",0
"803","6738f22ad48db279c079570d","Contact","Past","tomato","After","NotFocus",50
"804","6738f22ad48db279c079570d","Contact","Past","tomato","Imply","NotFocus",50
"805","6738f22ad48db279c079570d","Contact","Present","muffin","Before","Focus",0
"806","6738f22ad48db279c079570d","Contact","Present","muffin","After","Focus",50
"807","6738f22ad48db279c079570d","Contact","Present","muffin","Imply","Focus",50
"808","6738f22ad48db279c079570d","Contact","Past","muffin","Before","Focus",0
"809","6738f22ad48db279c079570d","Contact","Past","muffin","After","Focus",50
"810","6738f22ad48db279c079570d","Contact","Past","muffin","Imply","Focus",50
"811","65a708e73e47380843931ad8","Drop","Present","muffin","Before","NA",0
"812","65a708e73e47380843931ad8","Drop","Present","muffin","After","NA",90
"813","65a708e73e47380843931ad8","Drop","Present","muffin","Imply","NA",100
"814","65a708e73e47380843931ad8","Drop","Past","Blueberry","Before","NA",0
"815","65a708e73e47380843931ad8","Drop","Past","Blueberry","After","NA",100
"816","65a708e73e47380843931ad8","Drop","Past","Blueberry","Imply","NA",100
"817","65a708e73e47380843931ad8","Contact","Present","Blueberry","Before","NotFocus",0
"818","65a708e73e47380843931ad8","Contact","Present","Blueberry","After","NotFocus",8
"819","65a708e73e47380843931ad8","Contact","Present","Blueberry","Imply","NotFocus",8
"820","65a708e73e47380843931ad8","Contact","Past","tomato","Before","NotFocus",0
"821","65a708e73e47380843931ad8","Contact","Past","tomato","After","NotFocus",20
"822","65a708e73e47380843931ad8","Contact","Past","tomato","Imply","NotFocus",50
"823","65a708e73e47380843931ad8","Contact","Present","muffin","Before","Focus",0
"824","65a708e73e47380843931ad8","Contact","Present","muffin","After","Focus",10
"825","65a708e73e47380843931ad8","Contact","Present","muffin","Imply","Focus",20
"826","65a708e73e47380843931ad8","Contact","Past","Blueberry","Before","Focus",0
"827","65a708e73e47380843931ad8","Contact","Past","Blueberry","After","Focus",0
"828","65a708e73e47380843931ad8","Contact","Past","Blueberry","Imply","Focus",20
"829","65e7a4565d3bdb0624b6d060","Drop","Present","tomato","Before","NA",0
"830","65e7a4565d3bdb0624b6d060","Drop","Present","tomato","After","NA",100
"831","65e7a4565d3bdb0624b6d060","Drop","Present","tomato","Imply","NA",100
"832","65e7a4565d3bdb0624b6d060","Drop","Past","muffin","Before","NA",0
"833","65e7a4565d3bdb0624b6d060","Drop","Past","muffin","After","NA",100
"834","65e7a4565d3bdb0624b6d060","Drop","Past","muffin","Imply","NA",100
"835","65e7a4565d3bdb0624b6d060","Contact","Present","tomato","Before","NotFocus",0
"836","65e7a4565d3bdb0624b6d060","Contact","Present","tomato","After","NotFocus",100
"837","65e7a4565d3bdb0624b6d060","Contact","Present","tomato","Imply","NotFocus",100
"838","65e7a4565d3bdb0624b6d060","Contact","Past","Blueberry","Before","NotFocus",0
"839","65e7a4565d3bdb0624b6d060","Contact","Past","Blueberry","After","NotFocus",100
"840","65e7a4565d3bdb0624b6d060","Contact","Past","Blueberry","Imply","NotFocus",100
"841","65e7a4565d3bdb0624b6d060","Contact","Present","tomato","Before","Focus",0
"842","65e7a4565d3bdb0624b6d060","Contact","Present","tomato","After","Focus",100
"843","65e7a4565d3bdb0624b6d060","Contact","Present","tomato","Imply","Focus",100
"844","65e7a4565d3bdb0624b6d060","Contact","Past","Blueberry","Before","Focus",0
"845","65e7a4565d3bdb0624b6d060","Contact","Past","Blueberry","After","Focus",100
"846","65e7a4565d3bdb0624b6d060","Contact","Past","Blueberry","Imply","Focus",100
"847","657ed969b33b843f6ea841f1","Drop","Present","tomato","Before","NA",0
"848","657ed969b33b843f6ea841f1","Drop","Present","tomato","After","NA",100
"849","657ed969b33b843f6ea841f1","Drop","Present","tomato","Imply","NA",100
"850","657ed969b33b843f6ea841f1","Drop","Past","muffin","Before","NA",0
"851","657ed969b33b843f6ea841f1","Drop","Past","muffin","After","NA",100
"852","657ed969b33b843f6ea841f1","Drop","Past","muffin","Imply","NA",100
"853","657ed969b33b843f6ea841f1","Contact","Present","Blueberry","Before","NotFocus",0
"854","657ed969b33b843f6ea841f1","Contact","Present","Blueberry","After","NotFocus",79
"855","657ed969b33b843f6ea841f1","Contact","Present","Blueberry","Imply","NotFocus",66
"856","657ed969b33b843f6ea841f1","Contact","Past","tomato","Before","NotFocus",0
"857","657ed969b33b843f6ea841f1","Contact","Past","tomato","After","NotFocus",73
"858","657ed969b33b843f6ea841f1","Contact","Past","tomato","Imply","NotFocus",70
"859","657ed969b33b843f6ea841f1","Contact","Present","Blueberry","Before","Focus",0
"860","657ed969b33b843f6ea841f1","Contact","Present","Blueberry","After","Focus",0
"861","657ed969b33b843f6ea841f1","Contact","Present","Blueberry","Imply","Focus",0
"862","657ed969b33b843f6ea841f1","Contact","Past","muffin","Before","Focus",0
"863","657ed969b33b843f6ea841f1","Contact","Past","muffin","After","Focus",0
"864","657ed969b33b843f6ea841f1","Contact","Past","muffin","Imply","Focus",0
"865","67cf6dfb019a3a7d53e9dc7e","Drop","Present","Blueberry","Before","NA",6
"866","67cf6dfb019a3a7d53e9dc7e","Drop","Present","Blueberry","After","NA",100
"867","67cf6dfb019a3a7d53e9dc7e","Drop","Present","Blueberry","Imply","NA",90
"868","67cf6dfb019a3a7d53e9dc7e","Drop","Past","muffin","Before","NA",0
"869","67cf6dfb019a3a7d53e9dc7e","Drop","Past","muffin","After","NA",100
"870","67cf6dfb019a3a7d53e9dc7e","Drop","Past","muffin","Imply","NA",100
"871","67cf6dfb019a3a7d53e9dc7e","Contact","Present","muffin","Before","NotFocus",0
"872","67cf6dfb019a3a7d53e9dc7e","Contact","Present","muffin","After","NotFocus",91
"873","67cf6dfb019a3a7d53e9dc7e","Contact","Present","muffin","Imply","NotFocus",100
"874","67cf6dfb019a3a7d53e9dc7e","Contact","Past","Blueberry","Before","NotFocus",0
"875","67cf6dfb019a3a7d53e9dc7e","Contact","Past","Blueberry","After","NotFocus",100
"876","67cf6dfb019a3a7d53e9dc7e","Contact","Past","Blueberry","Imply","NotFocus",100
"877","67cf6dfb019a3a7d53e9dc7e","Contact","Present","tomato","Before","Focus",0
"878","67cf6dfb019a3a7d53e9dc7e","Contact","Present","tomato","After","Focus",100
"879","67cf6dfb019a3a7d53e9dc7e","Contact","Present","tomato","Imply","Focus",100
"880","67cf6dfb019a3a7d53e9dc7e","Contact","Past","Blueberry","Before","Focus",1
"881","67cf6dfb019a3a7d53e9dc7e","Contact","Past","Blueberry","After","Focus",100
"882","67cf6dfb019a3a7d53e9dc7e","Contact","Past","Blueberry","Imply","Focus",98
"883","669fb915167d6c4b8e71dbfb","Drop","Present","muffin","Before","NA",36
"884","669fb915167d6c4b8e71dbfb","Drop","Present","muffin","After","NA",30
"885","669fb915167d6c4b8e71dbfb","Drop","Present","muffin","Imply","NA",36
"886","669fb915167d6c4b8e71dbfb","Drop","Past","tomato","Before","NA",49
"887","669fb915167d6c4b8e71dbfb","Drop","Past","tomato","After","NA",29
"888","669fb915167d6c4b8e71dbfb","Drop","Past","tomato","Imply","NA",38
"889","669fb915167d6c4b8e71dbfb","Contact","Present","tomato","Before","NotFocus",37
"890","669fb915167d6c4b8e71dbfb","Contact","Present","tomato","After","NotFocus",40
"891","669fb915167d6c4b8e71dbfb","Contact","Present","tomato","Imply","NotFocus",33
"892","669fb915167d6c4b8e71dbfb","Contact","Past","Blueberry","Before","NotFocus",35
"893","669fb915167d6c4b8e71dbfb","Contact","Past","Blueberry","After","NotFocus",35
"894","669fb915167d6c4b8e71dbfb","Contact","Past","Blueberry","Imply","NotFocus",31
"895","669fb915167d6c4b8e71dbfb","Contact","Present","Blueberry","Before","Focus",28
"896","669fb915167d6c4b8e71dbfb","Contact","Present","Blueberry","After","Focus",42
"897","669fb915167d6c4b8e71dbfb","Contact","Present","Blueberry","Imply","Focus",33
"898","669fb915167d6c4b8e71dbfb","Contact","Past","tomato","Before","Focus",25
"899","669fb915167d6c4b8e71dbfb","Contact","Past","tomato","After","Focus",26
"900","669fb915167d6c4b8e71dbfb","Contact","Past","tomato","Imply","Focus",17
"901","678601bc84e8fe5db695b1fe","Drop","Present","Blueberry","Before","NA",0
"902","678601bc84e8fe5db695b1fe","Drop","Present","Blueberry","After","NA",100
"903","678601bc84e8fe5db695b1fe","Drop","Present","Blueberry","Imply","NA",100
"904","678601bc84e8fe5db695b1fe","Drop","Past","Blueberry","Before","NA",0
"905","678601bc84e8fe5db695b1fe","Drop","Past","Blueberry","After","NA",100
"906","678601bc84e8fe5db695b1fe","Drop","Past","Blueberry","Imply","NA",96
"907","678601bc84e8fe5db695b1fe","Contact","Present","muffin","Before","NotFocus",0
"908","678601bc84e8fe5db695b1fe","Contact","Present","muffin","After","NotFocus",100
"909","678601bc84e8fe5db695b1fe","Contact","Present","muffin","Imply","NotFocus",94
"910","678601bc84e8fe5db695b1fe","Contact","Past","muffin","Before","NotFocus",6
"911","678601bc84e8fe5db695b1fe","Contact","Past","muffin","After","NotFocus",94
"912","678601bc84e8fe5db695b1fe","Contact","Past","muffin","Imply","NotFocus",96
"913","678601bc84e8fe5db695b1fe","Contact","Present","tomato","Before","Focus",0
"914","678601bc84e8fe5db695b1fe","Contact","Present","tomato","After","Focus",100
"915","678601bc84e8fe5db695b1fe","Contact","Present","tomato","Imply","Focus",97
"916","678601bc84e8fe5db695b1fe","Contact","Past","tomato","Before","Focus",0
"917","678601bc84e8fe5db695b1fe","Contact","Past","tomato","After","Focus",100
"918","678601bc84e8fe5db695b1fe","Contact","Past","tomato","Imply","Focus",91
"919","67ad776e631677cfaa9959a2","Drop","Present","muffin","Before","NA",0
"920","67ad776e631677cfaa9959a2","Drop","Present","muffin","After","NA",100
"921","67ad776e631677cfaa9959a2","Drop","Present","muffin","Imply","NA",70
"922","67ad776e631677cfaa9959a2","Drop","Past","tomato","Before","NA",0
"923","67ad776e631677cfaa9959a2","Drop","Past","tomato","After","NA",100
"924","67ad776e631677cfaa9959a2","Drop","Past","tomato","Imply","NA",70
"925","67ad776e631677cfaa9959a2","Contact","Present","tomato","Before","NotFocus",0
"926","67ad776e631677cfaa9959a2","Contact","Present","tomato","After","NotFocus",100
"927","67ad776e631677cfaa9959a2","Contact","Present","tomato","Imply","NotFocus",92
"928","67ad776e631677cfaa9959a2","Contact","Past","Blueberry","Before","NotFocus",0
"929","67ad776e631677cfaa9959a2","Contact","Past","Blueberry","After","NotFocus",100
"930","67ad776e631677cfaa9959a2","Contact","Past","Blueberry","Imply","NotFocus",91
"931","67ad776e631677cfaa9959a2","Contact","Present","Blueberry","Before","Focus",0
"932","67ad776e631677cfaa9959a2","Contact","Present","Blueberry","After","Focus",100
"933","67ad776e631677cfaa9959a2","Contact","Present","Blueberry","Imply","Focus",70
"934","67ad776e631677cfaa9959a2","Contact","Past","muffin","Before","Focus",0
"935","67ad776e631677cfaa9959a2","Contact","Past","muffin","After","Focus",100
"936","67ad776e631677cfaa9959a2","Contact","Past","muffin","Imply","Focus",71
"937","66a398080da27efcc3e8ecef","Drop","Present","tomato","Before","NA",0
"938","66a398080da27efcc3e8ecef","Drop","Present","tomato","After","NA",94
"939","66a398080da27efcc3e8ecef","Drop","Present","tomato","Imply","NA",93
"940","66a398080da27efcc3e8ecef","Drop","Past","tomato","Before","NA",0
"941","66a398080da27efcc3e8ecef","Drop","Past","tomato","After","NA",100
"942","66a398080da27efcc3e8ecef","Drop","Past","tomato","Imply","NA",50
"943","66a398080da27efcc3e8ecef","Contact","Present","tomato","Before","NotFocus",0
"944","66a398080da27efcc3e8ecef","Contact","Present","tomato","After","NotFocus",100
"945","66a398080da27efcc3e8ecef","Contact","Present","tomato","Imply","NotFocus",78
"946","66a398080da27efcc3e8ecef","Contact","Past","muffin","Before","NotFocus",0
"947","66a398080da27efcc3e8ecef","Contact","Past","muffin","After","NotFocus",85
"948","66a398080da27efcc3e8ecef","Contact","Past","muffin","Imply","NotFocus",72
"949","66a398080da27efcc3e8ecef","Contact","Present","Blueberry","Before","Focus",0
"950","66a398080da27efcc3e8ecef","Contact","Present","Blueberry","After","Focus",64
"951","66a398080da27efcc3e8ecef","Contact","Present","Blueberry","Imply","Focus",50
"952","66a398080da27efcc3e8ecef","Contact","Past","tomato","Before","Focus",0
"953","66a398080da27efcc3e8ecef","Contact","Past","tomato","After","Focus",69
"954","66a398080da27efcc3e8ecef","Contact","Past","tomato","Imply","Focus",56
"955","617617515ce25cbceccac37c","Drop","Present","Blueberry","Before","NA",0
"956","617617515ce25cbceccac37c","Drop","Present","Blueberry","After","NA",100
"957","617617515ce25cbceccac37c","Drop","Present","Blueberry","Imply","NA",83
"958","617617515ce25cbceccac37c","Drop","Past","Blueberry","Before","NA",0
"959","617617515ce25cbceccac37c","Drop","Past","Blueberry","After","NA",100
"960","617617515ce25cbceccac37c","Drop","Past","Blueberry","Imply","NA",83
"961","617617515ce25cbceccac37c","Contact","Present","Blueberry","Before","NotFocus",0
"962","617617515ce25cbceccac37c","Contact","Present","Blueberry","After","NotFocus",100
"963","617617515ce25cbceccac37c","Contact","Present","Blueberry","Imply","NotFocus",80
"964","617617515ce25cbceccac37c","Contact","Past","tomato","Before","NotFocus",0
"965","617617515ce25cbceccac37c","Contact","Past","tomato","After","NotFocus",80
"966","617617515ce25cbceccac37c","Contact","Past","tomato","Imply","NotFocus",89
"967","617617515ce25cbceccac37c","Contact","Present","muffin","Before","Focus",0
"968","617617515ce25cbceccac37c","Contact","Present","muffin","After","Focus",68
"969","617617515ce25cbceccac37c","Contact","Present","muffin","Imply","Focus",57
"970","617617515ce25cbceccac37c","Contact","Past","tomato","Before","Focus",0
"971","617617515ce25cbceccac37c","Contact","Past","tomato","After","Focus",80
"972","617617515ce25cbceccac37c","Contact","Past","tomato","Imply","Focus",75
"973","67cee593bbd34744ae345102","Drop","Present","muffin","Before","NA",0
"974","67cee593bbd34744ae345102","Drop","Present","muffin","After","NA",85
"975","67cee593bbd34744ae345102","Drop","Present","muffin","Imply","NA",80
"976","67cee593bbd34744ae345102","Drop","Past","tomato","Before","NA",83
"977","67cee593bbd34744ae345102","Drop","Past","tomato","After","NA",9
"978","67cee593bbd34744ae345102","Drop","Past","tomato","Imply","NA",80
"979","67cee593bbd34744ae345102","Contact","Present","muffin","Before","NotFocus",0
"980","67cee593bbd34744ae345102","Contact","Present","muffin","After","NotFocus",82
"981","67cee593bbd34744ae345102","Contact","Present","muffin","Imply","NotFocus",80
"982","67cee593bbd34744ae345102","Contact","Past","tomato","Before","NotFocus",0
"983","67cee593bbd34744ae345102","Contact","Past","tomato","After","NotFocus",82
"984","67cee593bbd34744ae345102","Contact","Past","tomato","Imply","NotFocus",82
"985","67cee593bbd34744ae345102","Contact","Present","tomato","Before","Focus",0
"986","67cee593bbd34744ae345102","Contact","Present","tomato","After","Focus",88
"987","67cee593bbd34744ae345102","Contact","Present","tomato","Imply","Focus",82
"988","67cee593bbd34744ae345102","Contact","Past","muffin","Before","Focus",0
"989","67cee593bbd34744ae345102","Contact","Past","muffin","After","Focus",81
"990","67cee593bbd34744ae345102","Contact","Past","muffin","Imply","Focus",62
"991","638f99069b060e317a097e5d","Drop","Present","muffin","Before","NA",0
"992","638f99069b060e317a097e5d","Drop","Present","muffin","After","NA",100
"993","638f99069b060e317a097e5d","Drop","Present","muffin","Imply","NA",0
"994","638f99069b060e317a097e5d","Drop","Past","muffin","Before","NA",0
"995","638f99069b060e317a097e5d","Drop","Past","muffin","After","NA",100
"996","638f99069b060e317a097e5d","Drop","Past","muffin","Imply","NA",0
"997","638f99069b060e317a097e5d","Contact","Present","tomato","Before","NotFocus",0
"998","638f99069b060e317a097e5d","Contact","Present","tomato","After","NotFocus",100
"999","638f99069b060e317a097e5d","Contact","Present","tomato","Imply","NotFocus",0
"1000","638f99069b060e317a097e5d","Contact","Past","Blueberry","Before","NotFocus",1
"1001","638f99069b060e317a097e5d","Contact","Past","Blueberry","After","NotFocus",50
"1002","638f99069b060e317a097e5d","Contact","Past","Blueberry","Imply","NotFocus",0
"1003","638f99069b060e317a097e5d","Contact","Present","Blueberry","Before","Focus",0
"1004","638f99069b060e317a097e5d","Contact","Present","Blueberry","After","Focus",0
"1005","638f99069b060e317a097e5d","Contact","Present","Blueberry","Imply","Focus",0
"1006","638f99069b060e317a097e5d","Contact","Past","tomato","Before","Focus",0
"1007","638f99069b060e317a097e5d","Contact","Past","tomato","After","Focus",100
"1008","638f99069b060e317a097e5d","Contact","Past","tomato","Imply","Focus",0
"1009","5adf59e3dee8590001b05de4","Drop","Present","tomato","Before","NA",67
"1010","5adf59e3dee8590001b05de4","Drop","Present","tomato","After","NA",73
"1011","5adf59e3dee8590001b05de4","Drop","Present","tomato","Imply","NA",66
"1012","5adf59e3dee8590001b05de4","Drop","Past","Blueberry","Before","NA",62
"1013","5adf59e3dee8590001b05de4","Drop","Past","Blueberry","After","NA",71
"1014","5adf59e3dee8590001b05de4","Drop","Past","Blueberry","Imply","NA",71
"1015","5adf59e3dee8590001b05de4","Contact","Present","tomato","Before","NotFocus",60
"1016","5adf59e3dee8590001b05de4","Contact","Present","tomato","After","NotFocus",73
"1017","5adf59e3dee8590001b05de4","Contact","Present","tomato","Imply","NotFocus",67
"1018","5adf59e3dee8590001b05de4","Contact","Past","muffin","Before","NotFocus",64
"1019","5adf59e3dee8590001b05de4","Contact","Past","muffin","After","NotFocus",69
"1020","5adf59e3dee8590001b05de4","Contact","Past","muffin","Imply","NotFocus",71
"1021","5adf59e3dee8590001b05de4","Contact","Present","Blueberry","Before","Focus",72
"1022","5adf59e3dee8590001b05de4","Contact","Present","Blueberry","After","Focus",63
"1023","5adf59e3dee8590001b05de4","Contact","Present","Blueberry","Imply","Focus",70
"1024","5adf59e3dee8590001b05de4","Contact","Past","muffin","Before","Focus",73
"1025","5adf59e3dee8590001b05de4","Contact","Past","muffin","After","Focus",77
"1026","5adf59e3dee8590001b05de4","Contact","Past","muffin","Imply","Focus",73
"1027","67d9bab0bd2a9d6d01f5fc28","Drop","Present","Blueberry","Before","NA",0
"1028","67d9bab0bd2a9d6d01f5fc28","Drop","Present","Blueberry","After","NA",50
"1029","67d9bab0bd2a9d6d01f5fc28","Drop","Present","Blueberry","Imply","NA",0
"1030","67d9bab0bd2a9d6d01f5fc28","Drop","Past","Blueberry","Before","NA",0
"1031","67d9bab0bd2a9d6d01f5fc28","Drop","Past","Blueberry","After","NA",50
"1032","67d9bab0bd2a9d6d01f5fc28","Drop","Past","Blueberry","Imply","NA",0
"1033","67d9bab0bd2a9d6d01f5fc28","Contact","Present","muffin","Before","NotFocus",0
"1034","67d9bab0bd2a9d6d01f5fc28","Contact","Present","muffin","After","NotFocus",50
"1035","67d9bab0bd2a9d6d01f5fc28","Contact","Present","muffin","Imply","NotFocus",0
"1036","67d9bab0bd2a9d6d01f5fc28","Contact","Past","tomato","Before","NotFocus",0
"1037","67d9bab0bd2a9d6d01f5fc28","Contact","Past","tomato","After","NotFocus",50
"1038","67d9bab0bd2a9d6d01f5fc28","Contact","Past","tomato","Imply","NotFocus",0
"1039","67d9bab0bd2a9d6d01f5fc28","Contact","Present","muffin","Before","Focus",0
"1040","67d9bab0bd2a9d6d01f5fc28","Contact","Present","muffin","After","Focus",50
"1041","67d9bab0bd2a9d6d01f5fc28","Contact","Present","muffin","Imply","Focus",0
"1042","67d9bab0bd2a9d6d01f5fc28","Contact","Past","Blueberry","Before","Focus",0
"1043","67d9bab0bd2a9d6d01f5fc28","Contact","Past","Blueberry","After","Focus",50
"1044","67d9bab0bd2a9d6d01f5fc28","Contact","Past","Blueberry","Imply","Focus",0
"1045","67d24662f073e83cb7a1587a","Drop","Present","tomato","Before","NA",0
"1046","67d24662f073e83cb7a1587a","Drop","Present","tomato","After","NA",93
"1047","67d24662f073e83cb7a1587a","Drop","Present","tomato","Imply","NA",100
"1048","67d24662f073e83cb7a1587a","Drop","Past","tomato","Before","NA",0
"1049","67d24662f073e83cb7a1587a","Drop","Past","tomato","After","NA",100
"1050","67d24662f073e83cb7a1587a","Drop","Past","tomato","Imply","NA",100
"1051","67d24662f073e83cb7a1587a","Contact","Present","muffin","Before","NotFocus",0
"1052","67d24662f073e83cb7a1587a","Contact","Present","muffin","After","NotFocus",100
"1053","67d24662f073e83cb7a1587a","Contact","Present","muffin","Imply","NotFocus",100
"1054","67d24662f073e83cb7a1587a","Contact","Past","muffin","Before","NotFocus",0
"1055","67d24662f073e83cb7a1587a","Contact","Past","muffin","After","NotFocus",100
"1056","67d24662f073e83cb7a1587a","Contact","Past","muffin","Imply","NotFocus",100
"1057","67d24662f073e83cb7a1587a","Contact","Present","muffin","Before","Focus",0
"1058","67d24662f073e83cb7a1587a","Contact","Present","muffin","After","Focus",100
"1059","67d24662f073e83cb7a1587a","Contact","Present","muffin","Imply","Focus",100
"1060","67d24662f073e83cb7a1587a","Contact","Past","tomato","Before","Focus",0
"1061","67d24662f073e83cb7a1587a","Contact","Past","tomato","After","Focus",100
"1062","67d24662f073e83cb7a1587a","Contact","Past","tomato","Imply","Focus",100
"1063","67c8d161717ad38aa1bc9111","Drop","Present","muffin","Before","NA",1
"1064","67c8d161717ad38aa1bc9111","Drop","Present","muffin","After","NA",73
"1065","67c8d161717ad38aa1bc9111","Drop","Present","muffin","Imply","NA",81
"1066","67c8d161717ad38aa1bc9111","Drop","Past","muffin","Before","NA",1
"1067","67c8d161717ad38aa1bc9111","Drop","Past","muffin","After","NA",71
"1068","67c8d161717ad38aa1bc9111","Drop","Past","muffin","Imply","NA",79
"1069","67c8d161717ad38aa1bc9111","Contact","Present","Blueberry","Before","NotFocus",1
"1070","67c8d161717ad38aa1bc9111","Contact","Present","Blueberry","After","NotFocus",98
"1071","67c8d161717ad38aa1bc9111","Contact","Present","Blueberry","Imply","NotFocus",98
"1072","67c8d161717ad38aa1bc9111","Contact","Past","muffin","Before","NotFocus",3
"1073","67c8d161717ad38aa1bc9111","Contact","Past","muffin","After","NotFocus",84
"1074","67c8d161717ad38aa1bc9111","Contact","Past","muffin","Imply","NotFocus",92
"1075","67c8d161717ad38aa1bc9111","Contact","Present","muffin","Before","Focus",3
"1076","67c8d161717ad38aa1bc9111","Contact","Present","muffin","After","Focus",86
"1077","67c8d161717ad38aa1bc9111","Contact","Present","muffin","Imply","Focus",92
"1078","67c8d161717ad38aa1bc9111","Contact","Past","tomato","Before","Focus",0
"1079","67c8d161717ad38aa1bc9111","Contact","Past","tomato","After","Focus",81
"1080","67c8d161717ad38aa1bc9111","Contact","Past","tomato","Imply","Focus",91
"1081","668da606f0f9ab6932be9d6b","Drop","Present","tomato","Before","NA",0
"1082","668da606f0f9ab6932be9d6b","Drop","Present","tomato","After","NA",100
"1083","668da606f0f9ab6932be9d6b","Drop","Present","tomato","Imply","NA",100
"1084","668da606f0f9ab6932be9d6b","Drop","Past","tomato","Before","NA",0
"1085","668da606f0f9ab6932be9d6b","Drop","Past","tomato","After","NA",100
"1086","668da606f0f9ab6932be9d6b","Drop","Past","tomato","Imply","NA",100
"1087","668da606f0f9ab6932be9d6b","Contact","Present","muffin","Before","NotFocus",1
"1088","668da606f0f9ab6932be9d6b","Contact","Present","muffin","After","NotFocus",100
"1089","668da606f0f9ab6932be9d6b","Contact","Present","muffin","Imply","NotFocus",100
"1090","668da606f0f9ab6932be9d6b","Contact","Past","Blueberry","Before","NotFocus",0
"1091","668da606f0f9ab6932be9d6b","Contact","Past","Blueberry","After","NotFocus",0
"1092","668da606f0f9ab6932be9d6b","Contact","Past","Blueberry","Imply","NotFocus",0
"1093","668da606f0f9ab6932be9d6b","Contact","Present","muffin","Before","Focus",1
"1094","668da606f0f9ab6932be9d6b","Contact","Present","muffin","After","Focus",100
"1095","668da606f0f9ab6932be9d6b","Contact","Present","muffin","Imply","Focus",99
"1096","668da606f0f9ab6932be9d6b","Contact","Past","muffin","Before","Focus",0
"1097","668da606f0f9ab6932be9d6b","Contact","Past","muffin","After","Focus",0
"1098","668da606f0f9ab6932be9d6b","Contact","Past","muffin","Imply","Focus",0
"1099","67d89b6321f98e8e7a79f9dc","Drop","Present","muffin","Before","NA",0
"1100","67d89b6321f98e8e7a79f9dc","Drop","Present","muffin","After","NA",71
"1101","67d89b6321f98e8e7a79f9dc","Drop","Present","muffin","Imply","NA",50
"1102","67d89b6321f98e8e7a79f9dc","Drop","Past","Blueberry","Before","NA",0
"1103","67d89b6321f98e8e7a79f9dc","Drop","Past","Blueberry","After","NA",37
"1104","67d89b6321f98e8e7a79f9dc","Drop","Past","Blueberry","Imply","NA",37
"1105","67d89b6321f98e8e7a79f9dc","Contact","Present","tomato","Before","NotFocus",0
"1106","67d89b6321f98e8e7a79f9dc","Contact","Present","tomato","After","NotFocus",55
"1107","67d89b6321f98e8e7a79f9dc","Contact","Present","tomato","Imply","NotFocus",55
"1108","67d89b6321f98e8e7a79f9dc","Contact","Past","Blueberry","Before","NotFocus",0
"1109","67d89b6321f98e8e7a79f9dc","Contact","Past","Blueberry","After","NotFocus",82
"1110","67d89b6321f98e8e7a79f9dc","Contact","Past","Blueberry","Imply","NotFocus",80
"1111","67d89b6321f98e8e7a79f9dc","Contact","Present","tomato","Before","Focus",0
"1112","67d89b6321f98e8e7a79f9dc","Contact","Present","tomato","After","Focus",52
"1113","67d89b6321f98e8e7a79f9dc","Contact","Present","tomato","Imply","Focus",52
"1114","67d89b6321f98e8e7a79f9dc","Contact","Past","Blueberry","Before","Focus",0
"1115","67d89b6321f98e8e7a79f9dc","Contact","Past","Blueberry","After","Focus",92
"1116","67d89b6321f98e8e7a79f9dc","Contact","Past","Blueberry","Imply","Focus",85
"1117","6604a928d8cf814da951e2d8","Drop","Present","Blueberry","Before","NA",0
"1118","6604a928d8cf814da951e2d8","Drop","Present","Blueberry","After","NA",100
"1119","6604a928d8cf814da951e2d8","Drop","Present","Blueberry","Imply","NA",76
"1120","6604a928d8cf814da951e2d8","Drop","Past","muffin","Before","NA",0
"1121","6604a928d8cf814da951e2d8","Drop","Past","muffin","After","NA",100
"1122","6604a928d8cf814da951e2d8","Drop","Past","muffin","Imply","NA",70
"1123","6604a928d8cf814da951e2d8","Contact","Present","Blueberry","Before","NotFocus",0
"1124","6604a928d8cf814da951e2d8","Contact","Present","Blueberry","After","NotFocus",100
"1125","6604a928d8cf814da951e2d8","Contact","Present","Blueberry","Imply","NotFocus",0
"1126","6604a928d8cf814da951e2d8","Contact","Past","muffin","Before","NotFocus",0
"1127","6604a928d8cf814da951e2d8","Contact","Past","muffin","After","NotFocus",100
"1128","6604a928d8cf814da951e2d8","Contact","Past","muffin","Imply","NotFocus",0
"1129","6604a928d8cf814da951e2d8","Contact","Present","Blueberry","Before","Focus",0
"1130","6604a928d8cf814da951e2d8","Contact","Present","Blueberry","After","Focus",0
"1131","6604a928d8cf814da951e2d8","Contact","Present","Blueberry","Imply","Focus",0
"1132","6604a928d8cf814da951e2d8","Contact","Past","muffin","Before","Focus",0
"1133","6604a928d8cf814da951e2d8","Contact","Past","muffin","After","Focus",0
"1134","6604a928d8cf814da951e2d8","Contact","Past","muffin","Imply","Focus",0
"1135","66e44f7a00754b042072ba54","Drop","Present","Blueberry","Before","NA",0
"1136","66e44f7a00754b042072ba54","Drop","Present","Blueberry","After","NA",100
"1137","66e44f7a00754b042072ba54","Drop","Present","Blueberry","Imply","NA",80
"1138","66e44f7a00754b042072ba54","Drop","Past","muffin","Before","NA",0
"1139","66e44f7a00754b042072ba54","Drop","Past","muffin","After","NA",100
"1140","66e44f7a00754b042072ba54","Drop","Past","muffin","Imply","NA",83
"1141","66e44f7a00754b042072ba54","Contact","Present","tomato","Before","NotFocus",0
"1142","66e44f7a00754b042072ba54","Contact","Present","tomato","After","NotFocus",75
"1143","66e44f7a00754b042072ba54","Contact","Present","tomato","Imply","NotFocus",73
"1144","66e44f7a00754b042072ba54","Contact","Past","tomato","Before","NotFocus",0
"1145","66e44f7a00754b042072ba54","Contact","Past","tomato","After","NotFocus",72
"1146","66e44f7a00754b042072ba54","Contact","Past","tomato","Imply","NotFocus",80
"1147","66e44f7a00754b042072ba54","Contact","Present","Blueberry","Before","Focus",0
"1148","66e44f7a00754b042072ba54","Contact","Present","Blueberry","After","Focus",50
"1149","66e44f7a00754b042072ba54","Contact","Present","Blueberry","Imply","Focus",50
"1150","66e44f7a00754b042072ba54","Contact","Past","Blueberry","Before","Focus",0
"1151","66e44f7a00754b042072ba54","Contact","Past","Blueberry","After","Focus",68
"1152","66e44f7a00754b042072ba54","Contact","Past","Blueberry","Imply","Focus",68
"1153","67cb65e3e76f5440d744b7c9","Drop","Present","muffin","Before","NA",0
"1154","67cb65e3e76f5440d744b7c9","Drop","Present","muffin","After","NA",100
"1155","67cb65e3e76f5440d744b7c9","Drop","Present","muffin","Imply","NA",100
"1156","67cb65e3e76f5440d744b7c9","Drop","Past","muffin","Before","NA",0
"1157","67cb65e3e76f5440d744b7c9","Drop","Past","muffin","After","NA",100
"1158","67cb65e3e76f5440d744b7c9","Drop","Past","muffin","Imply","NA",100
"1159","67cb65e3e76f5440d744b7c9","Contact","Present","Blueberry","Before","NotFocus",1
"1160","67cb65e3e76f5440d744b7c9","Contact","Present","Blueberry","After","NotFocus",100
"1161","67cb65e3e76f5440d744b7c9","Contact","Present","Blueberry","Imply","NotFocus",100
"1162","67cb65e3e76f5440d744b7c9","Contact","Past","Blueberry","Before","NotFocus",0
"1163","67cb65e3e76f5440d744b7c9","Contact","Past","Blueberry","After","NotFocus",100
"1164","67cb65e3e76f5440d744b7c9","Contact","Past","Blueberry","Imply","NotFocus",100
"1165","67cb65e3e76f5440d744b7c9","Contact","Present","tomato","Before","Focus",0
"1166","67cb65e3e76f5440d744b7c9","Contact","Present","tomato","After","Focus",80
"1167","67cb65e3e76f5440d744b7c9","Contact","Present","tomato","Imply","Focus",80
"1168","67cb65e3e76f5440d744b7c9","Contact","Past","Blueberry","Before","Focus",0
"1169","67cb65e3e76f5440d744b7c9","Contact","Past","Blueberry","After","Focus",81
"1170","67cb65e3e76f5440d744b7c9","Contact","Past","Blueberry","Imply","Focus",82
"1171","667c9f9c07cc857002729af5","Drop","Present","Blueberry","Before","NA",0
"1172","667c9f9c07cc857002729af5","Drop","Present","Blueberry","After","NA",100
"1173","667c9f9c07cc857002729af5","Drop","Present","Blueberry","Imply","NA",31
"1174","667c9f9c07cc857002729af5","Drop","Past","tomato","Before","NA",0
"1175","667c9f9c07cc857002729af5","Drop","Past","tomato","After","NA",100
"1176","667c9f9c07cc857002729af5","Drop","Past","tomato","Imply","NA",76
"1177","667c9f9c07cc857002729af5","Contact","Present","muffin","Before","NotFocus",0
"1178","667c9f9c07cc857002729af5","Contact","Present","muffin","After","NotFocus",75
"1179","667c9f9c07cc857002729af5","Contact","Present","muffin","Imply","NotFocus",75
"1180","667c9f9c07cc857002729af5","Contact","Past","tomato","Before","NotFocus",0
"1181","667c9f9c07cc857002729af5","Contact","Past","tomato","After","NotFocus",78
"1182","667c9f9c07cc857002729af5","Contact","Past","tomato","Imply","NotFocus",60
"1183","667c9f9c07cc857002729af5","Contact","Present","muffin","Before","Focus",0
"1184","667c9f9c07cc857002729af5","Contact","Present","muffin","After","Focus",61
"1185","667c9f9c07cc857002729af5","Contact","Present","muffin","Imply","Focus",51
"1186","667c9f9c07cc857002729af5","Contact","Past","tomato","Before","Focus",10
"1187","667c9f9c07cc857002729af5","Contact","Past","tomato","After","Focus",86
"1188","667c9f9c07cc857002729af5","Contact","Past","tomato","Imply","Focus",88
"1189","6593443d4000890470adb313","Drop","Present","Blueberry","Before","NA",0
"1190","6593443d4000890470adb313","Drop","Present","Blueberry","After","NA",100
"1191","6593443d4000890470adb313","Drop","Present","Blueberry","Imply","NA",100
"1192","6593443d4000890470adb313","Drop","Past","Blueberry","Before","NA",0
"1193","6593443d4000890470adb313","Drop","Past","Blueberry","After","NA",100
"1194","6593443d4000890470adb313","Drop","Past","Blueberry","Imply","NA",100
"1195","6593443d4000890470adb313","Contact","Present","Blueberry","Before","NotFocus",0
"1196","6593443d4000890470adb313","Contact","Present","Blueberry","After","NotFocus",100
"1197","6593443d4000890470adb313","Contact","Present","Blueberry","Imply","NotFocus",100
"1198","6593443d4000890470adb313","Contact","Past","muffin","Before","NotFocus",0
"1199","6593443d4000890470adb313","Contact","Past","muffin","After","NotFocus",75
"1200","6593443d4000890470adb313","Contact","Past","muffin","Imply","NotFocus",70
"1201","6593443d4000890470adb313","Contact","Present","muffin","Before","Focus",0
"1202","6593443d4000890470adb313","Contact","Present","muffin","After","Focus",70
"1203","6593443d4000890470adb313","Contact","Present","muffin","Imply","Focus",70
"1204","6593443d4000890470adb313","Contact","Past","Blueberry","Before","Focus",0
"1205","6593443d4000890470adb313","Contact","Past","Blueberry","After","Focus",100
"1206","6593443d4000890470adb313","Contact","Past","Blueberry","Imply","Focus",100
"1207","65c1501098be0f409188762f","Drop","Present","Blueberry","Before","NA",0
"1208","65c1501098be0f409188762f","Drop","Present","Blueberry","After","NA",100
"1209","65c1501098be0f409188762f","Drop","Present","Blueberry","Imply","NA",81
"1210","65c1501098be0f409188762f","Drop","Past","Blueberry","Before","NA",0
"1211","65c1501098be0f409188762f","Drop","Past","Blueberry","After","NA",100
"1212","65c1501098be0f409188762f","Drop","Past","Blueberry","Imply","NA",83
"1213","65c1501098be0f409188762f","Contact","Present","Blueberry","Before","NotFocus",0
"1214","65c1501098be0f409188762f","Contact","Present","Blueberry","After","NotFocus",100
"1215","65c1501098be0f409188762f","Contact","Present","Blueberry","Imply","NotFocus",81
"1216","65c1501098be0f409188762f","Contact","Past","Blueberry","Before","NotFocus",0
"1217","65c1501098be0f409188762f","Contact","Past","Blueberry","After","NotFocus",100
"1218","65c1501098be0f409188762f","Contact","Past","Blueberry","Imply","NotFocus",80
"1219","65c1501098be0f409188762f","Contact","Present","tomato","Before","Focus",0
"1220","65c1501098be0f409188762f","Contact","Present","tomato","After","Focus",100
"1221","65c1501098be0f409188762f","Contact","Present","tomato","Imply","Focus",99
"1222","65c1501098be0f409188762f","Contact","Past","tomato","Before","Focus",0
"1223","65c1501098be0f409188762f","Contact","Past","tomato","After","Focus",100
"1224","65c1501098be0f409188762f","Contact","Past","tomato","Imply","Focus",79
"1225","6732ab9b8627904cc6a8a524","Drop","Present","muffin","Before","NA",0
"1226","6732ab9b8627904cc6a8a524","Drop","Present","muffin","After","NA",100
"1227","6732ab9b8627904cc6a8a524","Drop","Present","muffin","Imply","NA",100
"1228","6732ab9b8627904cc6a8a524","Drop","Past","muffin","Before","NA",0
"1229","6732ab9b8627904cc6a8a524","Drop","Past","muffin","After","NA",100
"1230","6732ab9b8627904cc6a8a524","Drop","Past","muffin","Imply","NA",100
"1231","6732ab9b8627904cc6a8a524","Contact","Present","tomato","Before","NotFocus",0
"1232","6732ab9b8627904cc6a8a524","Contact","Present","tomato","After","NotFocus",100
"1233","6732ab9b8627904cc6a8a524","Contact","Present","tomato","Imply","NotFocus",89
"1234","6732ab9b8627904cc6a8a524","Contact","Past","muffin","Before","NotFocus",0
"1235","6732ab9b8627904cc6a8a524","Contact","Past","muffin","After","NotFocus",100
"1236","6732ab9b8627904cc6a8a524","Contact","Past","muffin","Imply","NotFocus",88
"1237","6732ab9b8627904cc6a8a524","Contact","Present","Blueberry","Before","Focus",0
"1238","6732ab9b8627904cc6a8a524","Contact","Present","Blueberry","After","Focus",70
"1239","6732ab9b8627904cc6a8a524","Contact","Present","Blueberry","Imply","Focus",68
"1240","6732ab9b8627904cc6a8a524","Contact","Past","Blueberry","Before","Focus",0
"1241","6732ab9b8627904cc6a8a524","Contact","Past","Blueberry","After","Focus",76
"1242","6732ab9b8627904cc6a8a524","Contact","Past","Blueberry","Imply","Focus",57
"1243","5d2fb8f7034d7d000164bd18","Drop","Present","tomato","Before","NA",0
"1244","5d2fb8f7034d7d000164bd18","Drop","Present","tomato","After","NA",100
"1245","5d2fb8f7034d7d000164bd18","Drop","Present","tomato","Imply","NA",100
"1246","5d2fb8f7034d7d000164bd18","Drop","Past","tomato","Before","NA",0
"1247","5d2fb8f7034d7d000164bd18","Drop","Past","tomato","After","NA",100
"1248","5d2fb8f7034d7d000164bd18","Drop","Past","tomato","Imply","NA",100
"1249","5d2fb8f7034d7d000164bd18","Contact","Present","muffin","Before","NotFocus",0
"1250","5d2fb8f7034d7d000164bd18","Contact","Present","muffin","After","NotFocus",70
"1251","5d2fb8f7034d7d000164bd18","Contact","Present","muffin","Imply","NotFocus",70
"1252","5d2fb8f7034d7d000164bd18","Contact","Past","tomato","Before","NotFocus",0
"1253","5d2fb8f7034d7d000164bd18","Contact","Past","tomato","After","NotFocus",90
"1254","5d2fb8f7034d7d000164bd18","Contact","Past","tomato","Imply","NotFocus",90
"1255","5d2fb8f7034d7d000164bd18","Contact","Present","tomato","Before","Focus",0
"1256","5d2fb8f7034d7d000164bd18","Contact","Present","tomato","After","Focus",100
"1257","5d2fb8f7034d7d000164bd18","Contact","Present","tomato","Imply","Focus",100
"1258","5d2fb8f7034d7d000164bd18","Contact","Past","tomato","Before","Focus",0
"1259","5d2fb8f7034d7d000164bd18","Contact","Past","tomato","After","Focus",79
"1260","5d2fb8f7034d7d000164bd18","Contact","Past","tomato","Imply","Focus",81
"1261","5eb6f666c792cd6143878d27","Drop","Present","muffin","Before","NA",0
"1262","5eb6f666c792cd6143878d27","Drop","Present","muffin","After","NA",72
"1263","5eb6f666c792cd6143878d27","Drop","Present","muffin","Imply","NA",4
"1264","5eb6f666c792cd6143878d27","Drop","Past","muffin","Before","NA",0
"1265","5eb6f666c792cd6143878d27","Drop","Past","muffin","After","NA",100
"1266","5eb6f666c792cd6143878d27","Drop","Past","muffin","Imply","NA",0
"1267","5eb6f666c792cd6143878d27","Contact","Present","Blueberry","Before","NotFocus",6
"1268","5eb6f666c792cd6143878d27","Contact","Present","Blueberry","After","NotFocus",67
"1269","5eb6f666c792cd6143878d27","Contact","Present","Blueberry","Imply","NotFocus",0
"1270","5eb6f666c792cd6143878d27","Contact","Past","muffin","Before","NotFocus",5
"1271","5eb6f666c792cd6143878d27","Contact","Past","muffin","After","NotFocus",95
"1272","5eb6f666c792cd6143878d27","Contact","Past","muffin","Imply","NotFocus",0
"1273","5eb6f666c792cd6143878d27","Contact","Present","muffin","Before","Focus",3
"1274","5eb6f666c792cd6143878d27","Contact","Present","muffin","After","Focus",65
"1275","5eb6f666c792cd6143878d27","Contact","Present","muffin","Imply","Focus",0
"1276","5eb6f666c792cd6143878d27","Contact","Past","Blueberry","Before","Focus",1
"1277","5eb6f666c792cd6143878d27","Contact","Past","Blueberry","After","Focus",62
"1278","5eb6f666c792cd6143878d27","Contact","Past","Blueberry","Imply","Focus",7
"1279","6754246c81ce61cb6ffe887f","Drop","Present","Blueberry","Before","NA",0
"1280","6754246c81ce61cb6ffe887f","Drop","Present","Blueberry","After","NA",90
"1281","6754246c81ce61cb6ffe887f","Drop","Present","Blueberry","Imply","NA",95
"1282","6754246c81ce61cb6ffe887f","Drop","Past","tomato","Before","NA",5
"1283","6754246c81ce61cb6ffe887f","Drop","Past","tomato","After","NA",100
"1284","6754246c81ce61cb6ffe887f","Drop","Past","tomato","Imply","NA",91
"1285","6754246c81ce61cb6ffe887f","Contact","Present","muffin","Before","NotFocus",0
"1286","6754246c81ce61cb6ffe887f","Contact","Present","muffin","After","NotFocus",90
"1287","6754246c81ce61cb6ffe887f","Contact","Present","muffin","Imply","NotFocus",95
"1288","6754246c81ce61cb6ffe887f","Contact","Past","Blueberry","Before","NotFocus",0
"1289","6754246c81ce61cb6ffe887f","Contact","Past","Blueberry","After","NotFocus",100
"1290","6754246c81ce61cb6ffe887f","Contact","Past","Blueberry","Imply","NotFocus",75
"1291","6754246c81ce61cb6ffe887f","Contact","Present","Blueberry","Before","Focus",0
"1292","6754246c81ce61cb6ffe887f","Contact","Present","Blueberry","After","Focus",100
"1293","6754246c81ce61cb6ffe887f","Contact","Present","Blueberry","Imply","Focus",100
"1294","6754246c81ce61cb6ffe887f","Contact","Past","muffin","Before","Focus",0
"1295","6754246c81ce61cb6ffe887f","Contact","Past","muffin","After","Focus",50
"1296","6754246c81ce61cb6ffe887f","Contact","Past","muffin","Imply","Focus",50
"1297","67d3093eb1f28733176d4f9e","Drop","Present","tomato","Before","NA",0
"1298","67d3093eb1f28733176d4f9e","Drop","Present","tomato","After","NA",100
"1299","67d3093eb1f28733176d4f9e","Drop","Present","tomato","Imply","NA",100
"1300","67d3093eb1f28733176d4f9e","Drop","Past","Blueberry","Before","NA",0
"1301","67d3093eb1f28733176d4f9e","Drop","Past","Blueberry","After","NA",100
"1302","67d3093eb1f28733176d4f9e","Drop","Past","Blueberry","Imply","NA",100
"1303","67d3093eb1f28733176d4f9e","Contact","Present","tomato","Before","NotFocus",0
"1304","67d3093eb1f28733176d4f9e","Contact","Present","tomato","After","NotFocus",100
"1305","67d3093eb1f28733176d4f9e","Contact","Present","tomato","Imply","NotFocus",100
"1306","67d3093eb1f28733176d4f9e","Contact","Past","tomato","Before","NotFocus",0
"1307","67d3093eb1f28733176d4f9e","Contact","Past","tomato","After","NotFocus",100
"1308","67d3093eb1f28733176d4f9e","Contact","Past","tomato","Imply","NotFocus",100
"1309","67d3093eb1f28733176d4f9e","Contact","Present","tomato","Before","Focus",0
"1310","67d3093eb1f28733176d4f9e","Contact","Present","tomato","After","Focus",100
"1311","67d3093eb1f28733176d4f9e","Contact","Present","tomato","Imply","Focus",100
"1312","67d3093eb1f28733176d4f9e","Contact","Past","muffin","Before","Focus",0
"1313","67d3093eb1f28733176d4f9e","Contact","Past","muffin","After","Focus",20
"1314","67d3093eb1f28733176d4f9e","Contact","Past","muffin","Imply","Focus",51
"1315","67d9e6debb6c6afe22d3cb2b","Drop","Present","muffin","Before","NA",0
"1316","67d9e6debb6c6afe22d3cb2b","Drop","Present","muffin","After","NA",70
"1317","67d9e6debb6c6afe22d3cb2b","Drop","Present","muffin","Imply","NA",100
"1318","67d9e6debb6c6afe22d3cb2b","Drop","Past","Blueberry","Before","NA",0
"1319","67d9e6debb6c6afe22d3cb2b","Drop","Past","Blueberry","After","NA",80
"1320","67d9e6debb6c6afe22d3cb2b","Drop","Past","Blueberry","Imply","NA",90
"1321","67d9e6debb6c6afe22d3cb2b","Contact","Present","tomato","Before","NotFocus",0
"1322","67d9e6debb6c6afe22d3cb2b","Contact","Present","tomato","After","NotFocus",0
"1323","67d9e6debb6c6afe22d3cb2b","Contact","Present","tomato","Imply","NotFocus",0
"1324","67d9e6debb6c6afe22d3cb2b","Contact","Past","tomato","Before","NotFocus",0
"1325","67d9e6debb6c6afe22d3cb2b","Contact","Past","tomato","After","NotFocus",0
"1326","67d9e6debb6c6afe22d3cb2b","Contact","Past","tomato","Imply","NotFocus",0
"1327","67d9e6debb6c6afe22d3cb2b","Contact","Present","muffin","Before","Focus",0
"1328","67d9e6debb6c6afe22d3cb2b","Contact","Present","muffin","After","Focus",0
"1329","67d9e6debb6c6afe22d3cb2b","Contact","Present","muffin","Imply","Focus",0
"1330","67d9e6debb6c6afe22d3cb2b","Contact","Past","Blueberry","Before","Focus",0
"1331","67d9e6debb6c6afe22d3cb2b","Contact","Past","Blueberry","After","Focus",0
"1332","67d9e6debb6c6afe22d3cb2b","Contact","Past","Blueberry","Imply","Focus",0
"1333","67a4eb1ba542838834f75ada","Drop","Present","tomato","Before","NA",4
"1334","67a4eb1ba542838834f75ada","Drop","Present","tomato","After","NA",57
"1335","67a4eb1ba542838834f75ada","Drop","Present","tomato","Imply","NA",16
"1336","67a4eb1ba542838834f75ada","Drop","Past","muffin","Before","NA",6
"1337","67a4eb1ba542838834f75ada","Drop","Past","muffin","After","NA",25
"1338","67a4eb1ba542838834f75ada","Drop","Past","muffin","Imply","NA",2
"1339","67a4eb1ba542838834f75ada","Contact","Present","muffin","Before","NotFocus",7
"1340","67a4eb1ba542838834f75ada","Contact","Present","muffin","After","NotFocus",21
"1341","67a4eb1ba542838834f75ada","Contact","Present","muffin","Imply","NotFocus",10
"1342","67a4eb1ba542838834f75ada","Contact","Past","muffin","Before","NotFocus",7
"1343","67a4eb1ba542838834f75ada","Contact","Past","muffin","After","NotFocus",21
"1344","67a4eb1ba542838834f75ada","Contact","Past","muffin","Imply","NotFocus",9
"1345","67a4eb1ba542838834f75ada","Contact","Present","Blueberry","Before","Focus",2
"1346","67a4eb1ba542838834f75ada","Contact","Present","Blueberry","After","Focus",34
"1347","67a4eb1ba542838834f75ada","Contact","Present","Blueberry","Imply","Focus",7
"1348","67a4eb1ba542838834f75ada","Contact","Past","muffin","Before","Focus",18
"1349","67a4eb1ba542838834f75ada","Contact","Past","muffin","After","Focus",13
"1350","67a4eb1ba542838834f75ada","Contact","Past","muffin","Imply","Focus",23
